,test,basis
0,mt-Nd1,MT-ND1
1,mt-Nd2,MT-ND2
2,mt-Co1,MT-CO1
3,mt-Co2,MT-CO2
5,mt-Atp6,MT-ATP6
6,mt-Co3,MT-CO3
7,mt-Nd3,MT-ND3
8,mt-Nd4l,MT-ND4L
9,mt-Nd4,MT-ND4
10,mt-Nd5,MT-ND5
11,mt-Nd6,MT-ND6
12,mt-Cytb,MT-CYB
15,Gm54867,5_8S_rRNA
47,Tmsb4x,TMSB4Y
48,Tbl1x,TBL1Y
54,Pcdh11x,PCDH11Y
249,Ddx3y,DDX3Y
266,Usp9y,USP9Y
310,Kdm5d,KDM5D
574,Tmprss15,TMPRSS15
630,Ighv1-85,IGHV1OR21-1
635,Cldn17,CLDN17
636,Krtap24-1,KRTAP24-1
637,Ncam2,NCAM2
642,Cldn8,CLDN8
643,Morc3,MORC3
655,Chodl,CHODL
669,Cbr1b,CBR1
682,Sim2,SIM2
687,Ripply3,RIPPLY3
691,Rrp1b,RRP1B
693,Agpat3,AGPAT3
719,Pcp4,PCP4
723,Dscam,DSCAM
726,Ripk4,RIPK4
728,Tff2,TFF2
731,Tff1,TFF1
732,Ubash3a,UBASH3A
741,Dnmt3l,DNMT3L
745,Cfap410,CFAP410
793,Krtap10-33,KRTAP10-11
871,Olig1,OLIG1
874,Umodl1,UMODL1
888,Krtap8-1,KRTAP8-1
889,Krtap7-1,KRTAP7-1
890,Krtap11-1,KRTAP11-1
891,Lipi,LIPI
988,Mcm3ap,MCM3AP
998,Mzt1,MZT1
1003,Klhl1,KLHL1
1005,Ttc3,TTC3
1031,Frem2,FREM2
1033,Cby2,CBY2
1037,Pou4f1,POU4F1
1038,Nhlrc3,NHLRC3
1043,Olfm4,OLFM4
1044,Diaph3,DIAPH3
1054,Krtap26-1,KRTAP26-1
1055,Krtap27-1,KRTAP27-1
1057,Krtap13-1,KRTAP13-1
1066,Mir99a,MIR99A
1067,Mirlet7c-1,MIRLET7C
1070,Pcnt,PCNT
1095,Son,SON
1117,Pcdh17,PCDH17
1121,Lrch1,LRCH1
1127,Slitrk6,SLITRK6
1130,Sox1,SOX1
1131,Myo16,MYO16
1137,Nrip1,NRIP1
1144,Rcan1,RCAN1
1158,Irs2,IRS2
1163,Nalf1,NALF1
1164,Grk1,GRK1
1167,Ubl3,UBL3
1168,Grik1,GRIK1
1176,Fam216b,FAM216B
1186,Kcnrg,KCNRG
1188,Mir15a,MIR15A
1189,Fam124a,FAM124A
1193,Zar1l,ZAR1L
1196,Mrps6,MRPS6
1203,Rfxap,RFXAP
1205,Siah3,SIAH3
1206,Slc5a3,SLC5A3
1208,Kcne2,KCNE2
1212,Snora31,SNORA31
1213,Slitrk1,SLITRK1
1216,Kbtbd6,KBTBD6
1217,Kbtbd7,KBTBD7
1219,Cyyr1,CYYR1
1222,Rap2a,RAP2A
1224,Cryaa,CRYAA
1230,Shisa2,SHISA2
1231,Rxfp2,RXFP2
1233,Fry,FRY
1247,Utp14b,UTP14C
1249,Ccdc70,CCDC70
1250,Gpr18,GPR18
1255,Tnfsf13b,TNFSF13B
1261,Atp8a2,ATP8A2
1280,Sacs,SACS
1303,Akain1,AKAIN1
1308,Kctd12,KCTD12
1309,Cln5,CLN5
1330,Hrh4,HRH4
1332,Serpine3,SERPINE3
1337,St8sia3,ST8SIA3
1340,Mettl21c,METTL21C
1341,Slc10a2,SLC10A2
1342,Bod1,BOD1L2
1343,Cdh7,CDH7
1347,Zic2,ZIC2
1352,Zic5,ZIC5
1353,Gsx1,GSX1
1354,Mc4r,MC4R
1355,Pdx1,PDX1
1356,Nbea,NBEA
1414,Cdh20,CDH20
1418,2700062C07Rik,C18orf21
1426,Slc39a6,SLC39A6
1431,Fgf9,FGF9
1434,Galr1,GALR1
1442,Mbp,MBP
1491,Tpte,TPTE2
1502,Tnfsf11,TNFSF11
1504,Alg11,ALG11
1534,Pcdh20,PCDH20
1536,Rnf17,RNF17
1541,Ndfip2,NDFIP2
1575,Mir187,MIR187
1587,Dsg4,DSG4
1592,Atp4b,ATP4B
1593,Dleu7,DLEU7
1599,Slain1,SLAIN1
1617,Gm23301,SNORD58A
1618,Snord58b,SNORD58B
1621,Gm23850,RNU1-46P
1622,Mex3c,MEX3C
1625,Onecut2,ONECUT2
1627,Mir122,MIR122
1630,Ptprm,PTPRM
1645,Kl,KL
1647,Pcdh8,PCDH8
1652,Dach1,DACH1
1662,Nufip1,NUFIP1
1663,Apcdd1,APCDD1
1670,Kctd4,KCTD4
1673,Amer2,AMER2
1679,Bcl2,BCL2
1688,Ccdc169,CCDC169
1701,Cidea,CIDEA
1705,Dsc3,DSC3
1708,Dsc1,DSC1
1710,Acod1,ACOD1
1711,Gpc6,GPC6
1712,Dsg1b,DSG1
1718,Dct,DCT
1724,Psma8,PSMA8
1729,Sox21,SOX21
1731,Hs6st3,HS6ST3
1732,Nfatc1,NFATC1
1750,Tuba3b,TUBA3C
1751,Gpc5,GPC5
1756,C1qtnf9,C1QTNF9B
1760,Brca2,BRCA2
1779,Ing1,ING1
1785,Gtf3a,GTF3A
1794,Lama3,LAMA3
1811,Gm4131,C13orf42
1815,Gm25091,SNORD102
1817,Gnal,GNAL
1827,Mep1b,MEP1B
1831,Loxhd1,LOXHD1
1844,Serpinb13,SERPINB13
1850,Serpinb3a,SERPINB4
1866,Serpinb11,SERPINB11
1875,Dipk1c,DIPK1C
1877,Gm17266,C18orf63
1878,Serpinb12,SERPINB12
1881,Prelid3a,PRELID3A
1890,Rab12,RAB12
1892,Txnl4a,TXNL4A
1904,Rbfa,RBFA
1909,Pard6g,PARD6G
1912,Wdr7,WDR7
1924,Cetn1,CETN1
1925,Lrrc30,LRRC30
1931,Piezo2,PIEZO2
1952,Ccdc178,CCDC178
1965,Mc5r,MC5R
1967,Stard6,STARD6
1973,Mir133a-1,MIR133A1
1974,Mir1a-2,MIR1-2
1976,Grp,GRP
1981,Rax,RAX
1985,Cplx4,CPLX4
1987,Siglec15,SIGLEC15
1994,Asxl3,ASXL3
2024,Fam243,C21orf140
2025,Smim34,SMIM34
2027,Serpinb10,SERPINB10
2028,Slc35g3,SLC35G4
2029,Chmp1b,CHMP1B
2031,Tshz1,TSHZ1
2037,Zfp236,ZNF236
2047,Mir155,MIR155
2048,Get1,GET1
2073,Ptgr3,PTGR3
2078,Dlgap1,DLGAP1
2100,Itsn1,ITSN1
2131,Dcc,DCC
2148,Adra1d,ADRA1D
2153,Insm1,INSM1
2155,Rock1,ROCK1
2162,Btbd3,BTBD3
2177,Ism1,ISM1
2178,Scrt2,SCRT2
2181,Fam83d,FAM83D
2183,Kcnb1,KCNB1
2192,Mc3r,MC3R
2193,Cbln4,CBLN4
2194,Slc25a51,SLC25A52
2196,Rbbp8nl,RBBP8NL
2199,Pmepa1,PMEPA1
2207,Sall4,SALL4
2212,Scp2d1,SCP2D1
2213,Bhlhe23,BHLHE23
2215,Cdh4,CDH4
2218,Ss18l1,SS18L1
2223,Sycp2,SYCP2
2232,Lama5,LAMA5
2251,Mir1a-1,MIR1-1
2253,Rbpjl,RBPJL
2264,Tubb1,TUBB1
2269,Ftcd,FTCD
2284,Fitm2,FITM2
2285,Gtsf1l,GTSF1L
2290,Otor,OTOR
2293,R3hdml,R3HDML
2294,Ncf4,NCF4
2301,Mir124a-3,MIR124-3
2302,Birc7,BIRC7
2305,Nkain4,NKAIN4
2314,Pwp2,PWP2
2324,Chrna4,CHRNA4
2344,Cacna1i,CACNA1I
2349,Mkks,MKKS
2353,Col6a1,COL6A1
2363,Xkr7,XKR7
2364,Plagl2,PLAGL2
2365,Fam83c,FAM83C
2366,Oxt,OXT
2386,Avp,AVP
2390,Foxs1,FOXS1
2392,Ovol2,OVOL2
2397,Hlcs,HLCS
2407,Snord17,SNORD17
2409,Pet117,PET117
2410,Cldn14,CLDN14
2428,Snx21,SNX21
2441,Enthd1,ENTHD1
2443,Abcg1,ABCG1
2458,Lif,LIF
2460,Triobp,TRIOBP
2473,Prokr2,PROKR2
2476,Banf2,BANF2
2481,Top1,TOP1
2487,Prnd,PRND
2488,Rtl6,RTL6
2489,Mafb,MAFB
2490,Pkdrej,PKDREJ
2491,Slpi,SLPI
2493,Shisal1,SHISAL1
2494,Sik1,SIK1
2502,Eppin,EPPIN
2509,Gm55357,SNORD83A
2510,Snord83b,SNORD83B
2524,Runx1,RUNX1
2542,Cryba4,CRYBA4
2544,Tnnc2,TNNC2
2546,Lrrc3,LRRC3
2549,C2cd2,C2CD2
2558,Ntsr1,NTSR1
2560,Mir103-2,MIR103A2
2564,Zcchc3,ZCCHC3
2565,Fam210b,FAM210B
2567,Myo18b,MYO18B
2577,Fam209,FAM209A
2580,Znfx1,ZNFX1
2586,Tff3,TFF3
2590,Il10rb,IL10RB
2603,Gm25878,SNORD12C
2604,Gm23201,SNORD12B
2605,Snord12,SNORD12
2606,Mocs3,MOCS3
2607,Hck,HCK
2666,Rbm11,RBM11
2673,Trpm2,TRPM2
2681,Sox12,SOX12
2682,Pcdh9,PCDH9
2688,Neurl2,NEURL2
2692,Tmem239,TMEM239
2694,Tcf15,TCF15
2695,Spata25,SPATA25
2696,Srms,SRMS
2697,Zfp831,ZNF831
2700,Cbfa2t2,CBFA2T2
2710,Mical3,MICAL3
2730,Actl10,ACTL10
2731,Hspa13,HSPA13
2735,Ltn1,LTN1
2746,Cstl1,CSTL1
2751,Ocstamp,OCSTAMP
2752,Slc13a3,SLC13A3
2763,Ube2g2,UBE2G2
2777,Acr,ACR
2782,Slc12a5,SLC12A5
2807,Celsr1,CELSR1
2820,Trappc10,TRAPPC10
2841,Parvb,PARVB
2851,Amelx,AMELX
2854,Kat14,KAT14
2961,Snu13,SNU13
2995,Tgm3,TGM3
2997,Tgm6,TGM6
3000,Grpr,GRPR
3003,Mir185,MIR185
3007,Mir3618,MIR3618
3008,Mir1306,MIR1306
3009,Gm25187,SNORA71E
3010,Gm25777,SNORA77B
3011,Gm25129,SNORA60
3012,Ccdc188,CCDC188
3014,Slc32a1,SLC32A1
3015,Klhl34,KLHL34
3016,Cnbd2,CNBD2
3023,Rtn4r,RTN4R
3029,Kcnj6,KCNJ6
3034,Cnksr2,CNKSR2
3074,Rrp1,RRP1
3089,Txnrd2,TXNRD2
3110,Taf4,TAF4
3120,Tmem74bos,C20orf202
3123,Mir17,MIR17
3124,Mir18,MIR18A
3125,Mir19a,MIR19A
3126,Mir20a,MIR20A
3127,Mir19b-1,MIR19B1
3128,Adig,ADIG
3137,Fastkd5,FASTKD5
3142,Trp53rka,TP53RK
3147,Cimip1,CIMIP1
3148,Ankrd60,ANKRD60
3149,Sun5,SUN5
3153,Bpifb4,BPIFB4
3159,Atp5po,ATP5PO
3185,Bpifa3,BPIFA3
3189,Bpifb3,BPIFB3
3190,Fgf14,FGF14
3198,Ahcy,AHCY
3210,Klf5,KLF5
3216,Rubcnl,RUBCNL
3248,Gins1,GINS1
3273,Dyrk1a,DYRK1A
3305,Panx2,PANX2
3308,Slc15a1,SLC15A1
3311,Mir33,MIR33A
3312,Hmox1,HMOX1
3319,Spo11,SPO11
3324,Cacng2,CACNG2
3326,Slc5a4a,SLC5A4
3334,Rbm38,RBM38
3341,Defb36,DEFB123
3342,Defb25,DEFB124
3344,Nol4l,NOL4L
3354,Cimip4,CIMIP4
3360,Spata13,SPATA13
3373,Kcns1,KCNS1
3375,Ccdc116,CCDC116
3378,S100g,S100G
3380,Mir130b,MIR301B
3387,Ppil2,PPIL2
3434,Defb19,DEFB119
3438,Itih6,ITIH6
3440,Pax1,PAX1
3444,Wfdc5,WFDC5
3446,Ebf4,EBF4
3453,Cdkl5,CDKL5
3466,Ttll9,TTLL9
3477,U2af1,U2AF1
3499,F10,F10
3509,Ypel1,YPEL1
3513,Sstr4,SSTR4
3514,Thbd,THBD
3515,Emilin3,EMILIN3
3516,Abhd16b,ABHD16B
3518,Samd10,SAMD10
3522,Gm24958,SNORD125
3523,Nefh,NEFH
3524,Gpr183,GPR183
3526,Sel1l2,SEL1L2
3538,Flt3,FLT3
3542,Sec14l2,SEC14L2
3559,Macrod2,MACROD2
3576,Tsc22d1,TSC22D1
3591,Akap4,AKAP4
3597,Oxgr1,OXGR1
3604,Pigp,PIGP
3620,Jade3,JADE3
3624,L3mbtl1,L3MBTL1
3657,Stoml3,STOML3
3660,Gpr12,GPR12
3663,Ggact,GGACT
3673,Foxr2,FOXR2
3674,Mageh1,MAGEH1
3675,Cpb2,CPB2
3699,N6amt1,HEMK2
3704,Tssk2,TSSK2
3705,Gsc2,GSC2
3706,Fgf16,FGF16
3707,Rsph14,RSPH14
3715,Pabpc5,PABPC5
3717,Tiam1,TIAM1
3736,Pabpc1l2a,PABPC1L2A
3741,Eif3l,EIF3L
3756,Brwd3,BRWD3
3761,Nanp,NANP
3762,Dnajc15,DNAJC15
3766,Serp2,SERP2
3771,Gm25139,RNU105B
3774,Eda,EDA
3787,Klf12,KLF12
3795,Plcb1,PLCB1
3827,Cryl1,CRYL1
3846,Magee1,MAGEE1
3847,Rgcc,RGCC
3857,Tcf20,TCF20
3871,F7,F7
3899,Syce3,SYCE3
3901,Magee2,MAGEE2
3902,Xk,XK
3903,Arhgap6,ARHGAP6
3912,Tmem191,TMEM191C
3926,H1f0,H1-0
3927,Cldn5,CLDN5
3942,Rimbp3,RIMBP3C
3943,D16Ertd472e,C21orf91
3951,Ppm1f,PPM1F
3961,Lmo7,LMO7
4003,Cbr3,CBR3
4005,Cfap298,CFAP298
4024,Pou3f4,POU3F4
4034,Tshz2,TSHZ2
4039,Zfp217,ZNF217
4045,Spin4,SPIN4
4046,Shisa8,SHISA8
4048,Dcaf12l2,DCAF12L2
4050,Otud6a,OTUD6A
4052,Ptprt,PTPRT
4062,Crybb3,CRYBB3
4064,Selenoo,SELENOO
4066,Smim11,SMIM11
4087,Ttc28,TTC28
4095,Brs3,BRS3
4096,Pank2,PANK2
4108,Asb12,ASB12
4109,Gstt4,GSTT4
4113,Amer1,AMER1
4114,Prdm15,PRDM15
4129,Bpifc,BPIFC
4133,Adm2,ADM2
4135,Cmc4,CMC4
4137,Mirlet7c-2,MIRLET7A3
4143,Ldoc1,LDOC1
4153,Tmem121b,TMEM121B
4155,Gpr50,GPR50
4160,Ppp1r3d,PPP1R3D
4161,Kcnk15,KCNK15
4174,Rims4,RIMS4
4178,Lrrc74b,LRRC74B
4182,Pdyn,PDYN
4196,Zfp280b,ZNF280B
4199,F8,F8
4206,Cenpb,CENPB
4214,Prr32,PRR32
4215,Aff2,AFF2
4222,Bmp7,BMP7
4231,Slc35e4,SLC35E4
4234,Mchr1,MCHR1
4238,Tug1,TUG1
4258,Efcab8,EFCAB8
4262,Glud1,GLUD2
4263,Ddx17,DDX17
4273,Sod1,SOD1
4287,Adgrg4,ADGRG4
4290,Tmc2,TMC2
4293,Rab39b,RAB39B
4294,Snord110,SNORD110
4295,Gm23187,SNORD86
4296,Gm23650,SNORD56
4297,Snord57,SNORD57
4298,Nap1l3,NAP1L3
4300,Cebpb,CEBPB
4303,Alox5ap,ALOX5AP
4308,Rwdd2b,RWDD2B
4316,Lgals2,LGALS2
4318,Ccna1,CCNA1
4327,Ttll8,TTLL8
4331,Mir532,MIR532
4332,Mir188,MIR188
4333,Mir501,MIR501
4334,Mir500,MIR502
4336,Hunk,HUNK
4341,Mir223,MIR223
4344,Mrtfa,MRTFA
4363,Mir361,MIR361
4366,Sumo3,SUMO3
4378,Gm25107,SNORA35B
4387,Uspl1,USPL1
4398,Mir509,MIR514A1
4409,Zbtb21,ZBTB21
4419,Cxcr3,CXCR3
4421,Skor2,SKOR2
4425,H2ab3,H2AB3
4426,Opn1mw,OPN1LW
4429,Rsph1,RSPH1
4438,Ckap2,CKAP2
4451,Ubl4a,UBL4A
4459,Pde9a,PDE9A
4506,Dsg3,DSG3
4508,Tbx1,TBX1
4516,Slc25a15,SLC25A15
4522,Msl3,MSL3
4572,Colec12,COLEC12
4577,Ebpl,EBPL
4586,Pitpnb,PITPNB
4596,Dsg2,DSG2
4635,Sap18,SAP18
4644,Dock9,DOCK9
4670,Mn1,MN1
4674,Gstt2,GSTT2
4676,Iglv3,IGLV4-3
4689,Serpinb8,SERPINB8
4700,Iglc2,IGLC1
4705,Iglc4,IGLC2
4707,Iglc1,IGLC3
4715,Ttr,TTR
4727,Dsc2,DSC2
4755,Cldn10,CLDN10
4775,Eef1akmt1,EEF1AKMT1
4781,Proz,PROZ
4798,Vpreb3,VPREB3
4800,Ribc2,RIBC2
4804,Pdxp,PDXP
4806,Selenom,SELENOM
4815,Col4a2,COL4A2
4845,Tlr7,TLR7
4847,Septin3,SEPTIN3
4868,F8a,F8A3
4869,Pabpc1l2b,PABPC1L2B
4924,Rab20,RAB20
4926,Cul4a,CUL4A
4939,Syn3,SYN3
4954,Nalf2,NALF2
4957,Atxn10,ATXN10
5046,Wnt7b,WNT7B
5051,Piga,PIGA
5070,Pias2,PIAS2
5089,Mov10l1,MOV10L1
5104,Flt1,FLT1
5118,Sox3,SOX3
5120,Serpinb5,SERPINB5
5127,Gm55359,MIURF
5128,Gm614,CXorf65
5132,Fam83f,FAM83F
5135,Nol4,NOL4
5150,Shank3,SHANK3
5161,Mir98,MIR98
5162,Mirlet7f-2,MIRLET7F2
5164,Nexmif,NEXMIF
5167,Dusp21,DUSP21
5168,Prr5,PRR5
5184,Prps1,PRPS1
5209,Setbp1,SETBP1
5218,Gpr101,GPR101
5219,Cacna1f,CACNA1F
5225,Fbxo15,FBXO15
5242,Atp7b,ATP7B
5274,Kctd1,KCTD1
5286,Dnajb7,DNAJB7
5289,Dok6,DOK6
5297,Vpreb1b,VPREB1
5299,Lhfpl7,LHFPL7
5301,Ttll12,TTLL12
5305,Serpinb7,SERPINB7
5314,Inpp5j,INPP5J
5326,Zfp521,ZNF521
5342,Ubqln2,UBQLN2
5343,Atrx,ATRX
5368,Sec11c,SEC11C
5440,Hsbp1l1,HSBP1L1
5447,Zfyve19,ZFYVE19
5463,Aqp4,AQP4
5474,Sgcz,SGCZ
5476,Stc1,STC1
5478,Unc5d,UNC5D
5485,Myo5b,MYO5B
5498,Gm14137,C15orf62
5499,Gabrg3,GABRG3
5507,Prtg,PRTG
5513,Cct8l1,CCT8L2
5514,Vsig1,VSIG1
5519,Tnmd,TNMD
5521,Shc4,SHC4
5527,Dpysl2,DPYSL2
5536,Arhgap36,ARHGAP36
5542,AW554918,KIAA1328
5555,Nxf7,NXF2
5559,Frmd5,FRMD5
5571,Atp12a,ATP12A
5575,Mrpl57,MRPL57
5581,Ints6,INTS6
5602,Slc25a37,SLC25A37
5614,Pcyt1b,PCYT1B
5618,Rnf125,RNF125
5626,Mboat4,MBOAT4
5627,Nptxr,NPTXR
5629,Dock5,DOCK5
5641,Arx,ARX
5646,Mtcl1,MTCL1
5667,Washc1,WASH6P
5682,Ldhal6b,LDHAL6B
5683,Herc1,HERC1
5698,Lpin2,LPIN2
5720,Leprotl1,LEPROTL1
5742,Tex11,TEX11
5746,Gtf2f2,GTF2F2
5757,Adra1a,ADRA1A
5768,Skor1,SKOR1
5772,Nkx3-1,NKX3-1
5774,Nudt15,NUDT15
5778,Klhl14,KLHL14
5784,Pan3,PAN3
5789,Foxb1,FOXB1
5792,Tpgs2,TPGS2
5817,Gchfr,GCHFR
5823,Kif13b,KIF13B
5829,Bcorl1,BCORL1
5834,Tex30,TEX30
5853,Rec114,REC114
5855,Irs4,IRS4
5857,Tbc1d21,TBC1D21
5861,Pofut2,POFUT2
5886,Sash3,SASH3
5888,Fem1b,FEM1B
5892,Dclk1,DCLK1
5904,Hcn4,HCN4
5906,Srpx2,SRPX2
5917,Cplx3,CPLX3
5926,R3hcc1,R3HCC1
5940,Fbxl3,FBXL3
5955,Mir505,MIR505
5957,Ccbe1,CCBE1
5965,Mir652,MIR652
5967,Sowahd,SOWAHD
5969,Rnf113a1,RNF113A
5972,Obi1,OBI1
5975,Gspt2,GSPT2
5976,Neto1,NETO1
5987,Hykk,HYKK
5994,Cnmd,CNMD
6055,Cstb,CSTB
6061,Mageb18,MAGEB18
6070,Zfhx4,ZFHX4
6084,Gatd3a,GATD3
6100,Larp6,LARP6
6106,Rnmt,RNMT
6121,Rora,RORA
6135,Hnf4g,HNF4G
6141,Dgkh,DGKH
6152,Smim10l2a,SMIM10L2A
6157,Brwd1,BRWD1
6175,Mmp16,MMP16
6180,Gucy2f,GUCY2F
6181,Kcne5,KCNE5
6187,Eid1,EID1
6190,Slc25a14,SLC25A14
6205,Rttn,RTTN
6232,Dcaf4,DCAF4L2
6233,Igf1r,IGF1R
6250,Slc7a13,SLC7A13
6253,Car13,CA13
6258,Fsbp,FSBP
6260,Mcf2l,MCF2L
6297,Ralyl,RALYL
6308,Cep152,CEP152
6318,Kcnv1,KCNV1
6320,Gpr119,GPR119
6322,Chrnb3,CHRNB3
6327,Phex,PHEX
6338,Tspyl5,TSPYL5
6339,Trdc,TRDC
6340,Kcns2,KCNS2
6342,Pdxk,PDXK
6367,Trdv5,TRDV3
6368,Snai2,SNAI2
6371,Six6,SIX6
6374,Six4,SIX4
6377,Fbxo43,FBXO43
6400,Gm25064,RNU6-1
6410,Ncald,NCALD
6440,Pcnx1,PCNX1
6455,Frmpd3,FRMPD3
6463,Tyms,TYMS
6471,Strc,STRC
6484,Tmem35a,TMEM35A
6486,Sat1,SAT1
6495,Spaca5,SPACA5B
6496,Stard8,STARD8
6501,Odf1,ODF1
6503,Cyb5a,CYB5A
6528,B3galt5,B3GALT5
6555,Bhlhe22,BHLHE22
6556,Gphb5,GPHB5
6562,Actrt1,ACTRT1
6571,Ccdc177,CCDC177
6578,Kcnh5,KCNH5
6592,Pkhd1l1,PKHD1L1
6596,Ttc39c,TTC39C
6613,Amot,AMOT
6618,Usp25,USP25
6641,Ska3,SKA3
6656,Ell3,ELL3
6664,Sptssa,SPTSSA
6691,Slc35f4,SLC35F4
6699,Gm4984,MPC1L
6711,Gm22953,MIR1282
6712,Pds5b,PDS5B
6737,Ly6d,LY6D
6741,Clec14a,CLEC14A
6742,Tg,TG
6762,Ska1,SKA1
6770,Nkx2-4,NKX2-4
6771,Rgs6,RGS6
6791,Nkx2-2,NKX2-2
6792,4930503L19Rik,C18orf54
6815,Rcl1,RCL1
6824,Snx33,SNX33
6826,Catsper2,CATSPER2
6840,Snai1,SNAI1
6841,Pnma3,PNMA3
6844,F9,F9
6848,Brd10,BRD10
6854,Haus1,HAUS1
6880,Dmrta1,DMRTA1
6881,Lurap1l,LURAP1L
6885,Mir9-3,MIR9-3
6950,Pax5,PAX5
6968,Cd93,CD93
6973,Slc12a6,SLC12A6
6994,Lypd2,LYPD2
6995,Frmd7,FRMD7
6999,Slurp1,SLURP1
7000,Proser1,PROSER1
7015,Csmd3,CSMD3
7025,Rbbp8,RBBP8
7048,Cdk8,CDK8
7069,Ndufv3,NDUFV3
7076,Gabrq,GABRQ
7081,Kcne1,KCNE1
7102,Nhs,NHS
7111,Mir450b,MIR450B
7112,Mir450-1,MIR450A1
7113,Mir450-2,MIR450A2
7114,Mir542,MIR542
7115,Mir322,MIR424
7116,Vps26c,VPS26C
7145,Fam120c,FAM120C
7149,Tmem185a,TMEM185A
7159,Dach2,DACH2
7166,Ccdc85c,CCDC85C
7173,Sntb1,SNTB1
7179,Atxn3,ATXN3L
7180,Impa2,IMPA2
7194,Arhgef7,ARHGEF7
7216,Brcc3,BRCC3
7230,Dop1b,DOP1B
7240,Has2,HAS2
7250,Cnga2,CNGA2
7251,Mir124a-2,MIR124-2
7252,B4galt6,B4GALT6
7261,Ighv7-4,IGHV3-15
7267,Clba1,CLBA1
7276,Gm24523,SNORA72
7277,Chic1,CHIC1
7283,Slc28a3,SLC28A3
7287,Npbwr1,NPBWR1
7289,Gm715,HAPSTR2
7333,Ighv1-18,IGHV1-24
7391,Ccn4,CCN4
7396,Trappc8,TRAPPC8
7415,Ighv8-8,IGHV2-26
7482,Tyrp1,TYRP1
7489,Rpl10l,RPL10L
7490,Sertm2,SERTM2
7496,Pi15,PI15
7499,Gm23296,RNU6-8
7503,Gm24859,RNU6-7
7505,Atp7a,ATP7A
7562,Gna14,GNA14
7567,Tspear,TSPEAR
7573,Scrt1,SCRT1
7574,Slc39a4,SLC39A4
7583,Grin3a,GRIN3A
7585,Slx9,SLX9
7600,Psmb11,PSMB11
7601,Thtpa,THTPA
7614,Barx1,BARX1
7616,Gm24016,SNORD54
7617,Mos,MOS
7618,Gm26003,SNORA71A
7620,Gm23925,SNORA71
7633,Cxadr,CXADR
7655,Ndrg1,NDRG1
7716,Vps13a,VPS13A
7729,Sall3,SALL3
7735,Or4l15,OR4L1
7737,Tgif1,TGIF1
7764,Or11h6,OR11H6
7765,Or11h7,OR11H7
7767,Mrps31,MRPS31
7779,Klhl33,KLHL33
7782,Rs1,RS1
7788,Glod5,GLOD5
7792,Eras,ERAS
7794,Or6s1,OR6S1
7798,Prmt2,PRMT2
7867,Eddm3b,EDDM3B
7868,Armcx4,ARMCX4
7885,Stard13,STARD13
7895,Slc39a2,SLC39A2
7898,Frmpd4,FRMPD4
7910,Tppp2,TPPP2
7925,Rnase13,RNASE13
7926,Ice1,ICE1
7931,Or5au1,OR5AU1
7935,Timm21,TIMM21
7955,Marchf11,MARCHF11
7958,Adarb2,ADARB2
7965,Snora28,SNORA28
7966,Hs6st2,HS6ST2
7972,Tmem179,TMEM179
7995,Dgat2l6,DGAT2L6
7996,Myo10,MYO10
8008,Ndc80,NDC80
8016,Awat1,AWAT1
8018,Acbd7,ACBD7
8021,P2ry4,P2RY4
8022,Arr3,ARR3
8026,Cubn,CUBN
8034,Cpap,CPAP
8052,Mir770,MIR770
8053,Mir337,MIR337
8054,Mir665,MIR665
8055,Mir431,MIR431
8056,Mir433,MIR433
8057,Mir127,MIR127
8058,Mir370,MIR370
8061,AF357425,SNORD113-6
8063,Gm55110,SNORD113-9
8070,Gm22981,SNORD114-3
8090,Gm25854,SNORD114-21
8106,Mir299a,MIR299
8107,Mir323,MIR323A
8108,Mir494,MIR494
8109,Trpc5,TRPC5
8110,Mir381,MIR381
8112,Mir382,MIR382
8113,Mir134,MIR134
8114,Mir668,MIR668
8115,Mir154,MIR154
8116,Mir496a,MIR496
8117,Mir377,MIR377
8118,Mir541,MIR541
8119,Mir409,MIR409
8121,Mir412,MIR412
8122,Mir410,MIR410
8129,Rtl9,RTL9
8132,Adnp2,ADNP2
8141,Armc3,ARMC3
8154,Vps4b,VPS4B
8167,Mir147,MIR147B
8169,Bloc1s6,BLOC1S6
8190,Il2rg,IL2RG
8198,Vsx1,VSX1
8205,Tssk4,TSSK4
8213,Ammecr1,AMMECR1
8237,Nop9,NOP9
8245,Sh2d1a,SH2D1A
8261,Dlgap2,DLGAP2
8279,Snora35,SNORA35
8280,Usp50,USP50
8291,Ptpn2,PTPN2
8316,Helz2,HELZ2
8322,Mir448,MIR448
8323,Ltb4r2,LTB4R2
8328,Tlr8,TLR8
8385,Malrd1,MALRD1
8392,Lmx1b,LMX1B
8395,Mroh8,MROH8
8401,Trpm7,TRPM7
8411,Fer1l6,FER1L6
8412,Fbxl7,FBXL7
8415,St8sia6,ST8SIA6
8420,Nfatc4,NFATC4
8453,Gdf2,GDF2
8457,Eppk1,EPPK1
8459,Spatc1,SPATC1
8463,Ptf1a,PTF1A
8546,Gas1,GAS1
8547,Cdh9,CDH9
8552,Enkur,ENKUR
8557,Grtp1,GRTP1
8570,Phyhipl,PHYHIPL
8574,Adamts12,ADAMTS12
8580,Hgh1,HGH1
8587,Col27a1,COL27A1
8595,Tcp11x2,TCP11X1
8600,Rbp3,RBP3
8607,Vcpip1,VCPIP1
8608,Gata1,GATA1
8614,Jcad,JCAD
8617,Polr1d,POLR1D
8644,Cfap161,CFAP161
8647,Dkk1,DKK1
8651,Snord87,SNORD87
8652,Trhr,TRHR
8654,Trpc5os,TRPC5OS
8657,Eny2,ENY2
8675,Chrm5,CHRM5
8678,Ier3ip1,IER3IP1
8683,Rab3c,RAB3C
8687,Pomp,POMP
8702,Mcf2,MCF2
8712,Dsel,DSEL
8715,Minpp1,MINPP1
8719,Tubb6,TUBB6
8735,Itga1,ITGA1
8743,Grid1,GRID1
8746,Ipo5,IPO5
8779,Kcnk9,KCNK9
8791,Isca1,ISCA1
8799,Tgm7,TGM7
8801,Rxra,RXRA
8806,Htra4,HTRA4
8807,Cyp26c1,CYP26C1
8809,Lcmt2,LCMT2
8812,Dkk4,DKK4
8813,Fbxl22,FBXL22
8817,Exoc6,EXOC6
8826,Pex11a,PEX11A
8831,Trmt12,TRMT12
8838,Vcan,VCAN
8850,Camsap1,CAMSAP1
8860,Nkain3,NKAIN3
8872,Arhgap28,ARHGAP28
8889,Iqank1,IQANK1
8894,Fgf17,FGF17
8898,Bmp1,BMP1
8916,Sptbn5,SPTBN5
8918,Bicc1,BICC1
8921,Ptges,PTGES
8923,Pappa,PAPPA
8926,Dntt,DNTT
8936,Mesp2,MESP2
8941,Ino80c,INO80C
8969,Mir455,MIR455
8971,Mir181b-2,MIR181B2
8972,Cstf2t,CSTF2T
8973,Snora65,SNORA65
8974,Cfap157,CFAP157
8980,Zc3h13,ZC3H13
9008,Zswim6,ZSWIM6
9038,Cdk9,CDK9
9043,Lyzl1,LYZL1
9046,Epg5,EPG5
9067,Tex28,TEX28
9074,Bcl2a1b,BCL2A1
9083,Nipbl,NIPBL
9092,Nr0b1,NR0B1
9094,Cyp26a1,CYP26A1
9100,Rasl12,RASL12
9103,Ccin,CCIN
9105,Naif1,NAIF1
9109,Cfap58,CFAP58
9111,Pdcd7,PDCD7
9114,Bbln,BBLN
9137,Mir219a-2,MIR219A2
9138,Magel2,MAGEL2
9139,Tmem26,TMEM26
9144,Mro,MRO
9163,Ndn,NDN
9170,Gm25394,SNORA84
9172,Hmx3,HMX3
9173,Qng1,QNG1
9176,Btbd16,BTBD16
9179,Kbtbd13,KBTBD13
9181,Mir7-1,MIR7-1
9182,Ccdc107,CCDC107
9188,Pcsk6,PCSK6
9219,Nkx1-2,NKX1-2
9220,Msmp,MSMP
9226,Wdr11,WDR11
9243,Hrct1,HRCT1
9244,Tmtc4,TMTC4
9268,Mllt3,MLLT3
9277,Cd180,CD180
9279,Rgs7bp,RGS7BP
9282,Nedd4l,NEDD4L
9345,Ccno,CCNO
9347,Mir491,MIR491
9348,Mrpl41,MRPL41
9349,Msx1,MSX1
9353,Snord8,SNORD8
9354,Rab2b,RAB2B
9360,Dmrt1,DMRT1
9363,Zc4h2,ZC4H2
9372,Hmx1,HMX1
9374,Cngb3,CNGB3
9380,Foxi2,FOXI2
9381,Gpr26,GPR26
9382,Spmip10,SPMIP10
9385,Dmd,DMD
9476,Slc24a4,SLC24A4
9486,Foxq1,FOXQ1
9487,Adgrv1,ADGRV1
9524,Gfod1,GFOD1
9530,Mrpl50,MRPL50
9531,Ppp3r2,PPP3R2
9533,Nrg3,NRG3
9542,Rbm24,RBM24
9554,Oxr1,OXR1
9573,Tmc1,TMC1
9590,Gabrb1,GABRB1
9595,Gpr158,GPR158
9599,Foxf2,FOXF2
9600,Sox4,SOX4
9601,Emx2,EMX2
9605,Kif13a,KIF13A
9618,Tomm20l,TOMM20L
9631,Cox7b2,COX7B2
9636,2700049A03Rik,KIAA0586
9663,Mir346,MIR346
9666,Tmem252,TMEM252
9670,Garnl3,GARNL3
9692,Mir146b,MIR146B
9693,Naa16,NAA16
9705,2310034G01Rik,C10orf95
9707,Gm23946,SNORA74C-2
9708,Fam246a,FAM246B
9709,Gk2,GK2
9710,Gm56102,MIR628
9711,Plpp4,PLPP4
9714,Rasgrf1,RASGRF1
9723,Ppp2r2c,PPP2R2C
9732,Skida1,SKIDA1
9737,Nps,NPS
9738,Prkg1,PRKG1
9748,Megf10,MEGF10
9758,Champ1,CHAMP1
9769,Rfc3,RFC3
9775,Slit1,SLIT1
9782,Adamts1,ADAMTS1
9793,Tacr3,TACR3
9794,Tmem210,TMEM210
9798,Bank1,BANK1
9806,Tmem203,TMEM203
9807,Slc34a3,SLC34A3
9812,Klhdc7b,KLHDC7B
9814,Or4f7,OR4F21
9815,Nkx2-6,NKX2-6
9816,Tdrp,TDRP
9819,Lrp12,LRP12
9826,Mkrn3,MKRN3
9838,Cimip2a,CIMIP2A
9841,Mycbp2,MYCBP2
9871,Pygo1,PYGO1
9874,Nelfb,NELFB
9875,Onecut3,ONECUT3
9876,Mafa,MAFA
9878,S1pr4,S1PR4
9880,Gnb5,GNB5
9892,Mroh6,MROH6
9904,Nrarp,NRARP
9905,Gna15,GNA15
9908,Actl7b,ACTL7B
9909,Actl7a,ACTL7A
9910,Mir32,MIR32
9925,Qrfp,QRFP
9927,Prdm12,PRDM12
9929,Tigd5,TIGD5
9930,Gna11,GNA11
9937,Csf2,CSF2
9938,Ier5l,IER5L
9939,Tmem67,TMEM67
9986,Exosc8,EXOSC8
10028,Egflam,EGFLAM
10044,Slc31a2,SLC31A2
10047,Tektl1,TEKTL1
10048,Calml3,CALML3
10049,Or7c70,OR7C2
10050,Lingo1,LINGO1
10064,Snord90,SNORD90
10077,Cyp4f16,CYP4F8
10113,Pde6c,PDE6C
10115,Hmgn1,HMGN1
10146,Sox10,SOX10
10156,Mir126a,MIR126
10166,Lgi1,LGI1
10197,Acan,ACAN
10205,Crybb2,CRYBB2
10208,Zfp872,ZNF627
10214,Arhgef38,ARHGEF38
10221,2510002D24Rik,C22orf39
10225,Casp14,CASP14
10227,Cxcl5,CXCL6
10230,Ranbp1,RANBP1
10244,Slitrk5,SLITRK5
10248,Tram1l1,TRAM1L1
10249,Tal2,TAL2
10250,Ufm1,UFM1
10260,Epb41l4a,EPB41L4A
10273,Frmpd1,FRMPD1
10276,Hspa14,HSPA14
10279,Synpo2,SYNPO2
10286,Rab36,RAB36
10292,Cage1,CAGE1
10303,Cers3,CERS3
10312,Parp4,PARP4
10321,Arrdc3,ARRDC3
10328,Gm22192,SNORD62A
10335,Mir23b,MIR23B
10336,Mir27b,MIR27B
10337,Mir24-1,MIR3074
10339,Rpe,RPEL1
10340,Pip5kl1,PIP5KL1
10352,Ndst4,NDST4
10356,Klhl26,KLHL26
10362,Il9,IL9
10363,Fam25a,FAM25C
10364,Il2rb,IL2RB
10392,Lipf,LIPF
10398,Prr16,PRR16
10403,Vps13b,VPS13B
10427,Pdha2,PDHA2
10428,Lect2,LECT2
10436,Slc7a11,SLC7A11
10438,Map1b,MAP1B
10444,Tnfsf15,TNFSF15
10446,Daam1,DAAM1
10459,Upb1,UPB1
10481,Cer1,CER1
10482,Ap3b2,AP3B2
10524,Lipm,LIPM
10526,Foxc1,FOXC1
10527,Lipn,LIPN
10529,Nhlrc1,NHLRC1
10530,Gm22888,SNORD121B
10531,Gm24837,SNORD121A
10536,Mir204,MIR204
10537,Pgk2,PGK2
10538,Or13f5,OR13F1
10539,Slc10a6,SLC10A6
10541,Or13c25,OR13C8
10542,Hspa12a,HSPA12A
10572,Pkhd1,PKHD1
10574,Pfkl,PFKL
10621,Abca1,ABCA1
10626,Arhgap24,ARHGAP24
10638,Ankrd55,ANKRD55
10644,Gsc,GSC
10645,Pdcd2l,PDCD2L
10650,Trav1,TRAV1-1
10651,Or10g1,OR10G2
10654,Trav2,TRAV4
10657,Trav3-1,TRAV5
10660,Tshr,TSHR
10672,Pggt1b,PGGT1B
10677,Synpo2l,SYNPO2L
10680,Irgc,IRGC
10682,Fut11,FUT11
10686,Pcdh10,PCDH10
10689,Chchd1,CHCHD1
10691,Meikin,MEIKIN
10696,Zswim8,ZSWIM8
10719,Lrrtm2,LRRTM2
10723,Uba2,UBA2
10734,Ercc6l,ERCC6L
10736,Minar2,MINAR2
10737,Slc7a1,SLC7A1
10748,Sec14l3,SEC14L3
10756,Stk32a,STK32A
10766,Rnf150,RNF150
10772,Lgsn,LGSN
10776,Sdhaf4,SDHAF4
10779,Pou3f2,POU3F2
10781,Batf,BATF
10784,Rbm46,RBM46
10788,Glyatl3,GLYATL3
10790,Lsm11,LSM11
10791,Ext1,EXT1
10796,Cd109,CD109
10801,Rdh12,RDH12
10805,Efcab9,EFCAB9
10806,Grap2,GRAP2
10832,Gpr21,GPR21
10833,Frrs1l,FRRS1L
10839,Nkx2-9,NKX2-8
10848,Pax9,PAX9
10855,Glra3,GLRA3
10859,Cabp5,CABP5
10869,Stk24,STK24
10881,Krtdap,KRTDAP
10888,Atp6v1d,ATP6V1D
10904,Saxo1,SAXO1
10921,Slc30a8,SLC30A8
10930,Tspyl4,TSPYL4
10931,Rraga,RRAGA
10932,Xkrx,XKRX
10934,Gfral,GFRAL
10941,Hormad2,HORMAD2
10961,Ptchd3,PTCHD3
10962,Ccl19,CCL19
10965,Mir504,MIR504
10966,Glra2,GLRA2
10970,Tfap2b,TFAP2B
10979,Hps6,HPS6
10980,Cel,CEL
10981,Ldb1,LDB1
10985,Rtl5,RTL5
10987,Col19a1,COL19A1
10992,Gpm6b,GPM6B
11095,Klk1b8,KLK2
11325,Ing2,ING2
11327,Pnpla3,PNPLA3
11337,Tnfaip8,TNFAIP8
11344,Abo,ABO
11351,Rwdd4a,RWDD4
11359,Dcstamp,DCSTAMP
11367,Elovl3,ELOVL3
11368,Kctd16,KCTD16
11371,Ido1,IDO1
11380,Macroh2a2,MACROH2A2
11413,Tst,TST
11433,Ighv1-72,IGHV1-45
11485,Arhgap26,ARHGAP26
11508,Elovl4,ELOVL4
11567,Gm23969,SNORD24
11568,Gm22879,SNORD36B
11572,Ighv7-3,IGHV3-49
11573,Gm24134,SNORD36A
11574,Akap11,AKAP11
11581,Tll1,TLL1
11587,Stkld1,STKLD1
11599,Cyth4,CYTH4
11672,Fam184a,FAM184A
11687,Cma1,CMA1
11689,Taf1,TAF1L
11690,Foxd4,FOXD4
11691,Npffr1,NPFFR1
11692,Kcnv2,KCNV2
11693,Nrxn3,NRXN3
11712,Epc1,EPC1
11722,Zmym2,ZMYM2
11750,Oc90,OC90
11751,Dolk,DOLK
11754,Lrrc26,LRRC26
11755,Brsk1,BRSK1
11763,Gpsm1,GPSM1
11769,Aard,AARD
11771,Hhla1,HHLA1
11775,Lrrc24,LRRC24
11777,D430019H16Rik,C14orf132
11781,C030006K11Rik,C8orf82
11786,Adam29,ADAM29
11800,Sall2,SALL2
11807,Msantd7,MSANTD7
11810,Csmd1,CSMD1
11828,Rac2,RAC2
11846,Try4,PRSS3
11899,Rpgrip1,RPGRIP1
11912,Ftmt,FTMT
11913,Mxi1,MXI1
11953,Spata4,SPATA4
11956,Dnajb5,DNAJB5
11968,Nkx2-5,NKX2-5
11976,Spcs3,SPCS3
11984,Triml1,TRIML1
11987,Dkkl1,DKKL1
11994,Kif4-ps,KIF4B
11995,Chsy3,CHSY3
11997,Dchs2,DCHS2
12005,Bpifb6,BPIFB6
12008,Or1j1,OR1J1
12009,Sowaha,SOWAHA
12010,Or1j4,OR1J4
12012,Or1q1,OR1Q1
12013,Mmp11,MMP11
12031,Glis3,GLIS3
12055,Cpeb4,CPEB4
12068,Gfra4,GFRA4
12072,Mir374b,MIR374B
12074,Zcchc13,ZCCHC13
12075,Eid2b,EID2B
12080,Eid2,EID2
12081,Atp11c,ATP11C
12090,Pnma8b,PNMA8B
12092,Dact3,DACT3
12095,Hpgd,HPGD
12109,Lin28b,LIN28B
12112,Crb3,CRB3
12116,Fabp7,FABP7
12118,Sf3a1,SF3A1
12131,Tinag,TINAG
12141,Cst8,CST8
12145,Fbp2,FBP2
12146,Irf2bp1,IRF2BP1
12147,Nanos2,NANOS2
12148,Pglyrp1,PGLYRP1
12149,Fcf1,FCF1
12157,Tbx18,TBX18
12164,Shoc1,SHOC1
12177,Rsph6a,RSPH6A
12180,Fam83b,FAM83B
12185,Tktl2,TKTL2
12186,Gm54927,SCARNA15
12187,Nwd2,NWD2
12188,Atg14,ATG14
12190,Ndufa6,NDUFA6
12197,Chchd10,CHCHD10
12208,Npy2r,NPY2R
12211,Agbl1,AGBL1
12217,4930444P10Rik,C8orf89
12220,Zfyve26,ZFYVE26
12236,Slc5a1,SLC5A1
12242,Taf2,TAF2
12285,Fbxl12,FBXL12
12304,Tmem174,TMEM174
12310,Snord123,SNORD123
12314,Gm25802,SNORD81
12315,Zfp189,ZNF189
12327,Snora24,SNORA24
12335,Snord23,SNORD23
12336,Hectd2,HECTD2
12351,Gnb1l,GNB1L
12360,Terb2,TERB2
12364,Or2k2,OR2K2
12368,Tusc1,TUSC1
12369,Iqsec2,IQSEC2
12411,Exd1,EXD1
12416,Rasl11b,RASL11B
12420,Klf9,KLF9
12424,Mir378a,MIR378A
12426,Adad1,ADAD1
12436,Mir340,MIR340
12437,Pfn3,PFN3
12443,Lrrc14b,LRRC14B
12450,Ifna9,IFNA21
12463,Duox2,DUOX2
12468,Slc9a3,SLC9A3
12472,Mlc1,MLC1
12490,Hmcn2,HMCN2
12497,Ifit1,IFIT1B
12500,Trappc3l,TRAPPC3L
12503,Snord88c,SNORD88B
12511,Gm26247,SNORD88C
12515,Tmem236,TMEM236
12516,Hipk4,HIPK4
12517,Taar2,TAAR2
12519,Perp,PERP
12522,Sorcs3,SORCS3
12524,Sycn,SYCN
12525,Trim60,TRIM60
12530,Amtn,AMTN
12532,Ch25h,CH25H
12533,Oprm1,OPRM1
12556,Or13j1,OR13J1
12588,Spmip6,SPMIP6
12596,Bnc1,BNC1
12598,Gm29797,C20orf204
12603,Mid1,MID1
12630,Sox18,SOX18
12631,Arid5b,ARID5B
12636,Onecut1,ONECUT1
12640,Enam,ENAM
12642,Tmc3,TMC3
12645,Svep1,SVEP1
12649,Insm2,INSM2
12650,Wfdc9,WFDC9
12651,Mss51,MSS51
12654,Utp3,UTP3
12673,Gm54507,SNORA74D
12674,Snora74a,SNORA74A
12676,Mzb1,MZB1
12684,Esr2,ESR2
12697,Med26,MED26
12704,Prob1,PROB1
12706,Ifnl2,IFNL2
12707,Htr1a,HTR1A
12709,Twnk,TWNK
12718,Trpc7,TRPC7
12725,Gimd1,GIMD1
12727,Musk,MUSK
12739,Nudt6,NUDT6
12748,Tmem70,TMEM70
12755,Ifit2,IFIT2
12770,Fgf21,FGF21
12772,Dhdh,DHDH
12778,Il2,IL2
12782,Chat,CHAT
12794,Ppp1r42,PPP1R42
12808,Mob1b,MOB1B
12813,Sh2d7,SH2D7
12815,Alg5,ALG5
12848,Serinc4,SERINC4
12854,Cd72,CD72
12864,Odaph,ODAPH
12869,Purg,PURG
12872,Slc9a8,SLC9A8
12881,Alkal1,ALKAL1
12884,Hand2,HAND2
12887,Ube2ql1,UBE2QL1
12888,Tmem150b,TMEM150B
12895,C1qtnf6,C1QTNF6
12903,Med28,MED28
12907,Gabra6,GABRA6
12916,Ankrd63,ANKRD63
12917,Zswim1,ZSWIM1
12919,Fabp9,FABP9
12929,Slc10a5,SLC10A5
12930,Mapk11,MAPK11
12936,Chmp4c,CHMP4C
12937,Unc13c,UNC13C
12943,Polr3f,POLR3F
12966,Cox6b2,COX6B2
12976,Lhx2,LHX2
12980,Polr2b,POLR2B
12992,Bora,BORA
13006,Gins4,GINS4
13016,Dock8,DOCK8
13043,Dnttip1,DNTTIP1
13053,Fitm1,FITM1
13055,Il11,IL11
13059,Or4k2,OR4K2
13063,Or4m1,OR4M1
13067,Imp3,IMP3
13070,Or4k1,OR4K1
13073,Golga7,GOLGA7
13107,Or10g3,OR10G3
13113,Eif4ebp3,EIF4EBP3
13114,Ssc5d,SSC5D
13119,Tktl1,TKTL1
13128,Gm24289,SCARNA14
13129,Ndufa2,NDUFA2
13133,Slc18a3,SLC18A3
13134,Eif5a,EIF5AL1
13135,Snapc5,SNAPC5
13143,Sertm1,SERTM1
13148,Hmx2,HMX2
13149,Rb1,RB1
13166,Dnd1,DND1
13167,Ralgapa1,RALGAPA1
13187,Fam107b,FAM107B
13216,Gm22455,SNORD18C
13218,Pcdha1,PCDHA1
13221,Snord16a,SNORD16
13222,Gm23344,SNORD18A
13223,Zfp784,ZNF784
13232,Impg1,IMPG1
13236,Slc24a5,SLC24A5
13241,Rfpl4,RFPL4AL1
13326,Pcdha2,PCDHA2
13329,Apc2,APC2
13337,Pcdha3,PCDHA3
13339,Nhsl2,NHSL2
13346,Pcdha5,PCDHA5
13349,Pcdha6,PCDHA6
13352,Sowahb,SOWAHB
13353,Il1rapl1,IL1RAPL1
13354,Slc12a1,SLC12A1
13369,Ppdpf,PPDPF
13379,Fat4,FAT4
13392,Fbxo5,FBXO5
13397,Pcdha7,PCDHA7
13399,Lpar6,LPAR6
13411,Zc2hc1b,ZC2HC1B
13424,Pcdha8,PCDHA9
13428,Mrpl39,MRPL39
13442,Pcdha9,PCDHA10
13446,Vwa8,VWA8
13454,Serpind1,SERPIND1
13459,Samd5,SAMD5
13463,Pde7b,PDE7B
13466,Pou4f2,POU4F2
13467,Sult4a1,SULT4A1
13472,Pcdha11,PCDHA11
13475,Eddm13,EDDM13
13483,Il1rapl2,IL1RAPL2
13485,Scand1,SCAND1
13489,Il21,IL21
13492,Impact,IMPACT
13504,Col5a3,COL5A3
13509,Pim2,PIM2
13513,Tulp4,TULP4
13520,Bpifb2,BPIFB2
13522,Bbs12,BBS12
13525,Gla,GLA
13542,Nat8l,NAT8L
13543,Nkx1-1,NKX1-1
13544,Pcdha12,PCDHA13
13549,Cpeb2,CPEB2
13557,Spef1,SPEF1
13561,Aig1,AIG1
13571,Pcdhac2,PCDHAC2
13578,Tldc2,TLDC2
13591,Tceal6,TCEAL6
13595,Phlpp1,PHLPP1
13603,Rdh8,RDH8
13607,B3galt9,B3GALT9
13611,Ccdc120,CCDC120
13619,Epcip,EPCIP
13625,Pcdhb1,PCDHB1
13626,Acer2,ACER2
13627,Tlx3,TLX3
13628,Dmtn,DMTN
13651,Urb1,URB1
13657,Foxi1,FOXI1
13659,Olig3,OLIG3
13660,Mlana,MLANA
13665,Dact2,DACT2
13669,Pura,PURA
13674,Edn3,EDN3
13684,Igip,IGIP
13688,Gm24067,SNORD105
13689,Slc35f1,SLC35F1
13691,Gm23008,SNORD105B
13692,Ctdp1,CTDP1
13705,Mblac2,MBLAC2
13707,S1pr2,S1PR2
13708,Fgf8,FGF8
13715,Cep120,CEP120
13762,Fam240b,FAM240B
13764,Htr2a,HTR2A
13769,Mir199b,MIR199B
13774,Nr4a3,NR4A3
13780,Zik1,ZIK1
13789,Phf11d,PHF11
13886,Gm23130,SNORD101
13890,Snord100,SNORD100
13893,Mir363,MIR363
13894,Mir19b-2,MIR19B2
13898,Cyp24a1,CYP24A1
13911,Iqcm,IQCM
13917,Gja10,GJA10
13920,Lhx6,LHX6
13932,Tectb,TECTB
13936,Casp8ap2,CASP8AP2
13942,Pcdh18,PCDH18
13952,Erich4,ERICH4
13953,Mir105,MIR105-1
13963,Nodal,NODAL
13970,Jam2,JAM2
13978,Asic5,ASIC5
13979,Tbpl1,TBPL1
13987,Ctnna3,CTNNA3
14011,Pik3ip1,PIK3IP1
14019,Tenm1,TENM1
14022,Gemin5,GEMIN5
14025,Rab22a,RAB22A
14029,Herc2,HERC2
14045,Gcm1,GCM1
14047,Msantd1,MSANTD1
14051,Tnfrsf11a,TNFRSF11A
14061,Or2b6,OR2B6
14062,Ttll2,TTLL2
14066,Coq2,COQ2
14072,Mei1,MEI1
14089,Enox1,ENOX1
14125,Chmp4b,CHMP4B
14127,Wdr4,WDR4
14147,Tspyl1,TSPYL1
14149,Gpr31b,GPR31
14151,Tfap2d,TFAP2D
14153,Mir99b,MIR99B
14154,Mirlet7e,MIRLET7E
14155,Mir125a,MIR125A
14156,Fpr2,FPR2
14192,Pxdc1,PXDC1
14196,Nova2,NOVA2
14200,Cst7,CST7
14202,Anxa10,ANXA10
14205,Nfatc2,NFATC2
14220,Zfp62,ZFP62
14229,Epm2a,EPM2A
14257,Adam12,ADAM12
14266,Mecp2,MECP2
14296,Brd8,BRD8
14329,Chadl,CHADL
14336,Cckar,CCKAR
14338,Swi5,SWI5
14345,Uqcr10,UQCR10
14349,Txnl1,TXNL1
14370,Ccdc196,CCDC196
14382,Mgat4d,MGAT4D
14391,Crkl,CRKL
14394,Snord32a,SNORD32B
14395,Lgals1,LGALS1
14405,Usp27x,USP27X
14408,Tlnrd1,TLNRD1
14423,Inafm2,INAFM2
14453,Mak,MAK
14460,Chst14,CHST14
14477,Rrh,RRH
14480,Jund,JUND
14482,Ifna1,IFNA8
14496,Myo5a,MYO5A
14561,Mir31,MIR31
14564,Ifne,IFNE
14565,Mpped1,MPPED1
14579,Or4n5,OR4N5
14580,Or4e2,OR4E2
14587,Bmp15,BMP15
14588,Dmac2,DMAC2
14604,4930579F01Rik,C4orf17
14608,Dpf3,DPF3
14622,Ddt,DDTL
14626,Miox,MIOX
14631,Mttp,MTTP
14640,1700011L22Rik,C4orf51
14644,Lama1,LAMA1
14656,Cdkn2a,CDKN2A
14671,Lipk,LIPK
14672,Gcm2,GCM2
14673,Angpt4,ANGPT4
14677,Sfmbt2,SFMBT2
14690,Snora20,SNORA20
14691,Gm26130,SNORA29
14693,Ngb,NGB
14698,Lkaaear1,LKAAEAR1
14709,Tgm5,TGM5
14714,Tmem249,TMEM249
14725,Trav9-1,TRAV8-1
14732,Trav6-5,TRAV9-1
14735,Trav11,TRAV10
14741,Trav7-5,TRAV12-1
14750,Mea1,MEA1
14759,Trav9-2,TRAV8-3
14805,Trav7d-3,TRAV12-2
14812,Epgn,EPGN
14821,Trav5-4,TRAV13-2
14835,Trav6-7-dv9,TRAV9-2
14850,Trav7n-5,TRAV12-3
14864,Trav8n-2,TRAV17
14871,Trav12n-1,TRAV18
14879,Trav16n,TRAV19
14882,Atp10a,ATP10A
14901,Card10,CARD10
14914,Pttg1ip,PTTG1IP
14936,Trav13d-1,TRAV22
14947,Trav14d-1,TRAV23DV6
14962,U2af1l4,U2AF1L4
14983,Gm24920,SNORD62
14985,Dppa5a,DPPA5
14988,Ago2,AGO2
14999,Trav18,TRAV27
15000,Trav19,TRAV29DV5
15003,Guca1b,GUCA1B
15004,Trdv1,TRAV34
15005,Cd274,CD274
15010,Trdv2-2,TRAV38-1
15011,Crybg1,CRYBG1
15016,Trav23,TRAV39
15018,Cxcl9,CXCL9
15020,Cxcl10,CXCL10
15021,Ighm,IGHM
15023,Cryzl1,CRYZL1
15062,Tbata,TBATA
15072,Dcun1d2,DCUN1D2
15084,Mir876,MIR876
15085,Mir873b,MIR873
15086,Zfp414,ZNF414
15095,Nox3,NOX3
15096,Lingo2,LINGO2
15105,Tlx1,TLX1
15110,Stbd1,STBD1
15111,Shc3,SHC3
15113,Mir151,MIR151A
15115,Calhm1,CALHM1
15116,Syngr4,SYNGR4
15121,Mir302d,MIR302D
15122,Calhm3,CALHM3
15123,Mir302c,MIR302C
15124,Knstrn,KNSTRN
15141,Sgcg,SGCG
15152,Arsj,ARSJ
15214,Fgf20,FGF20
15272,Ighv1-50,IGHV1-3
15274,Kcnj14,KCNJ14
15276,Opn4,OPN4
15280,Ighv9-2,IGHV7-4-1
15284,Dmp1,DMP1
15293,Ighv8-12,IGHV2-5
15301,Cdsn,CDSN
15302,Or13c3,OR13C3
15303,Psors1c2,PSORS1C2
15304,Or13d1,OR13D1
15305,Sult2b1,SULT2B1
15309,Lrrc69,LRRC69
15317,Atoh7,ATOH7
15318,Prr18,PRR18
15321,Adh7,ADH7
15385,Tacr2,TACR2
15396,Cilk1,CILK1
15399,Apba1,APBA1
15403,Spaca4,SPACA4
15462,Dbp,DBP
15539,Cebpd,CEBPD
15544,Camk1d,CAMK1D
15551,Prox2,PROX2
15555,Zfp703,ZNF703
15556,Got1l1,GOT1L1
15559,Kash5,KASH5
15574,Slc16a8,SLC16A8
15583,Hspa2,HSPA2
15586,Tor1a,TOR1A
15591,Nkx2-1,NKX2-1
15595,Jmjd1c,JMJD1C
15606,Adrb3,ADRB3
15608,Alpk2,ALPK2
15619,Htt,HTT
15642,Pcdhac1,PCDHAC1
15644,Nol12,NOL12
15652,Wasf3,WASF3
15672,Ptpdc1,PTPDC1
15677,Chrna2,CHRNA2
15690,Gm22200,SNORD63B
15691,Gm26109,SNORD63
15692,Foxd1,FOXD1
15696,Gp1bb,GP1BB
15698,Igha,IGHA2
15700,Glra1,GLRA1
15704,H1f1,H1-1
15705,Slc7a4,SLC7A4
15714,Snord33,SNORD33
15715,Snord34,SNORD34
15716,H1f6,H1-6
15717,Snord35a,SNORD35A
15718,H1f4,H1-4
15719,Snord35b,SNORD35B
15720,Mir150,MIR150
15721,H2bc6,H2BC6
15747,Poli,POLI
15767,Tsks,TSKS
15770,Mirlet7a-1,MIRLET7A1
15771,Mirlet7d,MIRLET7D
15772,Galr3,GALR3
15774,Dab2ip,DAB2IP
15786,Dnajc28,DNAJC28
15793,2900026A02Rik,KIAA1671
15801,Tmem145,TMEM145
15808,Ybey,YBEY
15832,Esco2,ESCO2
15840,Vash1,VASH1
15845,Mypn,MYPN
15868,Slc45a2,SLC45A2
15873,Gm25128,SNORD117
15874,Gm22589,SNORD84
15875,Ltb,LTB
15879,Nr2e3,NR2E3
15892,Csf2rb,CSF2RB
15903,Irf2bpl,IRF2BPL
15904,Gm23442,SNORA38
15905,Apom,APOM
15908,Lrrc74a,LRRC74A
15917,Adrb2,ADRB2
15918,Spink1,SPINK1
15921,Jakmip3,JAKMIP3
15951,D17H6S53E,C6orf47
15952,Zdhhc20,ZDHHC20
15965,Fndc9,FNDC9
15995,Tlr4,TLR4
16000,Ly6g6f,LY6G6F
16001,Adam7,ADAM7
16005,Nipal4,NIPAL4
16018,Prkd1,PRKD1
16030,Mymk,MYMK
16032,Uggt2,UGGT2
16054,Ly6g6c,LY6G6C
16056,Klf16,KLF16
16060,Col23a1,COL23A1
16069,Msh5,MSH5
16100,Tcf4,TCF4
16209,Megf8,MEGF8
16216,Dio2,DIO2
16227,Gm55882,RN7SKP70
16229,Scaf4,SCAF4
16251,Nid2,NID2
16258,Rrs1,RRS1
16261,Bicd2,BICD2
16263,Isl2,ISL2
16266,Arsi,ARSI
16269,Egr1,EGR1
16270,1110002E22Rik,C4orf54
16271,Vxn,VXN
16284,Pvalb,PVALB
16297,Thsd4,THSD4
16304,Diras2,DIRAS2
16312,Efna5,EFNA5
16317,Tbc1d2,TBC1D2
16324,Bltp1,BLTP1
16366,Grxcr2,GRXCR2
16368,Zfhx2,ZFHX2
16372,Tafa5,TAFA5
16378,Zfp704,ZNF704
16384,Peds1,PEDS1
16396,Ccdc88c,CCDC88C
16409,Hscb,HSCB
16421,Mir190a,MIR190A
16422,Mesp1,MESP1
16424,Pabir1,PABIR1
16425,Azin1,AZIN1
16442,Lctl,LCTL
16454,Stc2,STC2
16459,Lrrtm3,LRRTM3
16462,Cnfn,CNFN
16467,Kcna5,KCNA5
16468,Taf3,TAF3
16476,Clec4e,CLEC4E
16483,Or2v2,OR2V2
16485,Pcp2,PCP2
16490,Adra2a,ADRA2A
16494,Dcp2,DCP2
16503,Egr2,EGR2
16510,Retn,RETN
16513,Cdc42ep1,CDC42EP1
16524,Cdh24,CDH24
16529,Rgs3,RGS3
16560,Rprd1b,RPRD1B
16574,Frmpd2,FRMPD2
16588,Fcer2a,FCER2
16596,Or4f4b,OR4F4
16598,Cimap1b,CIMAP1B
16614,Pla2g4d,PLA2G4D
16617,Slc7a8,SLC7A8
16630,Tfap2c,TFAP2C
16633,Phf5a,PHF5A
16639,Or2v1,OR2V1
16643,Pla2g4e,PLA2G4E
16652,Dnah5,DNAH5
16666,Ctnnbl1,CTNNBL1
16677,Ufd1,UFD1
16694,Lactb,LACTB
16700,Ctxn1,CTXN1
16701,Mex3b,MEX3B
16758,Chac1,CHAC1
16761,Cartpt,CARTPT
16763,Clybl,CLYBL
16793,Tspan3,TSPAN3
16803,Cfap70,CFAP70
16813,Vwa7,VWA7
16818,Retreg1,RETREG1
16842,Slc15a5,SLC15A5
16843,Gpx2,GPX2
16847,Clec4n,CLEC6A
16848,Gpr135,GPR135
16851,Fam161b,FAM161B
16854,Prph2,PRPH2
16855,Tbcc,TBCC
16860,Slc35d3,SLC35D3
16861,Gpr15lg,GPR15LG
16863,Syt10,SYT10
16866,Lrit2,LRIT2
16868,Vsx2,VSX2
16869,Capn11,CAPN11
16876,Rgr,RGR
16896,Wdr55,WDR55
16901,Cfl2,CFL2
16910,Fam98b,FAM98B
16914,Necab3,NECAB3
16939,Wdfy2,WDFY2
16949,Spmip11,SPMIP11
16951,Redic1,REDIC1
16954,Or2y1d,OR2Y1
16957,Gpr151,GPR151
16958,Pcdhga1,PCDHGA1
16960,Pcdhga2,PCDHGA2
16964,Slc25a17,SLC25A17
16993,Gm25744,SNORD48
16994,Snord52,SNORD52
16995,Zbtb12,ZBTB12
16996,Otop1,OTOP1
16997,Pcdhga3,PCDHGA3
17000,Alg10b,ALG10B
17004,Csnk2b,CSNK2B
17015,Pcdhgb1,PCDHGB1
17017,Saxo5,SAXO5
17025,Pcdhga4,PCDHGA4
17029,Lrit1,LRIT1
17030,Bloc1s4,BLOC1S4
17031,Or4k15c,OR4K15
17034,D5Ertd579e,KIAA0232
17039,Acot5,ACOT1
17047,Pcdhgb2,PCDHGB2
17050,Pcdhga5,PCDHGA5
17053,Pcdhga6,PCDHGA6
17055,Ttll13,TTLL13
17061,Pcdhga7,PCDHGA7
17063,Defb14,DEFB103B
17064,Ntf3,NTF3
17070,Acot4,ACOT4
17071,Acot6,ACOT6
17075,Pnpla6,PNPLA6
17100,Ugt2a2,UGT2A2
17102,Pcdhgb4,PCDHGB4
17104,Pnma1,PNMA1
17106,Ccdc158,CCDC158
17112,Pcdhga8,PCDHGA8
17114,Adrb1,ADRB1
17115,Krt76,KRT76
17118,Sh3pxd2a,SH3PXD2A
17125,Pcdhga9,PCDHGA9
17127,Knl1,KNL1
17139,Pcdhga10,PCDHGA10
17141,Noxred1,NOXRED1
17144,Mas1,MAS1
17146,Pcdhgb7,PCDHGB7
17149,Igf2r,IGF2R
17160,Defb12,DEFB105A
17162,Tex26,TEX26
17169,Cela1,CELA1
17172,Pcdhga11,PCDHGA11
17175,Foxa1,FOXA1
17184,Mbnl2,MBNL2
17206,Tbpl2,TBPL2
17208,Tigd2,TIGD2
17212,Fabp2,FABP2
17213,Plekhs1,PLEKHS1
17223,Pdzrn4,PDZRN4
17229,Pcdhga12,PCDHGA12
17231,Col25a1,COL25A1
17239,Unc79,UNC79
17253,Pcdhgc3,PCDHGC3
17268,Thap2,THAP2
17274,Fam78a,FAM78A
17283,Tomm22,TOMM22
17290,Mir877,MIR877
17295,Crisp1,CRISP3
17299,Krt2,KRT2
17315,Ep300,EP300
17333,Cimap1c,CIMAP1C
17337,Idi1,IDI1
17343,Lca5l,LCA5L
17368,Btg1,BTG1
17371,Pcdhgc4,PCDHGC4
17377,Ambn,AMBN
17379,Otud1,OTUD1
17380,Fbxo9,FBXO9
17393,Nop10,NOP10
17402,Pcdhgc5,PCDHGC5
17404,Lrriq1,LRRIQ1
17418,Or4n4b,OR4N4
17421,Pcdhgb5,PCDHGB5
17423,C330018D20Rik,C5orf63
17434,Lpin3,LPIN3
17442,Mroh5,MROH5
17446,Snord96a,SNORD96A
17447,Gm25296,SNORD95
17450,Tifab,TIFAB
17451,Ptprr,PTPRR
17462,Rbmxl2,RBMXL2
17463,Cdx1,CDX1
17464,Atp6v1g2,ATP6V1G2
17470,Cysrt1,CYSRT1
17471,Ano3,ANO3
17478,Fbxl17,FBXL17
17482,Clnk,CLNK
17485,Rnf38,RNF38
17556,Rgma,RGMA
17569,Trim13,TRIM13
17582,Gm6569,C8orf90
17584,Mpig6b,MPIG6B
17595,Chrna6,CHRNA6
17600,Arl15,ARL15
17606,Khdrbs3,KHDRBS3
17619,Sucla2,SUCLA2
17651,Il13,IL13
17656,Hddc3,HDDC3
17666,Chaf1b,CHAF1B
17683,Bdp1,BDP1
17688,Slc25a21,SLC25A21
17693,Cfap61,CFAP61
17723,Helt,HELT
17727,Lztr1,LZTR1
17762,Nmb,NMB
17765,Slc22a17,SLC22A17
17775,Pitx2,PITX2
17789,Syt9,SYT9
17793,Nkx6-3,NKX6-3
17810,Or4f6,OR4F6
17811,Or4f15,OR4F15
17813,Polr2m,POLR2M
17824,Mir208a,MIR208A
17825,Mir208b,MIR208B
17826,Cebpe,CEBPE
17829,Zfp791,ZNF791
17835,Ttc6,TTC6
17844,Lvrn,LVRN
17853,Ank1,ANK1
17869,Lhx3,LHX3
17873,Dbx1,DBX1
17874,Gm25506,SNORD41
17875,Trir,TRIR
17880,Luzp2,LUZP2
17888,Tnfaip8l3,TNFAIP8L3
17893,Junb,JUNB
17894,Qsox2,QSOX2
17900,Timm29,TIMM29
17903,Fjx1,FJX1
17905,Cxcl1,CXCL3
17918,Or4c10,OR4C13
17921,Mir27a,MIR27A
17922,Mir23a,MIR23A
17923,Mir181c,MIR181C
17924,Rln3,RLN3
17931,1700067K01Rik,C19orf67
17934,Dok7,DOK7
17941,Gdf1,GDF1
17944,Gm25970,SNORD127
17946,Or5l13,OR5L2
17948,Rnase10,RNASE10
17950,Prrc2b,PRRC2B
17960,Rnase12,RNASE12
17962,Svip,SVIP
17967,Synj2,SYNJ2
17976,Garin2,GARIN2
17993,Tpgs1,TPGS1
17995,Gzmm,GZMM
17997,Or5d36,OR5D14
18001,Or9q1,OR9Q1
18003,Ift27,IFT27
18028,Defb43,DEFB131A
18030,Or4c29,OR4C16
18032,Fam53a,FAM53A
18038,Diaph1,DIAPH1
18053,Lyz3,LYZ
18056,Or10w3,OR10W1
18058,Cdkn2d,CDKN2D
18060,Or4a78,OR4A5
18064,Marchf1,MARCHF1
18080,Or4a39,OR4A8
18083,Mir199a-1,MIR199A1
18084,Nav3,NAV3
18100,Gsk3a,GSK3A
18140,Epsti1,EPSTI1
18152,Ccdc179,CCDC179
18154,Or5i1,OR5I1
18155,Or5w8,OR5W2
18157,Usp16,USP16
18195,Rd3l,RD3L
18197,Ahnak,AHNAK
18205,Mir203,MIR203B
18206,Neurog2,NEUROG2
18209,Grin1,GRIN1
18227,Pnp2,PNP
18249,Tmem271rt,TMEM271
18250,Pde6b,PDE6B
18262,Ccn5,CCN5
18271,Btf3,BTF3
18333,Mcm5,MCM5
18354,Thsd1,THSD1
18364,Or5d16,OR5D16
18365,Fibin,FIBIN
18366,Mast4,MAST4
18387,Crnkl1,CRNKL1
18397,Riox1,RIOX1
18398,Qpctl,QPCTL
18406,Bcl11b,BCL11B
18409,Muc15,MUC15
18415,Lamp1,LAMP1
18431,Prss57,PRSS57
18434,Npas3,NPAS3
18450,Plekhb1,PLEKHB1
18472,Niban3,NIBAN3
18486,Il2ra,IL2RA
18493,Mab21l2,MAB21L2
18496,Ereg,EREG
18499,Pnpla1,PNPLA1
18505,Clrn2,CLRN2
18506,Rnf6,RNF6
18533,Poln,POLN
18547,Slc29a3,SLC29A3
18561,Spic,SPIC
18574,Zfyve28,ZFYVE28
18585,Alx1,ALX1
18587,Sema7a,SEMA7A
18591,Lrrc18,LRRC18
18592,Ccer1,CCER1
18595,Pnliprp1,PNLIPRP1
18616,Krt1,KRT1
18619,Spaca1,SPACA1
18622,Chst11,CHST11
18628,Ctsz,CTSZ
18661,H1f5,H1-5
18662,Pcdhgb6,PCDHGB6
18664,Tph2,TPH2
18671,Mctp1,MCTP1
18689,Ppp1r11,PPP1R11
18695,Rn7s1,RN7SL1
18696,Mgat2,MGAT2
18697,Dnaaf2,DNAAF2
18699,Synm,SYNM
18703,Pspc1,PSPC1
18716,Trim10,TRIM10
18718,Krt77,KRT77
18721,Tmem30b,TMEM30B
18724,Or7a36,OR7A5
18732,Grid2,GRID2
18741,B3glct,B3GLCT
18745,Rims2,RIMS2
18776,Capn12,CAPN12
18788,Spryd7,SPRYD7
18801,Thap7,THAP7
18810,Atoh1,ATOH1
18811,Chd2,CHD2
18845,Phox2b,PHOX2B
18847,Lgals7,LGALS7B
18849,Mir342,MIR342
18850,Slc25a29,SLC25A29
18870,Ccdc38,CCDC38
18878,Brd4,BRD4
18891,Bend4,BEND4
18893,Pbx2,PBX2
18898,Rasd2,RASD2
18904,Itgbl1,ITGBL1
18913,Hao1,HAO1
18916,Grxcr1,GRXCR1
18918,Fgf3,FGF3
18922,Rps19bp1,RPS19BP1
18931,Ccser1,CCSER1
18945,Tubb2b,TUBB2B
18950,Atp9a,ATP9A
18954,Pnlip,PNLIP
18956,Slc22a23,SLC22A23
18968,Mir345,MIR345
18969,Slc25a47,SLC25A47
18975,Ly6h,LY6H
18980,Hsd17b3,HSD17B3
18990,Micall1,MICALL1
19006,Pnliprp2,PNLIPRP2
19009,Ddi1,DDI1
19017,Yy1,YY1
19026,Tyr,TYR
19029,Plxnc1,PLXNC1
19040,Adra2c,ADRA2C
19042,Smim43,SMIM43
19052,Dusp4,DUSP4
19054,Hnf4a,HNF4A
19072,Mmp8,MMP8
19078,Nkx2-3,NKX2-3
19079,Homez,HOMEZ
19084,Hey1,HEY1
19099,Nkx6-2,NKX6-2
19101,Peli2,PELI2
19105,N4bp2l2,N4BP2L2
19157,Cfap46,CFAP46
19166,Gdf9,GDF9
19174,Cxxc4,CXXC4
19190,Ankrd37,ANKRD37
19196,Naalad2,NAALAD2
19207,Zfp367,ZNF367
19208,Rbx1,RBX1
19216,Or4k5,OR4K5
19217,Il25,IL25
19223,Spink4,SPINK4
19233,Pcdhb2,PCDHB2
19238,Bag1,BAG1
19249,Pcdhb3,PCDHB3
19253,Pcdhb5,PCDHB4
19257,Pcdhb4,PCDHB5
19269,Tead3,TEAD3
19272,Ube2l3,UBE2L3
19282,Pcdhb13,PCDHB6
19284,Tmem221,TMEM221
19286,Pcdhb15,PCDHB7
19287,Pcdhb17,PCDHB16
19289,Pcdhb18,PCDHB9
19292,Nxnl1,NXNL1
19294,Pcdhb19,PCDHB11
19296,Ric8b,RIC8B
19339,Acer1,ACER1
19340,Pcdhb16,PCDHB13
19341,Pcdhb20,PCDHB14
19343,Oprk1,OPRK1
19348,Mgat3,MGAT3
19358,Pcdhb22,PCDHB15
19360,Taf7,TAF7
19364,Slc25a41,SLC25A41
19367,Lrrc9,LRRC9
19375,Slc25a2,SLC25A2
19376,Pkd2l2,PKD2L2
19383,Frmd4a,FRMD4A
19404,Fbxo7,FBXO7
19417,Myc,MYC
19433,Tulp1,TULP1
19442,Acsbg2,ACSBG2
19457,Stim2,STIM2
19468,Dnajc3,DNAJC3
19477,Mmp27,MMP27
19478,Slc25a32,SLC25A32
19484,Odf2,ODF2
19506,Arhgap42,ARHGAP42
19516,Degs2,DEGS2
19519,F2rl2,F2RL2
19521,Eif5,EIF5
19542,Cfap54,CFAP54
19551,Ubox5,UBOX5
19555,F2r,F2R
19557,Sox17,SOX17
19558,F2rl1,F2RL1
19560,Rp1,RP1
19568,Mif,MIF
19574,Shisal2b,SHISAL2B
19579,Cdh26,CDH26
19587,Cwc27,CWC27
19616,Cenpm,CENPM
19629,Hephl1,HEPHL1
19630,Dzip1,DZIP1
19655,Faxc,FAXC
19659,Kcnq3,KCNQ3
19666,Slc25a27,SLC25A27
19674,Mmp9,MMP9
19677,Myf5,MYF5
19678,Tdrd6,TDRD6
19681,Adamts6,ADAMTS6
19689,Gabrb3,GABRB3
19713,Chd6,CHD6
19722,Slc25a1,SLC25A1
19734,H1f3,H1-3
19736,Kctd9,KCTD9
19749,Dact1,DACT1
19756,Ect2l,ECT2L
19760,Ascl1,ASCL1
19761,Dscaml1,DSCAML1
19766,Polr2i,POLR2I
19773,Bace2,BACE2
19791,Abtb3,ABTB3
19799,Dio3,DIO3
19801,Gapt,GAPT
19808,Or4e5,OR4E1
19810,Mdga2,MDGA2
19819,Rnf24,RNF24
19826,Wdr62,WDR62
19870,Wnt8a,WNT8A
19876,Psd3,PSD3
19893,Hcrtr2,HCRTR2
19898,Frem3,FREM3
19904,Foxo4,FOXO4
19908,Arl14epl,ARL14EPL
19910,Ctxn3,CTXN3
19914,Cacnb2,CACNB2
19952,Spink6,SPINK6
19955,Rad51b,RAD51B
19979,Arhgap40,ARHGAP40
19991,Polg,POLG
20020,Spink13,SPINK13
20043,Npepl1,NPEPL1
20055,Gprc6a,GPRC6A
20059,Nudt11,NUDT11
20060,Spink14,SPINK14
20062,Cdx2,CDX2
20069,Tubgcp3,TUBGCP3
20093,Smc1b,SMC1B
20097,Fam170a,FAM170A
20102,Tmem132d,TMEM132D
20104,Bach1,BACH1
20132,Rfx6,RFX6
20135,Mroh2b,MROH2B
20141,Or2a7,OR2A4
20142,Tbx3,TBX3
20147,Leng1,LENG1
20148,Pierce2,PIERCE2
20169,Prr14l,PRR14L
20180,Arhgef18,ARHGEF18
20187,Crisp4,CRISP1
20191,Svop,SVOP
20196,Xkr4,XKR4
20198,Snrpb2,SNRPB2
20218,Gm22620,SNORA1B
20219,Gm15517,SMIM47
20224,Snrpd2,SNRPD2
20232,Vps13c,VPS13C
20253,Kcnj15,KCNJ15
20299,Or10h1,OR10H2
20302,Gfy,GFY
20304,Defb18,DEFB113
20305,Slc17a6,SLC17A6
20308,Or10h28,OR10H3
20313,Or7e177,OR7E24
20319,Defb41,DEFB110
20321,Or1i2,OR1I1
20333,Ptchd4,PTCHD4
20336,Cimap1d,CIMAP1D
20339,Foxg1,FOXG1
20341,Adgrb3,ADGRB3
20407,Sycp3,SYCP3
20872,Or4q3,OR4Q3
20878,Nova1,NOVA1
20891,Tenm4,TENM4
20911,Tenm2,TENM2
20929,Zdhhc8,ZDHHC8
20944,Defb47,DEFB130B
20945,Or5v1,OR5V1
20949,Or12d17,OR12D3
20950,Fam135b,FAM135B
20961,Rfk,RFK
20967,B3galt4,B3GALT4
20969,Wdr46,WDR46
20978,Ubash3b,UBASH3B
20993,Prkcg,PRKCG
21002,Trbv20,TRBV20OR9-2
21003,Plpp6,PLPP6
21014,Cenpp,CENPP
21017,Mir331,MIR331
21018,Fam3b,FAM3B
21028,Or1n1,OR1N1
21031,Or1n2,OR1N2
21032,Insyn2b,INSYN2B
21036,Prkaa1,PRKAA1
21045,Or5c1,OR5C1
21049,Kirrel3,KIRREL3
21060,Smim40,SMIM40
21062,Barhl1,BARHL1
21063,Or14j1,OR14J1
21065,Mir30b,MIR30B
21066,Mir30d,MIR30D
21081,Syngap1,SYNGAP1
21111,Cacna2d4,CACNA2D4
21137,Jakmip1,JAKMIP1
21157,Phf21b,PHF21B
21169,Mrps26,MRPS26
21173,Pou5f1,POU5F1B
21176,Cacng7,CACNG7
21181,Dtd2,DTD2
21183,Zhx3,ZHX3
21209,Snord72,SNORD72
21211,Gpr33,GPR33
21212,Cecr2,CECR2
21219,Cdkl3,CDKL3
21229,Panx3,PANX3
21230,Cacng8,CACNG8
21231,Clic6,CLIC6
21292,Ptch1,PTCH1
21323,Mir708,MIR708
21326,Defb48,DEFB109B
21351,Cinp,CINP
21360,Mir326,MIR326
21361,Snord15a,SNORD15A
21362,Snord15b,SNORD15B
21363,Cldn23,CLDN23
21364,Mfhas1,MFHAS1
21368,Srebf2,SREBF2
21404,Tomm34,TOMM34
21410,Ppp1r3b,PPP1R3B
21412,Cdkn2aipnl,CDKN2AIPNL
21415,Mir124a-1,MIR124-1
21419,Il12b,IL12B
21427,Prss51,PRSS51
21433,Prss55,PRSS55
21438,Ms4a5,MS4A5
21451,Tektip1,TEKTIP1
21453,4930578I06Rik,C8orf74
21463,Ctcfl,CTCFL
21486,Pou2f3,POU2F3
21493,Sox7,SOX7
21499,Garin3,GARIN3
21500,Xkr6,XKR6
21504,Mir598,MIR598
21506,Higd2a,HIGD2A
21507,Prop1,PROP1
21516,Gmcl1,GMCL2
21517,Lancl3,LANCL3
21520,Gpx3,GPX3
21530,Arc,ARC
21535,Slc36a3,SLC36A3
21542,Or1m1,OR1M1
21546,Or7g17,OR7G1
21548,Or7g12,OR7G3
21550,Mir221,MIR221
21551,Mir222,MIR222
21552,Map1a,MAP1A
21557,Or7d9,OR7D4
21564,Slc36a2,SLC36A2
21578,Nkx3-2,NKX3-2
21579,Brf2,BRF2
21584,Diaph2,DIAPH2
21586,F2rl3,F2RL3
21588,Mtnr1a,MTNR1A
21590,Ptgdr,PTGDR
21592,Slc22a12,SLC22A12
21597,Rpp25,RPP25
21598,Shisa7,SHISA7
21610,Grik2,GRIK2
21651,Ptger2,PTGER2
21653,Pnma8c,PNMA8C
21654,Gm36210,C19orf85
21655,Gm49661,THSD8
21658,Gjd2,GJD2
21659,Mex3d,MEX3D
21661,Cers1,CERS1
21667,Gpr176,GPR176
21673,Ankrd31,ANKRD31
21678,Haus3,HAUS3
21683,Nanog,NANOGP8
21684,Ganc,GANC
21699,Atxn1,ATXN1
21714,Kcna7,KCNA7
21715,Lmtk3,LMTK3
21722,Sv2c,SV2C
21725,Atp5pf,ATP5PF
21769,Mir192,MIR192
21770,Gpha2,GPHA2
21773,Tcim,TCIM
21788,Batf2,BATF2
21803,Slc25a31,SLC25A31
21804,Adgrb1,ADGRB1
21809,Zfp551,ZNF551
21815,Or52r1,OR52R1
21816,Or51g1,OR51G1
21817,Or52j3,OR52J3
21819,Or52e2,OR52E2
21820,Ccnd3,CCND3
21843,Pgrmc2,PGRMC2
21857,Iqgap2,IQGAP2
21878,Pdlim3,PDLIM3
21892,Klk9,KLK9
21894,Hbb-y,HBE1
21897,Klk13,KLK13
21906,Or51b4,OR51B4
21908,Or51b6,OR51B6
21909,Or51q1,OR51Q1
21911,Or52d1,OR52D1
21912,Ubqln3,UBQLN3
21914,Defb42,DEFB136
21919,Or52b6,OR52B6
21920,Or56b1,OR56B1
21922,Lrtm2,LRTM2
21934,Or52e8,OR52E6
21938,Mrgprg,MRGPRG
21939,Mrgpre,MRGPRE
21940,Rasa3,RASA3
21948,Dtx4,DTX4
21952,Iglon5,IGLON5
21953,Klrg1,KLRG1
21960,Rnf39,RNF39
21962,Cldnd2,CLDND2
21965,Fam241a,FAM241A
21966,Nkx6-1,NKX6-1
21970,Wnt7a,WNT7A
22001,Or2h2b,OR2H1
22008,Wdfy3,WDFY3
22020,Gm38999,C19orf84
22024,Siglecl1,SIGLECL1
22032,Inhbc,INHBC
22035,Or10c1,OR10C1
22037,Nkrf,NKRF
22042,Gatd1,GATD1
22058,Marchf9,MARCHF9
22061,Chl1,CHL1
22077,Eef1akmt3,EEF1AKMT3
22082,Nsun6,NSUN6
22114,Zc3h7b,ZC3H7B
22122,1700017N19Rik,C12orf50
22127,Nmbr,NMBR
22129,Btn1a1,BTN1A1
22131,Leng9,LENG9
22132,Kcnc3,KCNC3
22136,Rtl8a,RTL8B
22141,Vps36,VPS36
22171,Rtl8c,RTL8C
22174,Ak9,AK9
22186,Mybl2,MYBL2
22215,Pcdh15,PCDH15
22257,D630039A03Rik,C9orf152
22259,Spib,SPIB
22267,Txndc8,TXNDC8
22275,B3gnt4,B3GNT4
22281,Crmp1,CRMP1
22293,Gm24119,SNORA53
22297,Adam18,ADAM18
22308,Snora52,SNORA52
22309,Ranbp6,RANBP6
22312,Shroom2,SHROOM2
22316,Or1b1,OR1B1
22318,2310030G06Rik,C11orf52
22322,Emc10,EMC10
22330,Timm8b,TIMM8B
22334,Kcnmb4,KCNMB4
22336,Taar1,TAAR1
22337,Gpr6,GPR6
22339,Capn3,CAPN3
22398,Kcnq5,KCNQ5
22412,Avpr1a,AVPR1A
22414,Zfc3h1,ZFC3H1
22451,Snora47,SNORA47
22458,Mis18a,MIS18A
22466,Mrpl40,MRPL40
22470,Trpm3,TRPM3
22500,Pde8b,PDE8B
22522,Trex2,TREX2
22528,Gtse1,GTSE1
22536,B3gnt8,B3GNT8
22543,Prr22,PRR22
22545,Adam2,ADAM2
22552,4930590J08Rik,C3orf20
22556,Mirlet7i,MIRLET7I
22557,Vmac,VMAC
22561,Mir675,MIR675
22563,Snord37,SNORD37
22568,Plcz1,PLCZ1
22589,Radx,RADX
22595,Tmprss11f,TMPRSS11F
22596,Or52l1,OR52L1
22597,Nfix,NFIX
22614,Or56b35,OR56B4
22617,Pde10a,PDE10A
22657,Or8a1,OR8A1
22665,Derl3,DERL3
22678,Gucy1a2,GUCY1A2
22681,Tmprss11e,TMPRSS11E
22683,Cd40lg,CD40LG
22692,Fgf2,FGF2
22695,Lss,LSS
22721,Mtrf1,MTRF1
22800,Hic2,HIC2
22805,Cox8a,COX8A
22808,Snord61,SNORD61
22810,Phox2a,PHOX2A
22813,Tada2b,TADA2B
22818,Lama2,LAMA2
22838,Efhb,EFHB
22845,Polr2f,POLR2F
22865,Psapl1,PSAPL1
22866,Gata5,GATA5
22870,Capza3,CAPZA3
22871,Gm23297,SNORA54
22872,Epyc,EPYC
22876,Gria2,GRIA2
22915,Frey1,FREY1
22917,Asxl1,ASXL1
22944,Fam76b,FAM76B
22957,Wnt10b,WNT10B
22963,Pp2d1,PP2D1
22967,Ddn,DDN
22968,Sdf2l1,SDF2L1
22971,Dhh,DHH
22972,Ints8,INTS8
22995,Efnb1,EFNB1
22999,Syn2,SYN2
23005,Mir200c,MIR200C
23006,Gm23547,SCARNA12
23007,Sco2,SCO2
23021,Fgf23,FGF23
23023,Slc9a7,SLC9A7
23029,Gdf11,GDF11
23031,Josd1,JOSD1
23047,Ccdc85b,CCDC85B
23048,AI837181,C11orf68
23051,Drap1,DRAP1
23060,Acrbp,ACRBP
23069,Peg3,PEG3
23097,Mbnl3,MBNL3
23117,Otp,OTP
23119,Rcan2,RCAN2
23122,Cst6,CST6
23123,Spink5,SPINK5
23135,Ccn6,CCN6
23144,Cdc45,CDC45
23159,Sdr9c7,SDR9C7
23160,Cnih2,CNIH2
23166,Gzf1,GZF1
23177,Slc22a13,SLC22A13
23184,Gtf2h3,GTF2H3
23198,Tmem151a,TMEM151A
23199,Cd248,CD248
23200,Fkbp1a,FKBP1A
23223,Pacs1,PACS1
23291,Prl,PRL
23350,Rorb,RORB
23352,Ptprg,PTPRG
23359,Cst11,CST11
23362,Ggt7,GGT7
23376,Trpm6,TRPM6
23382,Myod1,MYOD1
23394,Kcnc1,KCNC1
23408,Rnf139,RNF139
23411,Rgs20,RGS20
23421,Kbtbd8,KBTBD8
23426,Mtmr2,MTMR2
23486,Pdzrn3,PDZRN3
23498,Smim33,SMIM33
23499,Fam81b,FAM81B
23508,Ar,AR
23518,Kmt2b,KMT2B
23547,Lzts1,LZTS1
23550,Ddx4,DDX4
23564,Hspb8,HSPB8
23578,Trib1,TRIB1
23582,Mtfp1,MTFP1
23592,Rep15,REP15
23593,Impg2,IMPG2
23594,Lrrc55,LRRC55
23596,Myom1,MYOM1
23606,Prg3,PRG3
23607,Dusp15,DUSP15
23618,Kera,KERA
23619,Tmprss3,TMPRSS3
23641,Clcn5,CLCN5
23651,Fkbp2,FKBP2
23657,Med13l,MED13L
23689,Atp6v1e1,ATP6V1E1
23702,Cdadc1,CDADC1
23709,Exoc1l,EXOC1L
23712,Fgf5,FGF5
23717,Tmem158,TMEM158
23718,D030056L22Rik,C9orf40
23719,Spmap2l,SPMAP2L
23721,Mrgprd,MRGPRD
23733,Gpr27,GPR27
23734,Dtd1,DTD1
23741,Lpxn,LPXN
23746,Mtus2,MTUS2
23753,Cfap44,CFAP44
23766,Scn4b,SCN4B
23772,Galntl6,GALNTL6
23778,Actr5,ACTR5
23781,Arhgap33,ARHGAP33
23793,Slc46a3,SLC46A3
23803,Egfl6,EGFL6
23811,Catsper3,CATSPER3
23813,Ccdc81,CCDC81
23823,Morc1,MORC1
23826,Ptgis,PTGIS
23829,Pitx1,PITX1
23835,Lrch2,LRCH2
23900,Klhl9,KLHL9
23903,Foxe1,FOXE1
23908,Neurog1,NEUROG1
23909,Nalcn,NALCN
23946,Xbp1,XBP1
23954,Slc6a7,SLC6A7
23958,Prelid3b,PRELID3B
23964,Il9r,IL9R
23969,Arvcf,ARVCF
23982,Grm6,GRM6
23990,Cfap68,CFAP68
23995,Amh,AMH
23998,Pdrg1,PDRG1
24004,Klhl4,KLHL4
24011,Trat1,TRAT1
24017,Ttc23l,TTC23L
24027,Pstpip2,PSTPIP2
24056,Mansc4,MANSC4
24058,Dnmt3c,DNMT3B
24102,Foxn4,FOXN4
24106,Bfsp2,BFSP2
24114,S1pr5,S1PR5
24119,Or8h9,OR8H3
24334,Or8k16,OR8K5
24335,Ugt2a1,UGT2A1
24349,Rnf7,RNF7
24356,Kntc1,KNTC1
24371,Or5j3,OR5J2
24372,Pou5f2,POU5F2
24373,Or10q12,OR10Q1
24376,Nr2f1,NR2F1
24384,Prok2,PROK2
24386,Mpst,MPST
24401,Greb1l,GREB1L
24414,Dynlt3,DYNLT3
24419,Cfap299,CFAP299
24427,Or4d11,OR4D11
24428,Or8u9,OR8U1
24429,Sox14,SOX14
24433,Zfp354b,ZNF354B
24437,Or8u3,OR8U3
24438,Zic1,ZIC1
24443,Or5m9b,OR5M9
24445,Unc5c,UNC5C
24449,Sct,SCT
24451,Drd4,DRD4
24453,Rtl4,RTL4
24457,Rap2c,RAP2C
24472,Ppm1l,PPM1L
24477,Hira,HIRA
24492,Or10g6,OR10G6
24493,Or10g9b,OR10G9
24496,Mir130a,MIR130A
24508,Snord22,SNORD22
24509,Gm22680,SNORD30
24510,Gm24453,SNORD28
24511,Synpr,SYNPR
24526,Gm24452,SNORD27
24527,Gm25894,SNORD26
24528,Gm25855,SNORD25
24529,Rcbtb1,RCBTB1
24547,Slc6a19,SLC6A19
24549,Ypel4,YPEL4
24559,Prr12,PRR12
24561,Btg3,BTG3
24590,Kantr,KANTR
24597,Adh4,ADH4
24608,Slc6a18,SLC6A18
24610,Nap1l2,NAP1L2
24634,Emilin2,EMILIN2
24643,Clcf1,CLCF1
24645,Six5,SIX5
24648,Rnf128,RNF128
24653,Mapk4,MAPK4
24669,Ptprcap,PTPRCAP
24670,Gpr152,GPR152
24671,Mir218-1,MIR218-1
24672,Kcnip4,KCNIP4
24681,Hcar2,HCAR2
24683,Gm23262,SNORD97
24684,Hcar1,HCAR1
24685,Apln,APLN
24687,Sptbn4,SPTBN4
24699,Praf2,PRAF2
24703,Fshb,FSHB
24706,Sis,SI
24709,Tab3,TAB3
24719,2210408I21Rik,KIAA0825
24724,Rhag,RHAG
24730,Ankrd33,ANKRD33
24747,Serpinb2,SERPINB2
24757,Trio,TRIO
24784,Tamalin,TAMALIN
24792,Abhd13,ABHD13
24799,Ift88,IFT88
24851,Ndp,NDP
24856,Lipt2,LIPT2
24859,Mtcp1,MTCP1
24865,Cstf1,CSTF1
24881,Stab2,STAB2
24887,Tmem50b,TMEM50B
24903,Rtn4rl2,RTN4RL2
24906,Chrna9,CHRNA9
24916,Steep1,STEEP1
24921,Ube2l6,UBE2L6
24929,H2bc24,H2BC13
24933,Adamts3,ADAMTS3
24936,Taar5,TAAR5
24937,Mapre2,MAPRE2
24954,Myct1,MYCT1
24957,Ly6g6d,LY6G6D
24960,Scn2b,SCN2B
24964,Drp2,DRP2
24971,Nkapl,NKAPL
24978,Taf8,TAF8
24998,Gm5617,C11orf71
25000,Spring1,SPRING1
25004,Afp,AFP
25011,Tecta,TECTA
25017,Spata16,SPATA16
25019,Hrk,HRK
25023,Or6c217,OR6C70
25026,Samsn1,SAMSN1
25040,Tbc1d8b,TBC1D8B
25049,Snord59a,SNORD59A
25050,Sp7,SP7
25058,Snx19,SNX19
25071,Ppef2,PPEF2
25078,Mir148b,MIR148B
25079,Scarna10,SCARNA10
25083,Naaladl2,NAALADL2
25136,Pfdn4,PFDN4
25152,Prkab1,PRKAB1
25162,Ablim2,ABLIM2
25179,Gm136,C6orf163
25183,Clec4g,CLEC4G
25188,Cct8,CCT8
25213,Rtl3,RTL3
25215,Gjb1,GJB1
25239,Kcnq2,KCNQ2
25292,Nanos3,NANOS3
25308,Zfp106,ZNF106
25320,Cabp4,CABP4
25327,Eid3,EID3
25328,Atp8b3,ATP8B3
25336,Rnft2,RNFT2
25344,Mecom,MECOM
25364,Tssk1,TSSK1B
25369,Mcc,MCC
25379,Phactr1,PHACTR1
25406,Pof1b,POF1B
25420,Vamp1,VAMP1
25428,Col13a1,COL13A1
25479,Ldlrad4,LDLRAD4
25540,Rnf212,RNF212
25556,Lrrc75b,LRRC75B
25567,Btnl2,BTNL2
25572,Olig2,OLIG2
25578,Cfl1,CFL1
25593,Ripply2,RIPPLY2
25596,Ifnl3,IFNL3
25602,Slc37a1,SLC37A1
25634,Rergl,RERGL
25639,Pex26,PEX26
25644,Hcn2,HCN2
25645,Cchcr1,CCHCR1
25677,Csnk1a1,CSNK1A1
25709,Myef2,MYEF2
25724,Gpr174,GPR174
25733,Fgf22,FGF22
25739,Smim31,SMIM31
25750,Mtnr1b,MTNR1B
25753,Ccdc117,CCDC117
25761,Ppfia2,PPFIA2
25793,Mmp1a,MMP1
25797,Pspn,PSPN
25799,Renbp,RENBP
25810,Khsrp,KHSRP
25822,Pate1,PATE1
25827,Tob2,TOB2
25839,Sorcs2,SORCS2
25842,Ralbp1,RALBP1
25868,Lrfn3,LRFN3
25872,Pate3,PATE3
25873,Cog6,COG6
25897,Sdhaf1,SDHAF1
25898,Nipsnap1,NIPSNAP1
25911,Pgrmc1,PGRMC1
25915,Unc13a,UNC13A
25924,Gria1,GRIA1
25940,Nutm1,NUTM1
25943,Tmem132a,TMEM132A
25957,Fgf13,FGF13
25967,Trpm1,TRPM1
25979,Snord73b,SNORD73B
25980,Snord73a,SNORD73A
25981,Prss48,PRSS48
25983,Chrna10,CHRNA10
25988,Vegfc,VEGFC
25990,Slc35a2,SLC35A2
26009,Chst2,CHST2
26010,Sh3bp1,SH3BP1
26025,Rtp1,RTP1
26027,Tead1,TEAD1
26033,Scpppq1,SCPPPQ1
26035,Insl3,INSL3
26038,Gdf15,GDF15
26045,Ghsr,GHSR
26047,Lypd3,LYPD3
26051,Gpr149,GPR149
26052,Chic2,CHIC2
26056,Zfp541,ZNF541
26060,Gsx2,GSX2
26063,Fam181b,FAM181B
26064,Clstn2,CLSTN2
26066,Dip2a,DIP2A
26088,Nap1l5,NAP1L5
26089,Scgb1c1,SCGB1C1
26090,Nars1,NARS1
26118,Nlrp6,NLRP6
26122,Nfilz,NFILZ
26128,Or11a4,OR11A1
26131,Nkpd1,NKPD1
26134,Dnajc13,DNAJC13
26143,Ifitm5,IFITM5
26144,Spc24,SPC24
26151,Kpna3,KPNA3
26157,Klk4,KLK4
26166,Tmem126b,TMEM126B
26177,Desi1,DESI1
26183,Spink7,SPINK7
26230,Snap29,SNAP29
26238,Ccdc192,CCDC192
26242,Tmem47,TMEM47
26244,Kcnn2,KCNN2
26262,Ccdc89,CCDC89
26276,Slco3a1,SLCO3A1
26293,Trim42,TRIM42
26306,Spata9,SPATA9
26312,Klhl6,KLHL6
26316,Ada,ADA
26380,Xpnpep2,XPNPEP2
26388,Dchs1,DCHS1
26390,Elfn2,ELFN2
26398,Mir9-2,MIR9-2
26399,Tm9sf2,TM9SF2
26420,Adamts9,ADAMTS9
26431,Cabin1,CABIN1
26450,Spock1,SPOCK1
26460,Omp,OMP
26461,Mir874,MIR874
26466,Pcdha4,PCDHA4
26470,BC051019,C11orf16
26476,Ankrd33b,ANKRD33B
26478,Zfp92,ZFP92
26482,Gata6,GATA6
26491,Slit3,SLIT3
26498,Nrk,NRK
26504,Snora23,SNORA23
26508,Alas2,ALAS2
26518,Ceacam18,CEACAM18
26520,Etv2,ETV2
26526,Ankrd34c,ANKRD34C
26527,AI661453,C6orf132
26530,Ryr3,RYR3
26564,Cep76,CEP76
26579,Mab21l1,MAB21L1
26582,Armc12,ARMC12
26586,Gk5,GK5
26598,Rnaseh2b,RNASEH2B
26663,Upk1a,UPK1A
26665,Mir218-2,MIR218-2
26670,Selenop,SELENOP
26685,Prtn3,PRTN3
26687,Lhfpl5,LHFPL5
26693,Dusp22,DUSP22
26709,Lrrc10b,LRRC10B
26710,Tmprss9,TMPRSS9
26716,Mta2,MTA2
26723,Fbxo45,FBXO45
26725,Napg,NAPG
26738,Kcnip1,KCNIP1
26746,Rnf168,RNF168
26748,Pnpla5,PNPLA5
26755,Rom1,ROM1
26760,Cul4b,CUL4B
26802,Mb21d2,MB21D2
26803,Opa3,OPA3
26806,Ints5,INTS5
26807,Gmnc,GMNC
26811,Mir330,MIR330
26812,Adora2a,ADORA2A
26857,Jak3,JAK3
26868,1810009A15Rik,C11orf98
26871,Snora57,SNORA57
26872,Plcxd3,PLCXD3
26875,Plac8l1,PLAC8L1
26877,Rims1,RIMS1
26908,Taf4b,TAF4B
26919,Deup1,DEUP1
26931,Ablim3,ABLIM3
26954,Eva1c,EVA1C
26985,P2rx2,P2RX2
26993,Snora68,SNORA68
26997,Slc5a5,SLC5A5
27000,Zranb1,ZRANB1
27002,B4galt5,B4GALT5
27006,Ppp1r3c,PPP1R3C
27025,Mrgprx1,MRGPRX3
27037,Pcnp,PCNP
27048,Or5an10,OR5AN1
27063,Tpst2,TPST2
27120,Or51l1,OR51L1
27123,Ncr1,NCR1
27131,Or8j3,OR8J1
27134,D7Ertd443e,C10orf90
27143,Or8d4,OR8D4
27147,Or4c102,OR4C6
27163,Or8h10,OR8H2
27167,Or52n5,OR52N5
27169,Fancd2os,FANCD2OS
27175,Or56a4,OR56A4
27183,Or52a5,OR52A5
27193,Or8d1,OR8D1
27197,Or5b96,OR5B3
27212,Rspo4,RSPO4
27219,Or5a21,OR5A2
27224,Or10g7,OR10G7
27225,Htr7,HTR7
27228,Or52n1,OR52N1
27231,Or5m3b,OR5M3
27234,Or8b8,OR8B8
27242,Mir425,MIR425
27244,Sntn,SNTN
27247,Matn4,MATN4
27257,Rdh13,RDH13
27280,Thoc7,THOC7
27287,Yes1,YES1
27311,Il17b,IL17B
27315,Mir143,MIR143
27316,Mir145a,MIR145
27317,Rnf145,RNF145
27328,Kcnma1,KCNMA1
27424,Strit1,STRIT1
27425,Nudt16,NUDT16
27431,Hif3a,HIF3A
27450,Nherf4,NHERF4
27464,Dipk2a,DIPK2A
27471,Mir1224,MIR1224
27475,Cbs,CBS
27543,Rtf2,RTF2
27561,Cabp2,CABP2
27565,Camk2n2,CAMK2N2
27581,Fbll1,FBLL1
27582,Tmie,TMIE
27585,Mir103-1,MIR103A1
27586,Tdg,TDG
27596,Prss50,PRSS50
27597,Pde4d,PDE4D
27624,Or10a4,OR10A4
27628,Or9g20,OR9G1
27629,Or4d10c,OR4D10
27632,Lrrc15,LRRC15
27634,Fem1a,FEM1A
27636,Cxxc1,CXXC1
27680,Fam43a,FAM43A
27681,Otog,OTOG
27690,Fbn1,FBN1
27704,Edem1,EDEM1
27711,Ptprq,PTPRQ
27724,Lrp3,LRP3
27728,Apoa4,APOA4
27729,Scn11a,SCN11A
27743,Lsm14b,LSM14B
27751,Otogl,OTOGL
27759,Or56a3b,OR56A3
27767,Slc25a43,SLC25A43
27772,Or51m1,OR51M1
27775,Ggt5,GGT5
27827,Or51i2,OR51I2
27828,Or52k2,OR52K2
27829,Stxbp2,STXBP2
27852,Ccdc87,CCDC87
27853,Htr2c,HTR2C
27857,Or52m1,OR52M1
27858,Ptpn1,PTPN1
27864,Apool,APOOL
27867,Or5m10b,OR5M1
27869,Or51f2,OR51F2
27872,Or8b3,OR8B3
27875,Or10a3,OR10A3
27881,Or10a2,OR10A2
27883,Or5a1,OR5A1
27983,Oas1a,OAS1
28148,Gas6,GAS6
28189,Or51g2,OR51G2
28190,Or51a7,OR51A7
28192,Gpr173,GPR173
28195,Hpse2,HPSE2
28200,Or52e4,OR52E4
28202,Or5t17,OR5T1
28204,Or6a2,OR6A2
28205,Pabir2,PABIR2
28216,Or51d1,OR51D1
28218,Or51e1,OR51E1
28220,Or2ag13,OR2AG2
28253,Pabpc1l,PABPC1L
28274,Abcc2,ABCC2
28288,2510009E07Rik,C3orf70
28290,Or51e2,OR51E2
28299,Cldn1,CLDN1
28301,Spty2d1,SPTY2D1
28304,Heatr4,HEATR4
28311,Zic4,ZIC4
28328,Accsl,ACCSL
28330,Lypd4,LYPD4
28333,Dmrtc2,DMRTC2
28341,Zc3h11a,ZC3H11C
28342,Nbdy,NBDY
28347,Alx4,ALX4
28348,Gpr82,GPR82
28351,Snora3,SNORA3A
28353,Gm24888,SNORA3B
28354,Klhl31,KLHL31
28356,Gm24336,SNORA12
28357,Mmp3,MMP3
28360,Pkd2l1,PKD2L1
28364,Shroom4,SHROOM4
28370,Calhm5,CALHM5
28371,Calhm4,CALHM4
28376,Erfl,ERFL
28377,Cd79a,CD79A
28380,Slc4a11,SLC4A11
28398,Rwdd1,RWDD1
28404,Oas2,OAS2
28419,Mir582,MIR582
28420,Crx,CRX
28426,Mmp12,MMP12
28427,Zfp503,ZNF503
28428,Pfkfb1,PFKFB1
28447,Lrmda,LRMDA
28462,Syt13,SYT13
28465,Tgfbi,TGFBI
28480,Pidd1,PIDD1
28491,Itpkc,ITPKC
28496,Rsph4a,RSPH4A
28500,Ado,ADO
28502,Amt,AMT
28560,Tnks2,TNKS2
28565,Nfkbil1,NFKBIL1
28570,Vps29,VPS29
28582,Mast1,MAST1
28591,Rad9b,RAD9B
28600,Fgfbp3,FGFBP3
28601,Fhip2a,FHIP2A
28606,Sf3b5,SF3B5
28607,Rsf1,RSF1
28619,Dop1a,DOP1A
28626,Tmem255b,TMEM255B
28648,Smim32,SMIM32
28649,Faap24,FAAP24
28659,Sorcs1,SORCS1
28666,Stk4,STK4
28684,Ovch2,OVCH2
28688,Pde4c,PDE4C
28702,Il31ra,IL31RA
28714,Or4d5,OR4D5
28715,Or5d47,OR5D18
28718,Or8k1,OR8K1
28719,Or8i2,OR8I2
28720,Or5ar1,OR5AR1
28721,Or4a68,OR4A16
28755,Proser2,PROSER2
28759,Arglu1,ARGLU1
28766,Ppp1cc,PPP1CC
28781,Cxcl12,CXCL12
28788,Lnx2,LNX2
28803,Patz1,PATZ1
28813,1700024G13Rik,C10orf53
28816,Or9q2,OR9Q2
28817,Snord98,SNORD98
28818,Or5as1,OR5AS1
28821,Or2ag18,OR2AG1
28843,Pitx3,PITX3
28848,Or8g23,OR8G1
28858,Nanos1,NANOS1
28892,Or4c15b,OR4C15
28898,Snora19,SNORA19
28901,Or51t4,OR51T1
28904,Or8d2,OR8D2
28907,Or6x1,OR6X1
28908,Or8b12,OR8B12
28914,Txn2,TXN2
28931,Or8b4,OR8B4
28932,3110040N11Rik,C15orf40
28944,Or5m11,OR5M11
28946,Zswim3,ZSWIM3
28948,Lhx5,LHX5
28950,Or5m8,OR5M8
28951,Mmp24,MMP24
28954,Pcid2,PCID2
28976,Or4c11,OR4C11
28986,Or9i1,OR9I1
28988,Dusp13b,DUSP13B
29002,Ankrd52,ANKRD52
29010,Pinlyp,PINLYP
29017,Or5b21,OR5B21
29018,Mc2r,MC2R
29027,Or10ag2,OR10AG1
29033,Cldn2,CLDN2
29040,Or51i1,OR51I1
29041,Rbl1,RBL1
29047,Or52h1,OR52H1
29049,Smad3,SMAD3
29076,Psmg2,PSMG2
29103,P2ry10,P2RY10
29108,Ccdc73,CCDC73
29112,Dusp13a,DUSP13A
29121,Pja1,PJA1
29129,Vmn1r237,VN1R4
29134,Tmem160,TMEM160
29135,Zc3h4,ZC3H4
29140,Ptchd1,PTCHD1
29143,Il23a,IL23A
29146,Or5ap2,OR5AP2
29147,Or4d6,OR4D6
29148,Bsn,BSN
29150,Trabd,TRABD
29186,Asb9,ASB9
29201,Arhgap20,ARHGAP20
29210,Golt1b,GOLT1B
29220,Psmd8,PSMD8
29234,Amigo3,AMIGO3
29235,Snord2,SNORD2
29236,Gm24201,SNORA63B
29237,Snora81,SNORA81
29239,Gm26447,SNORA63
29240,Gm24616,SNORA4
29241,Foxl2,FOXL2
29242,Epb42,EPB42
29256,2310057M21Rik,C10orf88
29264,Dipk2b,DIPK2B
29272,Spx,SPX
29280,Myt1,MYT1
29289,Pstk,PSTK
29298,Relb,RELB
29305,Foxp3,FOXP3
29316,Prrc1,PRRC1
29323,Rnd1,RND1
29329,Mir15b,MIR15B
29330,Mir16-2,MIR16-2
29331,Arl14,ARL14
29333,Chmp2b,CHMP2B
29355,Cdk2ap1,CDK2AP1
29367,Zfp296,ZNF296
29368,Atrn,ATRN
29371,Bltp3a,BLTP3A
29372,Wnt5a,WNT5A
29379,Dock6,DOCK6
29395,Lrrk1,LRRK1
29406,Usp14,USP14
29420,Bri3bp,BRI3BP
29423,Gpr62,GPR62
29424,Tcp11,TCP11
29453,Slc35a4,SLC35A4
29458,Irx1,IRX1
29459,Nuak1,NUAK1
29463,Ntm,NTM
29486,Trim23,TRIM23
29495,Or6c8b,OR2AP1
29498,Sh2d4b,SH2D4B
29504,Tbc1d30,TBC1D30
29512,Kif3b,KIF3B
29515,Rnls,RNLS
29519,Wbp4,WBP4
29524,Bfsp1,BFSP1
29530,Was,WAS
29551,Msgn1,MSGN1
29552,Trappc13,TRAPPC13
29565,Rnf10,RNF10
29590,Efna2,EFNA2
29591,Spire1,SPIRE1
29612,Dusp7,DUSP7
29614,Gjd4,GJD4
29615,Atp11a,ATP11A
29634,Gdpd4,GDPD4
29640,Fzd8,FZD8
29641,Mirlet7g,MIRLET7G
29642,Mir135a-1,MIR135A1
29644,Bap1,BAP1
29715,Procr,PROCR
29721,Gdf7,GDF7
29722,Tpbgl,TPBGL
29723,Snord14a,SNORD14B
29725,Atp5f1e,ATP5F1E
29729,Zfp36l1,ZFP36L1
29735,Ift46,IFT46
29748,Kcng3,KCNG3
29750,Fshr,FSHR
29759,Dynlrb1,DYNLRB1
29766,Bcl2l13,BCL2L13
29791,Rnf225,RNF225
29792,Plcg1,PLCG1
29843,Serpina7,SERPINA7
29849,Pcdh12,PCDH12
29852,Sgpl1,SGPL1
29873,Postn,POSTN
29894,Ppef1,PPEF1
29906,Hnrnpa0,HNRNPA0
29908,Cadm2,CADM2
29913,Tmem72,TMEM72
29917,Cdk2,CDK2
29932,Snurf,SNURF
29935,Prkch,PRKCH
29962,Usp34,USP34
29985,Wnt8b,WNT8B
29986,Snord107,SNORD107
29987,Smtnl1,SMTNL1
29988,Snord64,SNORD64
29989,Hmgcs1,HMGCS1
29998,Gad2,GAD2
30007,Or51s1,OR51S1
30008,BC048562,CIMIP7
30011,Clrn1,CLRN1
30019,Kcnk7,KCNK7
30033,Tnf,TNF
30035,Ccl28,CCL28
30039,Otc,OTC
30062,Glipr1,GLIPR1
30068,Ostm1,OSTM1
30093,Tmem167,TMEM167A
30099,Or5p60,OR5P2
30120,Tmem40,TMEM40
30128,Vsig10l2,VSIG10L2
30133,C1ql3,C1QL3
30135,Gm24507,SCARNA18
30136,Septin5,SEPTIN5
30150,Cyth2,CYTH2
30164,Srgn,SRGN
30167,Trhde,TRHDE
30174,Agbl2,AGBL2
30187,Pcdh19,PCDH19
30195,Cga,CGA
30201,Hexb,HEXB
30215,Mir206,MIR206
30216,Mir133b,MIR133B
30217,Il17a,IL17A
30218,Magix,MAGIX
30228,Il17f,IL17F
30231,Lbh,LBH
30245,Gje1,GJE1
30246,Pgr,PGR
30256,Or6c6c,OR6C6
30258,Ly6g5b,LY6G5B
30262,Taar8c,TAAR8
30265,Taar9,TAAR9
30266,Cdx4,CDX4
30271,Rps6ka6,RPS6KA6
30280,Ly6g5c,LY6G5C
30287,Lalba,LALBA
30289,Or2i1,OR2I1
30292,Irak1bp1,IRAK1BP1
30296,Neurod4,NEUROD4
30298,Bcl11a,BCL11A
30325,Snora7a,SNORA7A
30326,Prkag1,PRKAG1
30346,Lrfn2,LRFN2
30348,Mocos,MOCOS
30359,Mcm8,MCM8
30366,1700102P08Rik,C3orf62
30370,Dennd6b,DENND6B
30384,Mdn1,MDN1
30413,Fat2,FAT2
30415,Tceal5,TCEAL5
30445,Cimap1a,CIMAP1A
30448,Trp63,TP63
30462,Oaz2,OAZ2
30471,Msx2,MSX2
30514,Ropn1l,ROPN1L
30524,Trim3,TRIM3
30542,Cpne5,CPNE5
30550,Cebpa,CEBPA
30551,Zfp536,ZNF536
30565,Trmt6,TRMT6
30574,Tacr1,TACR1
30577,Tnni2,TNNI2
30582,Ppara,PPARA
30633,Zc3h12d,ZC3H12D
30639,Cib4,CIB4
30642,Hectd4,HECTD4
30658,Fam174a,FAM174A
30662,Erg,ERG
30691,Guca1a,GUCA1A
30693,Mybpc3,MYBPC3
30696,Actbl2,ACTBL2
30697,Slx4ip,SLX4IP
30700,H2ac1,H2AC1
30702,H2bc1,H2BC1
30703,Glp1r,GLP1R
30738,Rab31,RAB31
30756,Crls1,CRLS1
30769,Dnah6,DNAH6
30774,Saysd1,SAYSD1
30779,Pcdh1,PCDH1
30790,Gapdhs,GAPDHS
30793,2310057J18Rik,C6orf58
30795,Mtcl3,MTCL3
30799,Fgf6,FGF6
30802,Ddit3,DDIT3
30808,Ncoa6,NCOA6
30826,Ttbk1,TTBK1
30829,Atp4a,ATP4A
30833,Cntn5,CNTN5
30844,Acaa2,ACAA2
30870,Tmem132c,TMEM132C
30871,Yipf6,YIPF6
30884,Clec12b,CLEC12B
30889,Alk,ALK
30902,Mdfic2,MDFIC2
30903,Rpp14,RPP14
30909,Itgb2,ITGB2
30949,Ceacam20,CEACAM20
30954,Ascl4,ASCL4
30955,Tmem132b,TMEM132B
30961,Tfip11,TFIP11
31000,Pex5l,PEX5L
31018,Rassf9,RASSF9
31019,Zfp449,ZNF449
31025,Ceacam16,CEACAM16
31028,Fgd4,FGD4
31048,Fdx2,FDX2
31056,Tfe3,TFE3
31063,Nav2,NAV2
31078,Gpx4,GPX4
31092,Gja3,GJA3
31098,Utrn,UTRN
31110,Xpo4,XPO4
31118,L1cam,L1CAM
31138,Tgds,TGDS
31145,Tulp2,TULP2
31154,Cimip2c,CIMIP2C
31158,Il1b,IL1B
31166,Ptov1,PTOV1
31187,Zfp407,ZNF407
31197,Col4a1,COL4A1
31222,Sh3rf3,SH3RF3
31223,Dst,DST
31264,Tmem182,TMEM182
31275,Npc1,NPC1
31303,Psma7,PSMA7
31317,Zbed4,ZBED4
31332,Naa20,NAA20
31341,Rasl10a,RASL10A
31347,Or6c3,OR6C3
31349,Wbp2nl,WBP2NL
31359,E2f1,E2F1
31363,Nxph2,NXPH2
31364,Krt4,KRT4
31369,Krt79,KRT79
31372,Itpa,ITPA
31393,Htd2,HTD2
31400,Hmgxb4,HMGXB4
31411,Tmem185b,TMEM185B
31417,Crygs,CRYGS
31421,H2aj,H2AJ
31424,Erp27,ERP27
31427,Il5ra,IL5RA
31438,Or10p1,OR10P1
31439,Esrrb,ESRRB
31447,Rinl,RINL
31457,Kmt2d,KMT2D
31492,Ccer2,CCER2
31494,Sowahc,SOWAHC
31495,Samm50,SAMM50
31510,Dyrk1b,DYRK1B
31518,Gpr83,GPR83
31520,Lrp1b,LRP1B
31525,Syne2,SYNE2
31555,A930018P22Rik,C11orf91
31559,Or5b12b,OR5B12
31561,Or51v8,OR51V1
31585,Or8k3,OR8K3
31597,Rmc1,RMC1
31624,Or9g4,OR9G4
31628,H2ax,H2AX
31631,Zglp1,ZGLP1
31635,Apmap,APMAP
31647,Aplnr,APLNR
31649,Htr3b,HTR3B
31652,Kcnj3,KCNJ3
31656,Strn4,STRN4
31703,Ifitm1,IFITM2
31772,Hsph1,HSPH1
31790,Chm,CHM
31801,Hrh3,HRH3
31805,Nsun3,NSUN3
31813,Paxbp1,PAXBP1
31825,Or5p80,OR5P3
31827,Dido1,DIDO1
31838,Wnt1,WNT1
31839,Arl13b,ARL13B
31866,Tmt1b,TMT1B
31867,Tbr1,TBR1
31873,Nos1,NOS1
31878,Slc25a18,SLC25A18
31913,Pin4,PIN4
31923,Pou2af1,POU2AF1
31935,Rit2,RIT2
31943,Mir34b,MIR34B
31944,Mir34c,MIR34C
31945,Btg4,BTG4
31950,BC031181,C18orf32
31966,Tmem86a,TMEM86A
31971,Huwe1,HUWE1
31992,Mbd1,MBD1
32140,Nwd1,NWD1
32151,Tmbim4,TMBIM4
32167,Mrgpra3,MRGPRX2
32178,Acot8,ACOT8
32228,Or52e5,OR52E5
32229,Izumo1r,IZUMO1R
32232,Taf10,TAF10
32238,Ascl3,ASCL3
32239,Or51f1,OR51F1
32242,Pou2af2,POU2AF2
32246,Pou2af3,POU2AF3
32253,Gabpa,GABPA
32290,Cyp8b1,CYP8B1
32292,Rnf26,RNF26
32295,Iqcf1,IQCF1
32297,C1qtnf5,C1QTNF5
32301,Or6c1,OR6C1
32305,Mfrp,MFRP
32311,Tpx2,TPX2
32344,Acsm4,ACSM4
32346,Iqcf5,IQCF5
32347,Scn10a,SCN10A
32350,Acacb,ACACB
32365,Actl9,ACTL9
32366,Zfp628,ZNF628
32368,Fgf4,FGF4
32370,Cxcr5,CXCR5
32371,Inhbb,INHBB
32372,Upk2,UPK2
32426,Zfp385b,ZNF385B
32440,Eaf1,EAF1
32447,Trex1,TREX1
32453,Ucn2,UCN2
32454,Nlrp10,NLRP10
32456,Mir711,MIR711
32457,Tmem89,TMEM89
32458,Arl4c,ARL4C
32460,Kremen1,KREMEN1
32474,Celsr3,CELSR3
32478,Mdh1b,MDH1B
32484,Carm1,CARM1
32495,Slc25a30,SLC25A30
32511,Osbp2,OSBP2
32534,Smim35,SMIM35
32539,Gtf2a1l,GTF2A1L
32546,Spaca6,SPACA6
32561,Pou6f1,POU6F1
32572,Angptl8,ANGPTL8
32575,Mrpl34,MRPL34
32609,Ano8,ANO8
32613,Pax6,PAX6
32694,Gpr180,GPR180
32698,Zswim2,ZSWIM2
32700,Zmym5,ZMYM5
32715,Ccdc194,CCDC194
32717,Piwil1,PIWIL1
32725,Itprid2,ITPRID2
32740,Catsperg1,CATSPERG
32772,Tbc1d4,TBC1D4
32786,Pigx,PIGX
32795,Col9a1,COL9A1
32811,Tmem120b,TMEM120B
32818,Txnrd3,TXNRD3
32822,Gart,GART
32859,Fosb,FOSB
32871,Micu2,MICU2
32887,Rhof,RHOF
32894,Akap6,AKAP6
32912,Gdpd2,GDPD2
32918,Tlr9,TLR9
32919,1110032F04Rik,C3orf80
32921,Kdelr3,KDELR3
32927,Or5k1b,OR5K1
32931,Tmem207,TMEM207
32940,Dnah7a,DNAH7
32956,Plscr5,PLSCR5
32959,Brd1,BRD1
32987,Prrg3,PRRG3
32998,Nr1i2,NR1I2
33003,Eif1ax,EIF1AX
33009,Mir26a-2,MIR26A2
33010,Mbd3l1,MBD3L1
33033,Snw1,SNW1
33042,Tmco3,TMCO3
33075,Tnnc1,TNNC1
33079,Mid1ip1,MID1IP1
33092,Prrc2a,PRRC2A
33106,Dpp10,DPP10
33119,Dnah1,DNAH1
33127,Avil,AVIL
33262,Tab1,TAB1
33273,Adss1,ADSS1
33288,Grm1,GRM1
33299,Cspg5,CSPG5
33304,Snx12,SNX12
33318,Vwc2l,VWC2L
33321,Cd69,CD69
33325,Ccdc157,CCDC157
33337,Smoc1,SMOC1
33352,Camp,CAMP
33354,Zc3h12b,ZC3H12B
33361,Efnb2,EFNB2
33364,5031439G07Rik,KIAA0930
33385,Ube2c,UBE2C
33480,Elf1,ELF1
33512,Ndufb11,NDUFB11
33522,Abca12,ABCA12
33528,Rasgrp4,RASGRP4
33544,B3gat2,B3GAT2
33546,Hmgb3,HMGB3
33561,Plxna1,PLXNA1
33573,Vegfa,VEGFA
33599,Pes1,PES1
33636,Or5h26,OR5H14
33648,Med14,MED14
33673,Or5h19,OR5H6
33685,Serpina9,SERPINA9
33697,Fam240a,FAM240A
33704,Ankrd10,ANKRD10
33726,Kalrn,KALRN
33778,Gprc5d,GPRC5D
33780,Dyrk4,DYRK4
33797,Itm2c,ITM2C
33807,Tedc1,TEDC1
33829,Mtmr6,MTMR6
33838,Kcna6,KCNA6
33839,Kcna1,KCNA1
33844,Tmprss12,TMPRSS12
33846,Gm973,KIAA2012
33850,Higd1c,HIGD1C
33853,Pou1f1,POU1F1
33857,Aicda,AICDA
33866,Pcca,PCCA
33924,Ralgapa2,RALGAPA2
33931,Nudt18,NUDT18
33933,Ppp3r1,PPP3R1
33936,Rbm43,RBM43
33938,Sphkap,SPHKAP
33941,Ccdc83,CCDC83
33945,Cbx7,CBX7
33965,Ryr1,RYR1
33979,Gab2,GAB2
33986,Sgpp1,SGPP1
33988,Fam217b,FAM217B
33999,Ak7,AK7
34012,Necap1,NECAP1
34039,Setd4,SETD4
34071,Inpp5d,INPP5D
34085,Sgsm1,SGSM1
34094,Cyp7a1,CYP7A1
34095,Prex1,PREX1
34100,Retnlb,RETNLB
34106,Slc22a14,SLC22A14
34115,Ins2,INS
34120,Ascl2,ASCL2
34121,Zpld1,ZPLD1
34126,Nxpe2,NXPE2
34127,Alkbh1,ALKBH1
34153,Sac3d1,SAC3D1
34158,Naaladl1,NAALADL1
34180,Isca2,ISCA2
34185,Tubb4a,TUBB4A
34198,Plek2,PLEK2
34205,Ube2v1,UBE2V1
34233,Itpr1,ITPR1
34288,Ccdc160,CCDC160
34298,Smim45,SMIM45
34310,Tceal8,TCEAL8
34325,Gzmb,GZMB
34384,Clec4a1,CLEC4A
34390,Gcat,GCAT
34417,Klf2,KLF2
34421,Snord89,SNORD89
34431,Tincr,TINCR
34437,Cetn2,CETN2
34443,Cbln3,CBLN3
34447,Smim46,SMIM46
34449,Cdca5,CDCA5
34461,Adgb,ADGB
34476,Ube2a,UBE2A
34496,Sdr39u1,SDR39U1
34520,Slc66a3,SLC66A3
34530,Fermt1,FERMT1
34544,Tmem262,TMEM262
34550,Krt80,KRT80
34553,Znhit2,ZNHIT2
34556,Trpm5,TRPM5
34560,Adarb1,ADARB1
34580,Tssk6,TSSK6
34583,Nfkbid,NFKBID
34594,Ugt1a8,UGT1A9
34598,Il22ra2,IL22RA2
34601,Mb,MB
34621,Krt85,KRT85
34624,Apex2,APEX2
34629,Tnxb,TNXB
34693,Gdap1l1,GDAP1L1
34703,Krt84,KRT84
34704,Ugt1a6b,UGT1A6
34720,Krt82,KRT82
34721,Wnk3,WNK3
34728,Spmap2,SPMAP2
34732,Krt75,KRT75
34733,Gm5414,KRT6B
34736,Nup50,NUP50
34822,Cep250,CEP250
34855,Krt5,KRT5
34866,Ugt1a1,UGT1A1
34868,Sycp2l,SYCP2L
34883,Krt71,KRT71
34885,Dnhd1,DNHD1
34903,Dnah8,DNAH8
34916,Krt72,KRT72
34923,Ino80b,INO80B
34932,Krt73,KRT73
35031,Lpar4,LPAR4
35045,Trpc4,TRPC4
35057,Txnrd1,TXNRD1
35076,Tlx2,TLX2
35080,Nrip3,NRIP3
35087,Rbmx2,RBMX2
35092,Tshz3,TSHZ3
35096,G6pc2,G6PC2
35101,Crybb1,CRYBB1
35121,Ffar3,GPR42
35123,Ffar2,FFAR2
35126,Pknox1,PKNOX1
35153,Piwil4,PIWIL4
35161,Zic3,ZIC3
35170,Lrp2,LRP2
35177,Timm17b,TIMM17B
35191,Ywhah,YWHAH
35198,Mtcl2,MTCL2
35205,Foxred2,FOXRED2
35226,Fut4,FUT4
35229,Slc22a2,SLC22A2
35235,Smim17,SMIM17
35237,Romo1,ROMO1
35247,Cldn25,CLDN25
35248,Prkn,PRKN
35271,Nectin1,NECTIN1
35280,Or5ak25,OR5AK3P
35282,Or5ak24,OR5AK2
35284,Pacrg,PACRG
35293,Mob2,MOB2
35299,Col20a1,COL20A1
35309,Pbdc1,PBDC1
35316,Kdm4d,KDM4D
35319,Sesn3,SESN3
35325,Slc7a3,SLC7A3
35340,Dnajb1,DNAJB1
35365,Tas2r130,TAS2R7
35368,Tas2r121,TAS2R13
35369,Fam186b,FAM186B
35374,Arrdc5,ARRDC5
35378,Opn5,OPN5
35383,Rag1,RAG1
35392,Zfp804a,ZNF804A
35393,Rag2,RAG2
35402,Cd8b1,CD8B2
35404,Napa,NAPA
35426,Hoxc13,HOXC13
35427,Naxd,NAXD
35446,Rce1,RCE1
35455,Hoxc12,HOXC12
35457,Mfsd4b5,MFSD4B
35512,Snord94,SNORD94
35513,Hoxc11,HOXC11
35515,Mrpl35,MRPL35
35519,Hoxc10,HOXC10
35524,Hoxc6,HOXC6
35529,Mir196a-2,MIR196A2
35530,Hoxc9,HOXC9
35574,Rev3l,REV3L
35586,Hoxc8,HOXC8
35587,Gm24848,RNU6-1333P
35588,Erfe,ERFE
35595,Myo1h,MYO1H
35600,2010003K11Rik,C11orf86
35602,Synj1,SYNJ1
35617,Slc37a4,SLC37A4
35644,Foxa2,FOXA2
35647,Nrip2,NRIP2
35653,Akp3,ALPP
35659,Poglut2,POGLUT2
35675,Sdc4,SDC4
35679,Tex52,TEX52
35680,Lipe,LIPE
35690,Tead4,TEAD4
35698,Fndc11,FNDC11
35706,Cib3,CIB3
35713,Cdc25b,CDC25B
35728,Mid2,MID2
35741,Lcp1,LCP1
35751,Prss56,PRSS56
35753,Smim24,SMIM24
35757,Chrng,CHRNG
35760,Gm48552,SMIM44
35769,Or10h5,OR10H5
35775,Or5bs2,OR5BS1
35776,Tas2r106,TAS2R10
35781,Armh2,ARMH2
35784,Syncrip,SYNCRIP
35806,S100b,S100B
35820,Gm26079,SNORA49
35823,Tcirg1,TCIRG1
35845,Ifngr2,IFNGR2
35855,Gjb2,GJB2
35865,Aifm1,AIFM1
35900,Dapl1,DAPL1
35904,Arl11,ARL11
35910,Il22,IL22
35912,Lig4,LIG4
35940,Rflna,RFLNA
35945,Kcnj4,KCNJ4
35948,Pibf1,PIBF1
35959,Tcn2,TCN2
35984,Hoxc4,HOXC4
35987,Hoxc5,HOXC5
36012,Ugt1a5,UGT1A4
36020,App,APP
36068,Smim10l1,SMIM10L1
36069,Scn8a,SCN8A
36088,Ptprj,PTPRJ
36098,Ercc5,ERCC5
36140,Ostn,OSTN
36143,Or4b13,OR4B1
36148,Or4x6,OR4X2
36154,Or4x5,OR4X1
36155,Gm55462,SNORD20
36156,Snord82,SNORD82
36160,Rho,RHO
36161,Nmur1,NMUR1
36162,Ric3,RIC3
36175,Aqp12,AQP12B
36183,Gpr171,GPR171
36186,Gpr87,GPR87
36188,Cdk5r2,CDK5R2
36189,Fev,FEV
36191,P2ry13,P2RY13
36192,Mir375,MIR375
36193,Ihh,IHH
36194,Tcea2,TCEA2
36217,Topaz1,TOPAZ1
36218,Aldh3b2,ALDH3B2
36242,Ecrg4,ECRG4
36248,Dis3,DIS3
36255,Pcbp3,PCBP3
36288,Mir26a-1,MIR26A1
36289,Gm54509,SNORA58
36290,Grk3,GRK3
36298,Myh15,MYH15
36303,Or51f23b,OR51C1
36304,Or10d3,OR10D3
36307,Dusp28,DUSP28
36312,Or4a15,OR4A15
36313,Tsga10ip,TSGA10IP
36320,Or5d45,OR5D3P
36326,Or10s1,OR10S1
36327,Ccl20,CCL20
36332,Rassf10,RASSF10
36333,Cbl,CBL
36341,Dytn,DYTN
36344,Iqsec3,IQSEC3
36349,Gp5,GP5
36354,Shox2,SHOX2
36359,Lmf2,LMF2
36386,Prdm16,PRDM16
36397,Kmt5b,KMT5B
36419,Atp13a5,ATP13A5
36423,Kdm5a,KDM5A
36436,Mbd5,MBD5
36469,Robo1,ROBO1
36481,Gabrr2,GABRR2
36484,Lhfpl1,LHFPL1
36493,Tpp2,TPP2
36525,Nkain2,NKAIN2
36529,Ddrgk1,DDRGK1
36545,Bhlhb9,GPRASP3
36554,Rnf217,RNF217
36565,Slc10a3,SLC10A3
36580,Plch2,PLCH2
36589,Pmch,PMCH
36590,Tpd52l1,TPD52L1
36609,Ankle2,ANKLE2
36633,Gm11100,C3orf49
36644,Or5h25,OR5H15
36649,Rcbtb2,RCBTB2
36669,Srgap3,SRGAP3
36681,Mmgt1,MMGT1
36687,Myo3b,MYO3B
36696,Commd7,COMMD7
36711,Pth,PTH
36713,Mmel1,MMEL1
36722,Mapk12,MAPK12
36740,Dgkk,DGKK
36743,Hey2,HEY2
36745,Msantd2,MSANTD2
36754,Map1lc3a,MAP1LC3A
36763,Aire,AIRE
36769,Galnt4,GALNT4
36770,Robo3,ROBO3
36791,Tafa1,TAFA1
36794,Selenok,SELENOK
36798,Kif4,KIF4A
36812,Ccdc174,CCDC174
36817,Tmprss2,TMPRSS2
36857,Tpd52l2,TPD52L2
36882,Vps13d,VPS13D
36907,Chst13,CHST13
36908,Prph,PRPH
36915,Lekr1,LEKR1
36927,Pla2g1b,PLA2G1B
36930,Dnah12,DNAH12
36939,Fzd10,FZD10
36941,Aebp2,AEBP2
36956,Mir125b-1,MIR125B1
36957,Mir100,MIR100
36961,Nrxn2,NRXN2
36981,Mst1,MST1
37002,Ccdc150,CCDC150
37021,Fbln1,FBLN1
37053,Syne1,SYNE1
37104,Phlda1,PHLDA1
37106,Ccdc184,CCDC184
37107,Or10ad1,OR10AD1
37111,Tfdp1,TFDP1
37152,Anks1b,ANKS1B
37187,Gm24044,SNORA6
37188,Snora62,SNORA62
37190,Gm34066,C2orf66
37191,Slc9a4,SLC9A4
37193,Sdcbp2,SDCBP2
37208,Mitd1,MITD1
37217,1700066M21Rik,C2orf69
37222,Samd7,SAMD7
37227,Cfap210,CFAP210
37230,Hes5,HES5
37231,Lrriq4,LRRIQ4
37233,Iqcf6,IQCF6
37237,Kazn,KAZN
37247,Bcl2l1,BCL2L1
37280,Gcg,GCG
37285,Ncbp2,NCBP2
37298,Zbtb33,ZBTB33
37302,Ift70b,IFT70B
37308,Donson,DONSON
37335,Gpc3,GPC3
37351,Samd3,SAMD3
37366,Ncbp2as2,NCBP2AS2
37367,Rybp,RYBP
37371,Col6a6,COL6A6
37374,Spry2,SPRY2
37394,Raly,RALY
37457,Grhl1,GRHL1
37465,Baiap2l2,BAIAP2L2
37476,Cdc16,CDC16
37496,Or52b2,OR52B2
37497,Gm5901,C11orf42
37499,Chrdl2,CHRDL2
37508,Ttll1,TTLL1
37523,Grik3,GRIK3
37527,Vgll4,VGLL4
37545,Pla2g2d,PLA2G2D
37548,Speg,SPEG
37570,Lmntd1,LMNTD1
37582,Ogt,OGT
37615,Dsp,DSP
37633,Padi6,PADI6
37634,Padi4,PADI4
37639,Xrra1,XRRA1
37661,Rlf,RLF
37662,Slc19a1,SLC19A1
37698,Gsg1,GSG1
37708,Dlgap3,DLGAP3
37711,Chst7,CHST7
37739,Inha,INHA
37741,Snip1,SNIP1
37745,Rhob,RHOB
37747,Sp9,SP9
37748,Trmt10c,TRMT10C
37755,Ak5,AK5
37768,Cdhr4,CDHR4
37774,Kcnj13,KCNJ13
37779,Chrna1,CHRNA1
37788,Tarbp2,TARBP2
37827,Zcchc18,ZCCHC18
37836,Cpt1b,CPT1B
37917,Dnajc6,DNAJC6
37933,Cars2,CARS2
37974,Trim66,TRIM66
37987,Stfa2,CSTA
38007,Serpina12,SERPINA12
38012,Hfe,HFE
38036,Fam162a,FAM162A
38050,Leprot,LEPROT
38161,Mx2,MX1
38264,Mthfd2,MTHFD2
38285,Ccdc198,CCDC198
38305,Stk26,STK26
38320,Dtx3l,DTX3L
38323,Negr1,NEGR1
38329,Eif4g2,EIF4G2
38360,Magi1,MAGI1
38378,Shisal2a,SHISAL2A
38440,Dnttip2,DNTTIP2
38451,Zfp384,ZNF384
38469,Pld4,PLD4
38478,Tnfrsf19,TNFRSF19
38495,Rin3,RIN3
38510,Otof,OTOF
38517,Cacna1c,CACNA1C
38577,Bdkrb1,BDKRB1
38583,Gpx7,GPX7
38586,Ston2,STON2
38597,Or4a47,OR4A47
38598,Ropn1,ROPN1
38609,Esd,ESD
38636,Hus1b,HUS1B
38637,Tent5d,TENT5D
38640,Zfyve1,ZFYVE1
38654,Dlg2,DLG2
38704,Alg13,ALG13
38746,Cfap92,CFAP92
38755,Or2w1,OR2W1
38757,Pdcd2,PDCD2
38773,Barhl2,BARHL2
38774,Gkn1,GKN1
38777,Ccr5,CCR5
38779,Dnajb8,DNAJB8
38781,Kcnmb3,KCNMB3
38788,Man1a2,MAN1A2
38793,Otol1,OTOL1
38794,Spatc1l,SPATC1L
38803,Cimap3,CIMAP3
38808,Ap5s1,AP5S1
38818,Gabrr3,GABRR3
38820,Unc5cl,UNC5CL
38824,Trim45,TRIM45
38829,Ctnna2,CTNNA2
38848,Ets2,ETS2
38869,Serpini2,SERPINI2
38877,Egr3,EGR3
38882,Tspo2,TSPO2
38885,Eif2s2,EIF2S2
38898,Spart,SPART
38962,Gtf2a1,GTF2A1
38967,Bcdin3d,BCDIN3D
38969,Htr1b,HTR1B
38970,Mei4,MEI4
38973,Aqp2,AQP2
38976,Smim13,SMIM13
38981,Gm54446,RNU1-64P
38982,Ksr2,KSR2
38985,Sycp1,SYCP1
38996,Moap1,MOAP1
39001,Izumo3,IZUMO3
39004,Setd1b,SETD1B
39007,Gpr137c,GPR137C
39012,Gm527,DORIP1
39019,Col6a5,COL6A5
39024,Tmed8,TMED8
39026,Rsad2,RSAD2
39035,Golga5,GOLGA5
39050,Tshb,TSHB
39051,Tnfaip6,TNFAIP6
39053,Spag17,SPAG17
39066,Epb41l1,EPB41L1
39165,Ndufa1,NDUFA1
39171,Tceal9,TCEAL9
39187,Fer1l5,FER1L5
39191,Gpr143,GPR143
39200,Ano2,ANO2
39211,Gdf6,GDF6
39212,Hspa1a,HSPA1B
39214,Rpl14,RPL14
39223,Col6a2,COL6A2
39259,Treml2,TREML2
39260,Mogat1,MOGAT1
39264,Lysmd1,LYSMD1
39267,Hypk,HYPK
39272,Flacc1,FLACC1
39282,Klhl38,KLHL38
39292,Pkp2,PKP2
39311,H1f2,H1-2
39313,Lyzl4,LYZL4
39316,Mylip,MYLIP
39320,Zfp280c,ZNF280C
39323,Xcl1,XCL2
39325,Mia2,MIA2
39349,Epha6,EPHA6
39366,Cdk15,CDK15
39376,Pdk3,PDK3
39384,Tpr,TPR
39393,Naa10,NAA10
39416,Grin2b,GRIN2B
39426,Crybg3,CRYBG3
39429,Txlnb,TXLNB
39435,Frat1,FRAT1
39439,Or5ac17,OR5AC2
39448,Or5h18,OR5H2
39451,Or5k17,OR5K4
39453,Or5k8,OR5K3
39456,Rrp12,RRP12
39471,Dnajc27,DNAJC27
39478,Slc6a1,SLC6A1
39523,Chil5,CHIA
39573,Sft2d3,SFT2D3
39579,Rbm44,RBM44
39584,Exph5,EXPH5
39590,Phf8,PHF8
39619,Ube2v2,UBE2V2
39628,Kif5c,KIF5C
39665,Poglut3,POGLUT3
39675,Ubac2,UBAC2
39699,Ctdsp2,CTDSP2
39707,Mpzl3,MPZL3
39714,Rdh10,RDH10
39722,Opcml,OPCML
39729,Nipal2,NIPAL2
39740,Or10j5,OR10J5
39742,Tmtc2,TMTC2
39747,Catspere2,CATSPERE
39767,Sugt1,SUGT1
39780,Trim35,TRIM35
39785,Snord67,SNORD67
39787,Fzd4,FZD4
39788,Qser1,QSER1
39794,Prex2,PREX2
39800,Or4c3,OR4C3
39801,Or4c35,OR4C5
39802,Edaradd,EDARADD
39808,Mtln,MTLN
39821,Katnal1,KATNAL1
39835,Art4,ART4
39839,Lrrtm4,LRRTM4
39846,Or52i2,OR52I1
39847,Npas4,NPAS4
39850,Lmx1a,LMX1A
39854,Fzd7,FZD7
39856,Or4c12b,OR4C12
39859,Or4c126,OR4C45
39861,Klf4,KLF4
39869,Itpr2,ITPR2
39879,Cyp26b1,CYP26B1
39884,Ablim1,ABLIM1
39899,Adcy10,ADCY10
39904,Mrps28,MRPS28
39921,Or52b4,OR52B4
39923,Foxb2,FOXB2
39925,Mmp20,MMP20
39928,Cmpk2,CMPK2
39949,Ifna2,IFNA6
39963,Lats2,LATS2
39971,Specc1l,SPECC1L
39991,Ncam1,NCAM1
40019,Dhrs4,DHRS4L2
40035,Blk,BLK
40045,Sele,SELE
40052,Dbx2,DBX2
40123,Bivm,BIVM
40193,Cd200r1,CD200R1
40213,Grina,GRINA
40659,Endou,ENDOU
40667,Prdx4,PRDX4
40675,Rhou,RHOU
40676,Itga4,ITGA4
40687,Prrx1,PRRX1
40695,Drd3,DRD3
40700,Col18a1,COL18A1
40731,Snora34,SNORA2C
40733,Snora2b,SNORA2B
40734,Msr1,MSR1
40750,Ankk1,ANKK1
40752,Klrk1,KLRK1
40757,Trh,TRH
40779,Acrv1,ACRV1
40783,Selenos,SELENOS
40791,Lhx9,LHX9
40799,Trpc1,TRPC1
40804,Glt6d1,GLT6D1
40808,Foxi3,FOXI3
40809,Cnih1,CNIH1
40817,Spmip9,SPMIP9
40818,Igkc,IGKC
40819,Cdkn2b,CDKN2B
40823,Kif26b,KIF26B
40827,Endog,ENDOG
40831,Igkv8-21,IGKV4-1
40841,Pcbp1,PCBP1
40842,Pcsk5,PCSK5
40850,Thoc2,THOC2
40892,Mlf1,MLF1
40913,1700093K21Rik,C2orf74
40919,Pla2g3,PLA2G3
40926,Slc10a1,SLC10A1
40933,Trpa1,TRPA1
40940,Ptpn14,PTPN14
40945,Foxo1,FOXO1
40951,Hoxd13,HOXD13
40952,Smarcb1,SMARCB1
40983,Hoxd12,HOXD12
40985,Ccdc122,CCDC122
40993,Or1s2,OR1S2
40994,Hoxd11,HOXD11
40999,Hoxd10,HOXD10
41003,Ctsg,CTSG
41006,Or2at4,OR2AT4
41011,Hoxd9,HOXD9
41012,Hoxd8,HOXD8
41028,Mir10b,MIR10B
41039,Hoxd4,HOXD4
41041,Nrbp2,NRBP2
41052,Rgs18,RGS18
41056,Aff3,AFF3
41084,Tgfb2,TGFB2
41088,Oasl1,OASL
41099,Vma21,VMA21
41103,Zc3h12c,ZC3H12C
41106,Hfm1,HFM1
41115,Ptprd,PTPRD
41135,Gabra3,GABRA3
41142,Yif1a,YIF1A
41156,Capn6,CAPN6
41158,Lxn,LXN
41160,Tdrd3,TDRD3
41174,Them6,THEM6
41180,Fmo1,FMO1
41188,Pdzd4,PDZD4
41200,Amn,AMN
41208,Jph1,JPH1
41219,Cyp27b1,CYP27B1
41229,Dbr1,DBR1
41239,Lonrf2,LONRF2
41241,Clic3,CLIC3
41247,Timp3,TIMP3
41264,Lacc1,LACC1
41294,Evl,EVL
41319,Abcc8,ABCC8
41419,Pappa2,PAPPA2
41424,Ssu2,SSUH2
41440,B4galt1,B4GALT1
41445,Asnsd1,ASNSD1
41474,Hdac10,HDAC10
41507,Relch,RELCH
41531,Ido2,IDO2
41535,Dbh,DBH
41538,Emd,EMD
41557,Osgin2,OSGIN2
41562,Asdurf,ASDURF
41622,Spmip3,SPMIP3
41626,Ankar,ANKAR
41642,Ajm1,AJM1
41644,Spata45,SPATA45
41645,Ptgs1,PTGS1
41660,Shcbp1l,SHCBP1L
41665,Cenpi,CENPI
41678,St18,ST18
41714,Mir128-1,MIR128-1
41715,Lct,LCT
41717,Cav3,CAV3
41722,Nek3,NEK3
41741,Tatdn2,TATDN2
41745,Tm4sf20,TM4SF20
41747,Mapkapk5,MAPKAPK5
41758,Garem2,GAREM2
41761,Tmprss7,TMPRSS7
41766,Sav1,SAV1
41773,Exoc8,EXOC8
41774,Fgd1,FGD1
41779,Col4a4,COL4A4
41787,Mapre1,MAPRE1
41848,Serpina6,SERPINA6
41864,Il12a,IL12A
41871,Atxn7l3b,ATXN7L3B
41872,Rgs21,RGS21
41873,Dlst,DLST
41903,Ush2a,USH2A
41908,Mbtps2,MBTPS2
41915,Xxylt1,XXYLT1
41927,Scn2a,SCN2A
41948,Il17d,IL17D
41954,Lrtm1,LRTM1
41956,Megf9,MEGF9
41959,Cog3,COG3
41973,Mospd2,MOSPD2
41982,Phf20,PHF20
42006,Trmo,TRMO
42015,Msl2,MSL2
42023,Adss2,ADSS2
42026,Eomes,EOMES
42030,Heg1,HEG1
42035,Fabp12,FABP12
42039,Pld5,PLD5
42047,Plp2,PLP2
42055,Car1,CA1
42084,Snord19,SNORD19
42085,Gm24916,SNORD19B
42086,Snord69,SNORD69
42087,St8sia5,ST8SIA5
42101,Ptpn3,PTPN3
42115,Styxl2,STYXL2
42119,Usf3,USF3
42123,Cd226,CD226
42134,Med4,MED4
42147,Colgalt2,COLGALT2
42152,Kcnk12,KCNK12
42172,Eif2ak3,EIF2AK3
42196,Gpx1,GPX1
42210,Rad23b,RAD23B
42217,Slc35f3,SLC35F3
42219,Esf1,ESF1
42238,Uchl3,UCHL3
42247,Chst9,CHST9
42252,Mael,MAEL
42259,Twsg1,TWSG1
42267,Phf19,PHF19
42306,Kdsr,KDSR
42333,Usp12,USP12
42338,Fam149a,FAM149A
42357,Farp1,FARP1
42420,Tubgcp6,TUBGCP6
42435,Bnip3l,BNIP3L
42444,H13,HM13
42489,Togaram1,TOGARAM1
42500,Gpr52,GPR52
42501,Smyd3,SMYD3
42519,Cerkl,CERKL
42534,Ambp,AMBP
42564,Brms1l,BRMS1L
42584,Ttpa,TTPA
42592,Usp18,USP18
42609,Coa8,COA8
42627,Hmcn1,HMCN1
42636,Neurod1,NEUROD1
42641,Lactb2,LACTB2
42649,Ark2n,ARK2N
42660,Ppm1n,PPM1N
42674,Sp3,SP3
42685,Dctn6,DCTN6
42694,Pdc,PDC
42698,Smad7,SMAD7
42708,Trib2,TRIB2
42713,Slc38a6,SLC38A6
42736,Mir34a,MIR34A
42738,Adamts5,ADAMTS5
42743,Kcnd1,KCND1
42757,Casp6,CASP6
42765,Tmem241,TMEM241
42792,Mir30c-1,MIR30C1
42794,Mfsd3,MFSD3
42835,Rnf215,RNF215
42848,Bex3,BEX3
42879,Ak3,AK3
42886,Gm26397,SNORA14B
42887,Mir205,MIR205
42888,Zfp41,ZFP41
42897,Rida,RIDA
42907,Fam43b,FAM43B
42908,Kctd17,KCTD17
42927,Gm25663,SCARNA18B
42928,Uxt,UXT
42937,Slc52a3,SLC52A3
42959,Apcs,APCS
42975,Hc,C5
42991,Ctr9,CTR9
42998,Igkv18-36,IGKV3-7
42999,Crp,CRP
43011,Vsig8,VSIG8
43013,Tmem64,TMEM64
43022,Oprl1,OPRL1
43046,Igkv5-37,IGKV6-21
43050,Tnrc6b,TNRC6B
43065,Cfap45,CFAP45
43071,Mal2,MAL2
43079,Spata7,SPATA7
43102,Bsx,BSX
43103,Lrrn4,LRRN4
43111,Cabs1,CABS1
43113,Pbk,PBK
43120,Snord14e,SNORD14E
43121,Snord14d,SNORD14D
43122,Snord14c,SNORD14C
43126,Hsf2bp,HSF2BP
43131,Lin7c,LIN7C
43133,Ncoa3,NCOA3
43157,Slamf9,SLAMF9
43165,Nlgn1,NLGN1
43191,Zmym3,ZMYM3
43216,Psmg1,PSMG1
43229,Crem,CREM
43277,H1f10,H1-10
43283,Tmem150c,TMEM150C
43287,Usp19,USP19
43301,Lhb,SAXO3
43303,Efna4,EFNA4
43306,Pdlim2,PDLIM2
43331,Cables1,CABLES1
43344,Pklr,PKLR
43347,Nbeal1,NBEAL1
43371,Plxnb2,PLXNB2
43407,Ednrb,EDNRB
43416,Gnrhr,GNRHR
43418,Tmprss11d,TMPRSS11D
43426,Slc46a2,SLC46A2
43429,C8g,C8G
43448,Asprv1,ASPRV1
43449,1700003E16Rik,C2orf81
43457,Bcl2l2,BCL2L2
43470,Garem1,GAREM1
43476,Tmprss11a,TMPRSS11A
43482,Scel,SCEL
43618,Lrr1,LRR1
43624,Dym,DYM
43652,Cenps,CENPS
43657,Iqch,IQCH
43670,Xkr8,XKR8
43679,Snx30,SNX30
43683,Ppp1r3e,PPP1R3E
43693,Nol6,NOL6
43700,Tgm1,TGM1
43710,Kcne4,KCNE4
43712,Cabyr,CABYR
43737,Sag,SAG
43753,Acp3,ACP3
43762,Spag8,SPAG8
43776,Adcy4,ADCY4
43799,2300009A05Rik,C15orf61
43803,Saxo2,SAXO2
43812,Dennd3,DENND3
43844,Tenm3,TENM3
43866,Maml2,MAML2
43867,Nfkbiz,NFKBIZ
43881,Tnfsf8,TNFSF8
43885,Rgs9bp,RGS9BP
43886,Cd3d,CD3D
43894,Adamtsl1,ADAMTSL1
43910,Nudt19,NUDT19
43911,Neb,NEB
43932,Tdrd12,TDRD12
43938,Phlda2,PHLDA2
43940,Bglap2,BGLAP
43946,Mir9-1,MIR9-1
43947,Best1,BEST1
43955,Mex3a,MEX3A
43957,Foxe3,FOXE3
43958,Lrrc52,LRRC52
43959,Atp6v0d2,ATP6V0D2
43969,Dapp1,DAPP1
43974,Zfp169,ZNF169
43985,Asah2,ASAH2
43991,Cort,CORT
43992,Lepr,LEPR
44001,Zfp532,ZNF532
44050,Naf1,NAF1
44058,Tnks,TNKS
44072,Fut7,FUT7
44074,Rec8,REC8
44089,Enho,ENHO
44093,Arid3c,ARID3C
44096,Bcor,BCOR
44126,Mamstr,MAMSTR
44132,Dcaf10,DCAF10
44149,Use1,USE1
44159,Slc6a5,SLC6A5
44162,Ndst3,NDST3
44166,Tgm4,TGM4
44173,Dnai1,DNAI1
44185,Cdh23,CDH23
44200,Plk4,PLK4
44212,Ube2r2,UBE2R2
44237,Ang,ANG
44317,Foxd2,FOXD2
44318,Ddost,DDOST
44323,Pakap,PALM2AKAP2
44341,Pla2g2f,PLA2G2F
44343,Sstr1,SSTR1
44345,Atp2b2,ATP2B2
44359,Rxfp4,RXFP4
44360,L3hypdh,L3HYPDH
44376,L2hgdh,L2HGDH
44386,Gpr20,GPR20
44389,Proser3,PROSER3
44410,Fbxo32,FBXO32
44418,Afm,AFM
44436,Lzts3,LZTS3
44473,Rbbp4,RBBP4
44492,Emc2,EMC2
44502,Galnt16,GALNT16
44513,Ttll11,TTLL11
44523,Cthrc1,CTHRC1
44528,Astn2,ASTN2
44537,Ism2,ISM2
44546,Colec10,COLEC10
44553,Ldb2,LDB2
44577,Slc39a9,SLC39A9
44589,Necab1,NECAB1
44597,Trmt2a,TRMT2A
44624,Mogs,MOGS
44645,Gja8,GJA8
44646,Med12,MED12
44703,Me2,ME2
44729,Tmco2,TMCO2
44731,Itch,ITCH
44759,Cep97,CEP97
44775,Adamdec1,ADAMDEC1
44780,Aunip,AUNIP
44783,Plppr1,PLPPR1
44794,Fmn1,FMN1
44807,Tmem53,TMEM53
44816,Snord70,SNORD70
44818,Gm26293,SNORD70B
44819,Snord55,SNORD55
44820,Gm26287,SNORD11B
44821,Cdkn2aip,CDKN2AIP
44827,Gm26330,SNORD46
44829,Snord38a,SNORD38A
44839,Btbd7,BTBD7
44851,Bmpr2,BMPR2
44854,Tas1r1,TAS1R1
44858,Galnt7,GALNT7
44866,Ntrk2,NTRK2
44926,Nat2,NAT2
44965,Ptdss1,PTDSS1
44972,Epha8,EPHA8
44974,Hsd17b13,HSD17B13
44983,Cc2d2b,CC2D2B
45065,Fam181a,FAM181A
45072,Fam117b,FAM117B
45074,Atp13a2,ATP13A2
45088,Arf6,ARF6
45093,Mcts1,MCTS1
45106,Adra2b,ADRA2B
45112,Jrk,JRK
45129,Acp4,ACP4
45130,Stk32b,STK32B
45140,Inf2,INF2
45191,Marveld1,MARVELD1
45196,Ccdc54,CCDC54
45197,Xirp2,XIRP2
45206,Sfrp5,SFRP5
45207,Fgf12,FGF12
45221,Nyx,NYX
45225,Pmm1,PMM1
45249,Zfp24,ZNF24
45265,Haus7,HAUS7
45279,Pinx1,PINX1
45288,Vax1,VAX1
45290,Kcnk18,KCNK18
45292,Xcr1,XCR1
45295,Pla2g12a,PLA2G12A
45301,Slco4a1,SLCO4A1
45320,Deptor,DEPTOR
45326,Grm7,GRM7
45360,Ccl21a,CCL21
45372,Slc66a2,SLC66A2
45400,Bmp2k,BMP2K
45407,Glipr2,GLIPR2
45414,Tex36,TEX36
45417,Padi1,PADI1
45421,Nckap5,NCKAP5
45428,Lcn2,LCN2
45437,Dusp9,DUSP9
45448,Chkb,CHKB
45472,Klb,KLB
45474,Oaz1,OAZ1
45497,Padi3,PADI3
45498,Angpt2,ANGPT2
45503,Cfap99,CFAP99
45509,Zcchc12,ZCCHC12
45519,Klkb1,KLKB1
45529,Pcmtd2,PCMTD2
45571,Timm8a1,TIMM8A
45578,Mmp21,MMP21
45582,Surf1,SURF1
45590,Hhipl2,HHIPL2
45594,Eif1b,EIF1B
45598,Cited1,CITED1
45615,Cndp1,CNDP1
45644,Slc7a14,SLC7A14
45647,Hsd3b1,HSD3B1
45687,Ucn3,UCN3
45688,Tubal3,TUBAL3
45690,Ogg1,OGG1
45708,Rnf224,RNF224
45710,Adam30,ADAM30
45711,Insrr,INSRR
45712,Thsd7b,THSD7B
45716,Haus6,HAUS6
45723,Inpp4b,INPP4B
45753,Msra,MSRA
45772,Slc25a5,SLC25A5
45782,Mrln,MRLN
45793,Selenow,SELENOW
45807,Spag16,SPAG16
45818,Smpx,SMPX
45826,Cdh19,CDH19
45836,Dclre1a,DCLRE1A
45840,Tbc1d25,TBC1D25
45851,Rin2,RIN2
45879,Prok1,PROK1
45880,Kcna10,KCNA10
45897,Spag6,SPAG6
45911,Csdc2,CSDC2
45922,Kcnk3,KCNK3
45923,Sorbs3,SORBS3
45983,Mtmr1,MTMR1
46004,Dhrs2,DHRS2
46018,Socs6,SOCS6
46043,Nrxn1,NRXN1
46108,Sec14l4,SEC14L4
46119,Iqsec1,IQSEC1
46129,Kcnc4,KCNC4
46137,Grin3b,GRIN3B
46139,Cst3,CST3
46150,Ss18,SS18
46185,Dnlz,DNLZ
46188,Tlr1,TLR1
46202,Abca7,ABCA7
46220,Rgs19,RGS19
46233,Frem1,FREM1
46242,Rnf186,RNF186
46243,Otub2,OTUB2
46246,Pla2g2e,PLA2G2E
46247,Rgs12,RGS12
46275,Or14c44,OR14C36
46283,Kncn,KNCN
46287,Mok,MOK
46331,Or2t46,OR2T5
46340,Pygb,PYGB
46363,Crb2,CRB2
46455,Fhit,FHIT
46462,Tmco5,TMCO5A
46645,Xpnpep3,XPNPEP3
46743,Fndc10,FNDC10
46744,Aif1l,AIF1L
46767,Il24,IL24
46774,Calml4,CALML4
46782,Trappc2,TRAPPC2
46798,Susd5,SUSD5
46800,Chrna7,CHRFAM7A
46809,A1cf,A1CF
46881,Gda,GDA
46892,Izumo4,IZUMO4
46905,Ggt1,GGT1
47057,Manf,MANF
47062,Mtss1,MTSS1
47088,Rbm15b,RBM15B
47089,Efcab12,EFCAB12
47093,Fstl5,FSTL5
47104,Plcxd2,PLCXD2
47109,Slc30a4,SLC30A4
47114,Mir28a,MIR28
47115,Hccs,HCCS
47125,Sst,SST
47126,Prmt6,PRMT6
47132,Bcl6,BCL6
47143,Rhoj,RHOJ
47150,Man2a2,MAN2A2
47182,Mixl1,MIXL1
47185,Gtf3c4,GTF3C4
47190,Prss12,PRSS12
47199,Gm22154,SNORA55
47202,Bbof1,BBOF1
47211,Txlng,TXLNG
47219,Nipsnap3b,NIPSNAP3B
47229,Evx2,EVX2
47239,Fam174c,FAM174C
47243,Hormad1,HORMAD1
47251,Adh1,ADH1C
47265,Gcsam,GCSAM
47272,Zfp462,ZNF462
47292,Gch1,GCH1
47300,Asic4,ASIC4
47311,Slc9c1,SLC9C1
47316,Akna,AKNA
47327,Shank1,SHANK1
47336,Sult6b1,SULT6B1
47373,Mcl1,MCL1
47382,Glrx5,GLRX5
47386,Prr30,PRR30
47388,Noct,NOCT
47392,Gpr68,GPR68
47401,Dnajc5g,DNAJC5G
47407,Nrg4,NRG4
47424,Mtx3,MTX3
47427,Mcub,MCUB
47433,Gpr65,GPR65
47435,Ucn,UCN
47436,Efcab11,EFCAB11
47451,Scn9a,SCN9A
47466,Cldn19,CLDN19
47469,Mib1,MIB1
47478,Phactr3,PHACTR3
47491,Ash1l,ASH1L
47508,Sh2d3c,SH2D3C
47523,Asb14,ASB14
47525,Cd38,CD38
47531,Reps2,REPS2
47547,Prima1,PRIMA1
47553,Kcnab1,KCNAB1
47567,Loxl1,LOXL1
47573,Rcor1,RCOR1
47578,Slc18a1,SLC18A1
47590,L3mbtl4,L3MBTL4
47611,Gldn,GLDN
47621,Sult1b1,SULT1B1
47628,Rem2,REM2
47631,Tmx1,TMX1
47637,Lypd5,LYPD5
47646,Pnn,PNN
47655,Megf11,MEGF11
47680,Tmem237,TMEM237
47694,Pcif1,PCIF1
47718,Tox4,TOX4
47735,Pgm5,PGM5
47751,Nlrp4c,NLRP4
47767,Tmem154,TMEM154
47774,Tssk3,TSSK3
47778,Nr3c2,NR3C2
47791,Arl6ip6,ARL6IP6
47814,Ankrd28,ANKRD28
47830,Entpd2,ENTPD2
47838,Slc28a1,SLC28A1
47859,C130074G19Rik,C1orf115
47860,Inka2,INKA2
47874,Erh,ERH
47944,Ift74,IFT74
47956,Ark2c,ARK2C
47965,Sytl4,SYTL4
47994,Arhgap30,ARHGAP30
48001,Zfand1,ZFAND1
48029,Palm3,PALM3
48035,Eapp,EAPP
48041,Zfp335,ZNF335
48053,Ndufv2,NDUFV2
48076,Ttc29,TTC29
48087,Klhdc2,KLHDC2
48102,Cox7a1,COX7A1
48106,Dazl,DAZL
48109,Pla2g2c,PLA2G2C
48114,Angptl2,ANGPTL2
48123,Ppp1r3f,PPP1R3F
48130,Car9,CA9
48135,Cnot6l,CNOT6L
48144,Pxmp4,PXMP4
48148,Bcl3,BCL3
48159,Mier1,MIER1
48170,Gpr15,GPR15
48171,Fundc2,FUNDC2
48193,Srsf6,SRSF6
48200,Aldob,ALDOB
48225,Sh3tc1,SH3TC1
48254,Map3k19,MAP3K19
48276,Snrpd1,SNRPD1
48283,Ttll3,TTLL3
48319,Adgre1,ADGRE1
48327,Pcnx4,PCNX4
48343,Nop56,NOP56
48371,Gprasp1,GPRASP1
48402,Zfp397,ZNF397
48421,Ggh,GGH
48441,Cab39l,CAB39L
48469,Tmem200c,TMEM200C
48473,Fancm,FANCM
48517,Bmx,BMX
48526,Mppe1,MPPE1
48595,Hr,HR
48605,Tdo2,TDO2
48619,Rexo4,REXO4
48630,Pcare,PCARE
48647,Clrn3,CLRN3
48653,Gm26457,SNORD51
48655,Snora41,SNORA41
48656,Cmklr2,CMKLR2
48664,Lrit3,LRIT3
48667,Dnajc12,DNAJC12
48684,Inafm1,INAFM1
48686,Hnrnph2,HNRNPH2
48697,C5ar1,C5AR1
48701,Cxcr1,CXCR1
48702,Setdb2,SETDB2
48711,Cdk5rap1,CDK5RAP1
48752,Mcu,MCU
48765,Baat,BAAT
48783,Mir26b,MIR26B
48784,Slc10a7,SLC10A7
48798,Fbxo16,FBXO16
48810,Hnrnpul1,HNRNPUL1
48832,Fmr1,FMR1
48879,Lhfpl6,LHFPL6
48885,Hdc,HDC
48894,Iqcj,IQCJ
48898,Slc38a11,SLC38A11
48909,Idnk,IDNK
48917,Mtif3,MTIF3
48986,Wdfy4,WDFY4
48993,Dnajc25,DNAJC25
48999,Schip1,SCHIP1
49015,Plekha2,PLEKHA2
49025,Dmrt3,DMRT3
49028,Rnf208,RNF208
49034,Xpa,XPA
49040,Gpr75,GPR75
49041,Fkbp7,FKBP7
49053,Adgra3,ADGRA3
49069,Kif12,KIF12
49078,Crtc3,CRTC3
49101,Rbpms,RBPMS
49125,Ephb2,EPHB2
49132,Oit3,OIT3
49140,Crocc2,CROCC2
49144,Igfbpl1,IGFBPL1
49146,Cys1,CYS1
49148,Cdc37l1,CDC37L1
49156,Upf3a,UPF3A
49177,Mroh2a,MROH2A
49185,Zeb1,ZEB1
49234,Pde12,PDE12
49246,Tmem184c,TMEM184C
49251,Alg2,ALG2
49255,Dnal1,DNAL1
49266,Lims1,LIMS3
49272,Gadd45g,GADD45G
49276,Hmgb4,HMGB4
49281,Septin11,SEPTIN11
49298,Maip1,MAIP1
49302,Ranbp3,RANBP3
49343,Aspn,ASPN
49350,Trim62,TRIM62
49354,Rab8b,RAB8B
49362,Nek5,NEK5
49459,Pde11a,PDE11A
49472,Rnase6,RNASE6
49484,Ankub1,ANKUB1
49493,Adamts13,ADAMTS13
49533,Mapk8,MAPK8
49550,Selenot,SELENOT
49556,Gnpnat1,GNPNAT1
49585,Eif3j1,EIF3J
49610,Rasl11a,RASL11A
49615,Fnta,FNTA
49634,Gjb6,GJB6
49656,Erich6,ERICH6
49661,Rhov,RHOV
49663,Ptgs2,PTGS2
49669,Dnaaf4,DNAAF4
49677,Abcc4,ABCC4
49702,Tunar,TUNAR
49708,4930447C04Rik,C14orf39
49717,Mindy4b-ps,MINDY4B
49719,Adh6b,ADH6
49735,Cdin1,CDIN1
49760,Sox2,SOX2
49761,Tex38,TEX38
49765,Aadacl2,AADACL2
49767,Vax2,VAX2
49770,Efcab14,EFCAB14
49784,P2ry1,P2RY1
49785,C1qtnf7,C1QTNF7
49793,Cdnf,CDNF
49806,Tgif2,TGIF2
49829,Dync1h1,DYNC1H1
49894,Snorc,SNORC
49904,Syce1,SYCE1
49914,Slc30a1,SLC30A1
49915,Dmrt2,DMRT2
49927,Gm24494,SNORD45A
49928,Snord45b,SNORD45B
49929,Msh4,MSH4
49930,Rnf19a,RNF19A
49968,Trak1,TRAK1
49980,Pml,PML
50003,Ttpal,TTPAL
50030,Adgrl3,ADGRL3
50050,Tnp1,TNP1
50051,Nyap2,NYAP2
50055,Prrx2,PRRX2
50060,Wbp1l,WBP1L
50065,Kif24,KIF24
50072,Akt3,AKT3
50094,Mars2,MARS2
50095,Cxcr4,CXCR4
50102,Fxyd4,FXYD4
50111,Grhl2,GRHL2
50118,Mamdc2,MAMDC2
50124,Dpy19l3,DPY19L3
50138,Adgra1,ADGRA1
50144,Dpys,DPYS
50183,Slc24a2,SLC24A2
50215,Ctla4,CTLA4
50260,Adrm1,ADRM1
50298,Lsamp,LSAMP
50305,Abcb7,ABCB7
50336,LINC03051,LINC03051
50341,Tmem205,TMEM205
50358,Ttc39b,TTC39B
50369,Il36a,IL36A
50370,Vhl,VHL
50383,Il1f10,IL1F10
50388,Il1rn,IL1RN
50402,A430005L14Rik,C1orf174
50413,Medag,MEDAG
50417,Lim2,LIM2
50420,Fhod3,FHOD3
50447,Rap2b,RAP2B
50448,Commd6,COMMD6
50463,Rrp7a,RRP7A
50477,Rnf223,RNF223
50478,Ccr4,CCR4
50480,Gipc3,GIPC3
50483,Sass6,SASS6
50485,Il36rn,IL36RN
50489,Glb1,GLB1
50508,Tmem65,TMEM65
50527,Tln1,TLN1
50537,Arnt2,ARNT2
50548,Supt20,SUPT20H
50601,Rtkn,RTKN
50612,Pmp2,PMP2
50615,Etnppl,ETNPPL
50635,Brdt,BRDT
50659,Smdt1,SMDT1
50674,Zfp82,ZFP82
50680,Abra,ABRA
50682,Fam83a,FAM83A
50692,Zfp428,ZNF428
50707,Vapb,VAPB
50718,Abhd4,ABHD4
50730,Ess2,ESS2
50739,Tmppe,TMPPE
50741,Zdhhc19,ZDHHC19
50748,Klf10,KLF10
50752,Ifih1,IFIH1
50760,Nccrp1,NCCRP1
50762,Cdh22,CDH22
50767,Atf5,ATF5
50777,Rufy4,RUFY4
50788,Tm4sf19,TM4SF19
50792,Rad54b,RAD54B
50809,Ddhd1,DDHD1
50830,Tmem250,TMEM250
50844,Myl9,MYL9
50859,Sp5,SP5
50881,Klf13,KLF13
50889,Rhpn2,RHPN2
50897,Pick1,PICK1
50925,Ptar1,PTAR1
50932,Aqp9,AQP9
50978,Gab1,GAB1
50996,Rnf20,RNF20
51008,Arhgap25,ARHGAP25
51034,Cyp1a2,CYP1A2
51043,Kpna6,KPNA6
51047,Ncoa2,NCOA2
51061,Klk5,KLK5
51072,Ibsp,IBSP
51074,Stox2,STOX2
51080,Snord21,SNORD21
51081,Gm26387,SNORA66
51082,Cd40,CD40
51108,Mstn,MSTN
51109,Rlbp1,RLBP1
51116,Lcorl,LCORL
51137,Tep1,TEP1
51149,Wnk2,WNK2
51169,Polr1b,POLR1B
51186,Ece1,ECE1
51200,Lysmd2,LYSMD2
51236,Hspa4l,HSPA4L
51242,Comtd1,COMTD1
51254,Prkdc,PRKDC
51279,Zfp592,ZNF592
51288,Jag1,JAG1
51308,Mthfs,MTHFS
51314,Gucd1,GUCD1
51329,Tacc2,TACC2
51364,Nkg7,NKG7
51370,Dll4,DLL4
51375,Atcay,ATCAY
51382,Slit2,SLIT2
51395,Zfp516,ZNF516
51410,Ap4e1,AP4E1
51418,Ccdc185,CCDC185
51419,Lrriq3,LRRIQ3
51429,Bid,BID
51457,Odad3,ODAD3
51463,Ptrh1,PTRH1
51474,Chchd5,CHCHD5
51484,Mbd2,MBD2
51493,Trmt10b,TRMT10B
51509,Kcng2,KCNG2
51590,Plcb4,PLCB4
51661,Ajuba,AJUBA
51669,Smchd1,SMCHD1
51698,Plb1,PLB1
51710,Mrnip,MRNIP
51734,Ap5m1,AP5M1
51746,Pla2g4b,PLA2G4B
51753,Thbs1,THBS1
51764,Socs4,SOCS4
51787,Stmn2,STMN2
51791,Rabl6,RABL6
51805,Thoc1,THOC1
51829,Hsp90aa1,HSP90AA1
51849,Obscn,OBSCN
51895,Pstpip1,PSTPIP1
51916,Msc,MSC
51920,Cerk,CERK
51929,Adcy8,ADCY8
51935,Msn,MSN
51956,Scrg1,SCRG1
51959,Zfp827,ZNF827
51983,Spdya,SPDYA
51990,Hacd4,HACD4
51994,Susd3,SUSD3
52000,Tm2d2,TM2D2
52012,Arhgef9,ARHGEF9
52060,Snord92,SNORD92
52061,Snord53,SNORD53
52062,Gm22858,SNORD53B
52063,Actmap,ACTMAP
52076,Stpg4,STPG4
52082,Fam118a,FAM118A
52130,Clvs1,CLVS1
52143,Cacna1b,CACNA1B
52157,Ctif,CTIF
52198,Dock10,DOCK10
52216,Arhgap35,ARHGAP35
52223,Prdm14,PRDM14
52232,Rab11a,RAB11A
52244,Vcpkmt,VCPKMT
52252,Wdr83,WDR83
52269,Terf1,TERF1
52292,Slirp,SLIRP
52313,Gatm,GATM
52339,F11,F11
52367,Fam91a1,FAM91A1
52381,Plekhd1,PLEKHD1
52384,Mrpl52,MRPL52
52402,Wdr83os,WDR83OS
52406,Smtn,SMTN
52461,Cilp2,CILP2
52465,Mfsd2b,MFSD2B
52471,Mamdc4,MAMDC4
52527,Snapc1,SNAPC1
52533,Rpl8,RPL8
52548,Acsbg1,ACSBG1
52564,Wdcp,WDCP
52568,Fkbp1b,FKBP1B
52574,Gon7,GON7
52578,Cimip6,CIMIP6
52586,Ppp1r13l,PPP1R13L
52601,Supt16,SUPT16H
52615,Chrna3,CHRNA3
52624,Cracd,CRACD
52636,Eml6,EML6
52650,Fxn,FXN
52658,Plxnb3,PLXNB3
52673,Lipg,LIPG
52682,Pik3ap1,PIK3AP1
52692,Fam174b,FAM174B
52705,H2ac20,H2AC20
52706,H2ac21,H2AC21
52707,Ssna1,SSNA1
52712,Gpr25,GPR25
52714,Tmem192,TMEM192
52718,Ntaq1,NTAQ1
52729,Fam163b,FAM163B
52738,Kif21b,KIF21B
52743,Dph6,DPH6
52754,Ammecr1l,AMMECR1L
52768,Tnip2,TNIP2
52778,Pik3c3,PIK3C3
52801,Zbtb6,ZBTB6
52805,Glce,GLCE
52810,Cyp2c55,CYP2C18
52813,Epha5,EPHA5
52820,Cbx6,CBX6
52825,Tm6sf2,TM6SF2
52836,Zdhhc22,ZDHHC22
52845,Snx22,SNX22
52854,Arl5b,ARL5B
52856,Iah1,IAH1
52871,Mipep,MIPEP
52886,Mapk8ip2,MAPK8IP2
52898,Dicer1,DICER1
52938,Pdzd8,PDZD8
52943,Igbp1,IGBP1
52953,Cpsf1,CPSF1
52984,Kif27,KIF27
52990,1700017B05Rik,C15orf39
53005,Ccdc3,CCDC3
53008,Stap1,STAP1
53012,Slc27a5,SLC27A5
53025,Katnal2,KATNAL2
53057,Lipc,LIPC
53117,Maml3,MAML3
53120,Maged1,MAGED1
53169,Zfp608,ZNF608
53183,Gabra4,GABRA4
53189,Apoe,APOE
53221,Gbx2,GBX2
53224,Polr1e,POLR1E
53230,Dthd1,DTHD1
53238,Agap1,AGAP1
53256,Samd13,SAMD13
53265,Tmx3,TMX3
53285,Eed,EED
53299,Usp46,USP46
53310,Gas2l1,GAS2L1
53334,Rbm26,RBM26
53362,Tmem81,TMEM81
53366,Lefty2,LEFTY2
53379,Gtf3c5,GTF3C5
53395,Mpv17l2,MPV17L2
53400,Pip4p1,PIP4P1
53411,Nipal1,NIPAL1
53418,Adcyap1,ADCYAP1
53423,Med29,MED29
53431,Rhd,RHD
53442,Sult1e1,SULT1E1
53455,Elac1,ELAC1
53470,Scg2,SCG2
53473,Hspb3,HSPB3
53523,Esm1,ESM1
53535,Heatr5a,HEATR5A
53554,Drg1,DRG1
53568,Gzmk,GZMK
53570,Ankrd12,ANKRD12
53585,Crebzf,CREBZF
53596,Gzma,GZMA
53597,Cdc20b,CDC20B
53602,Ppfia3,PPFIA3
53616,Wt1,WT1
53642,Mir449a,MIR449A
53643,Mcidas,MCIDAS
53646,Itga11,ITGA11
53655,Fgb,FGB
53671,Nt5c1b,NT5C1B
53678,Hmgb1,HMGB1
53718,Seh1l,SEH1L
53742,Zmat5,ZMAT5
53785,Psat1,PSAT1
53796,Vrtn,VRTN
53808,Tcf7,TCF7
53833,Pabpn1,PABPN1
53842,Gm2102,RNF228
53843,Tmem266,TMEM266
53852,Hpf1,HPF1
53857,Birc6,BIRC6
53872,Kmt5a,KMT5A
53880,Cep170b,CEP170B
53886,Cyp4v3,CYP4V2
53895,Ap1b1,AP1B1
53925,Mtap,MTAP
53942,Ticam1,TICAM1
53944,Nphs1,NPHS1
53951,Rab39,RAB39A
53952,Cpeb1,CPEB1
53975,Trmt44,TRMT44
53986,Ddit4,DDIT4
53992,Psmb5,PSMB5
54004,Mat1a,MAT1A
54018,N4bp2l1,N4BP2L1
54032,Gpx8,GPX8
54041,Atp8a1,ATP8A1
54055,Kif26a,KIF26A
54059,Snx18,SNX18
54064,Phax,PHAX
54070,Prlr,PRLR
54095,Apbb1ip,APBB1IP
54103,Itm2b,ITM2B
54119,Churc1,CHURC1
54130,Psmb7,PSMB7
54147,Cxcl17,CXCL17
54166,Fam177a2,FAM177A1
54182,Hamp2,HAMP
54192,Fsip2,FSIP2
54197,Pank1,PANK1
54203,Fndc3a,FNDC3A
54216,Tgfbr3l,TGFBR3L
54222,Ttbk2,TTBK2
54231,Zfp865,ZNF865
54234,Ppp1r36,PPP1R36
54242,Galp,GALP
54247,Cabp7,CABP7
54249,Plce1,PLCE1
54275,1110038F14Rik,C8orf33
54288,Rtcb,RTCB
54301,2200002D01Rik,C19orf33
54306,Figla,FIGLA
54307,Card19,CARD19
54320,Arg2,ARG2
54338,Cd207,CD207
54339,Lrrc49,LRRC49
54369,Naa30,NAA30
54377,Tex261,TEX261
54384,Dennd1c,DENND1C
54400,Vti1b,VTI1B
54413,Dusp19,DUSP19
54416,Cntln,CNTLN
54421,Aqp7,AQP7B
54431,Fgg,FGG
54447,Mmp14,MMP14
54457,Plec,PLEC
54474,Ift43,IFT43
54493,Entr1,ENTR1
54506,Tom1,TOM1
54547,Mphosph8,MPHOSPH8
54557,Rab27b,RAB27B
54565,Tns1,TNS1
54589,Misp,MISP
54611,Havcr2,HAVCR2
54624,Ppargc1a,PPARGC1A
54643,Klf6,KLF6
54652,Siva1,SIVA1
54663,Ppp4r1,PPP4R1
54701,Erap1,ERAP1
54716,Gm49336,NUP58
54747,Vti1a,VTI1A
54758,Fmn2,FMN2
54776,Morn5,MORN5
54782,Trmt5,TRMT5
54786,Fgf7,FGF7
54793,Ttc9,TTC9
54795,Rfx1,RFX1
54810,Ptpa,PTPA
54839,Lyset,LYSET
54845,Suv39h2,SUV39H2
54854,Cmtm5,CMTM5
54869,Ubap1l,UBAP1L
54873,Grem1,GREM1
54879,Arfgap1,ARFGAP1
54924,Cpn1,CPN1
54949,Il16,IL16
54966,Ptp4a2,PTP4A2
54986,Mbl2,MBL2
54991,Cby1,CBY1
55034,Cdkn3,CDKN3
55051,Borcs7,BORCS7
55055,Yju2,YJU2
55058,Bmp3,BMP3
55060,Reep3,REEP3
55065,Hpse,HPSE
55075,AB124611,C19orf38
55082,Adgrb2,ADGRB2
55097,Gdnf,GDNF
55111,Srd5a1,SRD5A1
55118,Zfp606,ZNF606
55128,Pign,PIGN
55206,Skp2,SKP2
55234,Dand5,DAND5
55237,Cox15,COX15
55272,Cyp2a12,CYP2A6
55302,Ehmt1,EHMT1
55363,Anxa8,ANXA8
55373,Ydjc,YDJC
55383,C5ar2,C5AR2
55394,Rbfox2,RBFOX2
55431,Shisa3,SHISA3
55433,Scfd2,SCFD2
55437,Lgi4,LGI4
55449,Tma16,TMA16
55463,Kdm2b,KDM2B
55488,Trmt2b,TRMT2B
55510,Secisbp2l,SECISBP2L
55523,Lrat,LRAT
55533,Dmac2l,DMAC2L
55552,Olfml2b,OLFML2B
55557,Camk2a,CAMK2A
55586,Klk10,KLK10
55600,Il20,IL20
55603,Lrba,LRBA
55631,Creg2,CREG2
55634,Egln3,EGLN3
55646,Dnase2b,DNASE2B
55648,Or2l5,OR2L2
55654,Cdc34,CDC34
55761,Or2t35,OR2T35
55762,Rbm15,RBM15
55771,G2e3,G2E3
55790,Oip5,OIP5
55793,Klhdc7a,KLHDC7A
55794,Mtx1,MTX1
55801,Habp2,HABP2
55810,Rplp1,RPLP1
55844,Gab3,GAB3
55855,Gpr37l1,GPR37L1
55862,Fxyd1,FXYD1
55905,Celf3,CELF3
55912,Cyp2e1,CYP2E1
55933,Zwilch,ZWILCH
55953,Fancc,FANCC
55983,Atp2b3,ATP2B3
55996,Riiad1,RIIAD1
56002,Ylpm1,YLPM1
56012,Mrpl9,MRPL9
56023,Pax2,PAX2
56038,Plek,PLEK
56040,Oaz3,OAZ3
56049,Asphd2,ASPHD2
56057,Fkbp3,FKBP3
56066,Aco2,ACO2
56116,Lingo4,LINGO4
56117,Them5,THEM5
56119,Slc35c2,SLC35C2
56182,Tfap2e,TFAP2E
56187,Plekhh1,PLEKHH1
56207,Cacnb4,CACNB4
56281,Hpdl,HPDL
56282,Spock2,SPOCK2
56292,Mfap3,MFAP3
56308,Ccsap,CCSAP
56313,Irak1,IRAK1
56342,Ddx31,DDX31
56353,Snord99,SNORD99
56354,Snora44,SNORA44
56355,Snora16a,SNORA16A
56356,Rab42,RAB42
56358,Rictor,RICTOR
56370,Syt15,SYT15B
56375,Zfp365,ZNF365
56382,1700028K03Rik,C1orf146
56384,Ipmk,IPMK
56387,Pnrc1,PNRC1
56390,Or10x1,OR10X1
56423,Psme2,PSME2
56454,Or6k4,OR6K3
56456,Ankrd22,ANKRD22
56459,Srsf12,SRSF12
56466,Or10j3,OR10J3
56468,Eif4ebp2,EIF4EBP2
56470,Or11l3,OR11L1
56471,Trim58,TRIM58
56472,Rab11fip2,RAB11FIP2
56477,Or2w3,OR2W3
56481,Or2aj4,OR2AJ1
56485,Scamp5,SCAMP5
56519,Or2t6,OR2T6
56520,Gdf10,GDF10
56522,Ppp6c,PPP6C
56529,Gpx6,GPX6
56532,Mmrn2,MMRN2
56545,Or2t44,OR2T8
56546,Rbm18,RBM18
56557,Klf1,KLF1
56559,Foxa3,FOXA3
56563,Tmem254,TMEM254
56577,Or6f1,OR6F1
56582,Gpr4,GPR4
56590,Or9s18,OR9H1
56592,Or10k2,OR10K1
56597,Ndufa3,NDUFA3
56627,Fam120a,FAM120A
56643,Or13g1,OR13G1
56644,Tfap2a,TFAP2A
56663,Or6n1,OR6N1
56665,Or10z1,OR10Z1
56666,Spta1,SPTA1
56675,Blnk,BLNK
56703,Cisd2,CISD2
56710,Klk1b9,KLK1
56780,Mir186,MIR186
56782,Gm128,C1orf56
56785,Grsf1,GRSF1
56797,Ier5,IER5
56798,Opn3,OPN3
56805,Slc7a9,SLC7A9
56818,Eda2r,EDA2R
56830,Chml,CHML
56835,Bcl9,BCL9
56839,9130401M01Rik,C8orf76
56851,Chrna5,CHRNA5
56856,Becn2,BECN2
56857,Dhrs7l,DHRS7
56881,Wdr64,WDR64
56889,Slc25a53,SLC25A53
56900,Txn1,TXN
56908,Mesd,MESD
56918,Chrdl1,CHRDL1
56936,Mtmr7,MTMR7
56948,Stard5,STARD5
56955,Dap,DAP
56962,Zkscan16,ZNF483
56973,Dnah14,DNAH14
56993,Neurl1b,NEURL1B
56997,Sgcb,SGCB
57002,Eif2b2,EIF2B2
57014,Ubr1,UBR1
57030,Rnf130,RNF130
57044,Shroom3,SHROOM3
57058,Shb,SHB
57061,Pop1,POP1
57071,Zbtb34,ZBTB34
57075,Ppp1r13b,PPP1R13B
57096,Ippk,IPPK
57102,Alkbh7,ALKBH7
57106,N4bp2,N4BP2
57115,Bax,BAX
57128,Ugt8a,UGT8
57146,Apobec1,APOBEC1
57148,Magt1,MAGT1
57162,Triml2,TRIML2
57175,Gdf3,GDF3
57180,Itga2,ITGA2
57227,Nup214,NUP214
57281,Pram1,PRAM1
57286,Nefl,NEFL
57289,Trps1,TRPS1
57302,Npc2,NPC2
57314,Ufsp2,UFSP2
57331,Prodh2,PRODH2
57347,Polr3h,POLR3H
57362,Itm2a,ITM2A
57378,Orai1,ORAI1
57382,Dyrk3,DYRK3
57388,Chuk,CHUK
57394,Tnfsf18,TNFSF18
57396,Trim67,TRIM67
57399,Map3k9,MAP3K9
57407,Exosc4,EXOSC4
57414,Slc35b2,SLC35B2
57420,Tbxa2r,TBXA2R
57427,Gm11837,C8orf88
57431,Ap1s2,AP1S2
57451,Insl5,INSL5
57452,Slc2a7,SLC2A7
57453,Lsm1,LSM1
57460,Clec11a,CLEC11A
57465,Tigd4,TIGD4
57470,Or6k2,OR6K2
57471,Actrt2,ACTRT2
57472,Tmem151b,TMEM151B
57474,Tbc1d22a,TBC1D22A
57493,Ldlrad2,LDLRAD2
57496,Mtmr10,MTMR10
57512,Anapc10,ANAPC10
57546,Hspg2,HSPG2
57561,Esrp1,ESRP1
57580,Pcsk4,PCSK4
57594,Rae1,RAE1
57608,Prlhr,PRLHR
57611,Sema4g,SEMA4G
57624,Med6,MED6
57638,Mier3,MIER3
57650,Cela3a,CELA3B
57658,Bloc1s3,BLOC1S3
57672,Aspdh,ASPDH
57687,Ice2,ICE2
57714,Mir1251,MIR1251
57715,Mir135a-2,MIR135A2
57716,Avpr1b,AVPR1B
57718,Zswim9,ZSWIM9
57725,Slc26a2,SLC26A2
57737,Scn3a,SCN3A
57749,Rabgap1l,RABGAP1L
57772,Gabrp,GABRP
57783,Swsap1,SWSAP1
57786,Lrg1,LRG1
57790,Ercc6,ERCC6
57813,Pbx4,PBX4
57820,Maged2,MAGED2
57882,Baz1a,BAZ1A
57900,Zbtb46,ZBTB46
57920,Gid8,GID8
57941,Itih2,ITIH2
57965,Eif4e1b,EIF4E1B
57983,Esco1,ESCO1
57998,Usf2,USF2
58015,Itk,ITK
58029,Rpn2,RPN2
58067,Sit1,SIT1
58072,Ankrd17,ANKRD17
58086,Rpp25l,RPP25L
58090,Dolpp1,DOLPP1
58102,C1ql4,C1QL4
58104,Adra1b,ADRA1B
58108,Tmem74,TMEM74
58113,Nln,NLN
58125,Tuba8,TUBA8
58138,Pip4p2,PIP4P2
58149,Amn1,AMN1
58161,Atp9b,ATP9B
58203,Arhgap11a,ARHGAP11A
58214,Ampd1,AMPD1
58221,Fam50a,FAM50A
58236,Med15,MED15
58295,Calb1,CALB1
58309,Ccdc97,CCDC97
58313,1700034E13Rik,ZNF475
58318,Chd8,CHD8
58345,Nr6a1,NR6A1
58352,Edil3,EDIL3
58370,Leng8,LENG8
58406,Lbx2,LBX2
58428,Wnt6,WNT6
58430,Nxph1,NXPH1
58435,Crnn,CRNN
58436,Ptprh,PTPRH
58456,Papolb,PAPOLB
58457,Or6b3,OR6B2
58460,Lrp1,LRP1
58485,Col8a2,COL8A2
58488,Lratd2,LRATD2
58498,Elovl7,ELOVL7
58507,A3galt2,A3GALT2
58508,Mapk15,MAPK15
58536,Ascl5,ASCL5
58537,Allc,ALLC
58540,Stx6,STX6
58544,Twist1,TWIST1
58547,Amer3,AMER3
58551,Sord,SORD
58571,Per2,PER2
58577,Cxcl14,CXCL14
58580,Abca13,ABCA13
58588,Gorab,GORAB
58616,Btk,BTK
58653,Serinc5,SERINC5
58661,1110059E24Rik,C9orf85
58670,Paxx,PAXX
58686,Sprr4,SPRR4
58691,Caap1,CAAP1
58709,Dusp1,DUSP1
58715,Sox11,SOX11
58716,Nxph4,NXPH4
58719,Akap13,AKAP13
58744,Fam151b,FAM151B
58750,Tmem215,TMEM215
58752,Elf3,ELF3
58762,Nrp2,NRP2
58779,Trub2,TRUB2
58788,9530068E07Rik,C5orf15
58793,Mrps30,MRPS30
58798,Leap2,LEAP2
58802,Eif3e,EIF3E
58860,Med22,MED22
58874,Slc34a1,SLC34A1
58880,Abraxas2,ABRAXAS2
58883,Etv3,ETV3
58886,Zbtb32,ZBTB32
58894,Msrb2,MSRB2
58899,CK137956,C1orf94
58901,Pdcd6,PDCD6
58914,Grpel1,GRPEL1
58931,Mrpl1,MRPL1
58942,Sec16a,SEC16A
58964,Npsr1,NPSR1
58973,Csmd2,CSMD2
58982,Pnma8a,PNMA8A
58987,Mef2b,MEF2B
58996,Rnf180,RNF180
59007,Rchy1,RCHY1
59029,Mip,MIP
59033,Spryd4,SPRYD4
59034,Lyl1,LYL1
59040,Pcsk2,PCSK2
59048,Pygo2,PYGO2
59051,Inmt,INMT
59055,Fbxo33,FBXO33
59059,Scaf1,SCAF1
59066,Dcst2,DCST2
59071,Celf2,CELF2
59091,Lrrc10,LRRC10
59092,Tril,TRIL
59093,Nacad,NACAD
59095,Sec61b,SEC61B
59099,Myrfl,MYRFL
59103,Dcst1,DCST1
59114,Grhpr,GRHPR
59140,Cdc42bpb,CDC42BPB
59152,Rad21l,RAD21L1
59158,Zcchc2,ZCCHC2
59170,Il7r,IL7R
59193,Pard3b,PARD3B
59203,Zfp804b,ZNF804B
59205,Furin,FURIN
59230,Ctps2,CTPS2
59270,Ccdc62,CCDC62
59275,Adissp,ADISSP
59291,Il5,IL5
59295,Agbl4,AGBL4
59300,Il4i1,IL4I1
59310,Fam210a,FAM210A
59322,Sdhaf3,SDHAF3
59326,Ccdc125,CCDC125
59340,Ror1,ROR1
59348,Tex47,TEX47
59349,Rdh11,RDH11
59368,Cfap74,CFAP74
59378,Crk,CRK
59382,Dnah10,DNAH10
59392,Hand1,HAND1
59394,Lman1,LMAN1
59401,Notch1,NOTCH1
59418,Erbb4,ERBB4
59437,Hgf,HGF
59448,Arl10,ARL10
59453,Nxn,NXN
59465,Slc23a1,SLC23A1
59475,Rasef,RASEF
59483,Mast3,MAST3
59496,Kcnh7,KCNH7
59499,Eif4g3,EIF4G3
59522,Otud6b,OTUD6B
59531,Fras1,FRAS1
59542,Camkmt,CAMKMT
59551,Mir423,hsa-mir-423
59552,Cox4i2,COX4I2
59558,Slc14a1,SLC14A1
59586,Synj2bp,SYNJ2BP
59593,Sardh,SARDH
59615,Acaca,ACACA
59638,Mtg2,MTG2
59661,Six3,SIX3
59662,Gstz1,GSTZ1
59687,Plcl1,PLCL1
59692,Rps20,RPS20
59713,Marveld2,MARVELD2
59726,Gpr39,GPR39
59728,Bpi,BPI
59739,Cgref1,CGREF1
59747,Sfrp1,SFRP1
59750,Pnoc,PNOC
59755,Ptbp1,PTBP1
59788,Tmem181a,TMEM181
59808,Polr2k,POLR2K
59822,Or9k2,OR9K2
59830,Apob,APOB
59834,Lman2,LMAN2
59858,Pard6b,PARD6B
59861,Sla2,SLA2
59869,Igf2,IGF2
59879,Sec61a2,SEC61A2
59894,Cep135,CEP135
59905,C9,C9
59921,Fut10,FUT10
59934,Xrn2,XRN2
59948,Mga,MGA
59969,Scube1,SCUBE1
59981,A830018L16Rik,C8orf34
59997,Agbl3,AGBL3
60005,Dnajc22,DNAJC22
60013,Slc9b1,SLC9B1
60026,B2m,B2M
60041,Tspan11,TSPAN11
60047,Trappc6b,TRAPPC6B
60056,H3c1,H3C1
60058,Hdhd2,HDHD2
60104,Nudt5,NUDT5
60117,Vwa3b,VWA3B
60137,Lins1,LINS1
60156,Ncaph2,NCAPH2
60200,Max,MAX
60222,Elp3,ELP3
60247,Htr4,HTR4
60259,Tns2,TNS2
60282,Cblif,CBLIF
60287,Kcnd2,KCND2
60290,Immp2l,IMMP2L
60302,Rfx7,RFX7
60314,Dlx5,DLX5
60328,Ms4a3,MS4A3
60335,Ptp4a1,PTP4A1
60349,Prss37,PRSS37
60353,Cytl1,CYTL1
60357,Rpusd2,RPUSD2
60363,Npy4r,NPY4R
60367,Acadsb,ACADSB
60376,Mrps18c,MRPS18C
60395,Arid3b,ARID3B
60408,Ghr,GHR
60442,Dlx6,DLX6
60445,Prr33,PRR33
60446,Asxl2,ASXL2
60453,Oxa1l,OXA1L
60473,Bub1b,BUB1B
60492,Clec2l,CLEC2L
60495,Myl12a,MYL12A
60535,Cpxm2,CPXM2
60543,Cyp2u1,CYP2U1
60550,Tas2r137,TAS2R3
60551,Smim39,SMIM39
60555,Bri3,BRI3
60562,Fat1,FAT1
60575,Csnk2a1,CSNK2A1
60643,Ube2d1,UBE2D1
60650,Noto,NOTO
60651,Fbxo41,FBXO41
60656,Tmem229a,TMEM229A
60657,Nynrin,NYNRIN
60660,Stag2,STAG2
60715,Dad1,DAD1
60744,Stox1,STOX1
60750,Sfrp2,SFRP2
60752,Fmc1,FMC1
60757,Srd5a3,SRD5A3
60768,B3gnt7,B3GNT7
60772,Atg2b,ATG2B
60780,Copg2,COPG2
60783,Cntf,CNTF
60784,Naa15,NAA15
60803,Glyat,GLYAT
60809,Aoc3,AOC3
60816,Arhgap19,ARHGAP19
60832,Bcl2l11,BCL2L11
60847,Prdm13,PRDM13
60849,Tpd52,TPD52
60882,Cntd1,CNTD1
60889,1600012H06Rik,C6orf120
60893,Luc7l3,LUC7L3
60916,Nedd8,NEDD8
60930,Nhsl1,NHSL1
60941,Sfn,SFN
60942,Col28a1,COL28A1
60948,Entrep2,ENTREP2
60957,Nr0b2,NR0B2
60958,Otx2,OTX2
60976,Tent5b,TENT5B
60977,Afg3l2,AFG3L2
61027,Catsper4,CATSPER4
61030,Ttyh1,TTYH1
61051,Sfta2,SFTA2
61054,Atp6v1g1,ATP6V1G1
61063,Olfml2a,OLFML2A
61069,Dlx1,DLX1
61076,Emc4,EMC4
61094,Scd2,SCD
61106,Lin28a,LIN28A
61108,Ppp1r15b,PPP1R15B
61117,Gm24313,SNORA5A
61118,Snora5c,SNORA5C
61120,Slc4a9,SLC4A9
61141,Gm23245,SNORA22B
61142,Lcn10,LCN10
61154,Snora15,SNORA15B-2
61156,Rgs7,RGS7
61214,Gsto2,GSTO2
61226,Mta1,MTA1
61255,Unc80,UNC80
61271,Mplkip,MPLKIP
61272,Ppib,PPIB
61295,Urm1,URM1
61302,Aoc2,AOC2
61304,Ppp1r3a,PPP1R3A
61307,Ina,INA
61309,Coa3,COA3
61311,Pdzd7,PDZD7
61321,Minar1,MINAR1
61324,Pde2a,PDE2A
61351,Kif2b,KIF2B
61357,En2,EN2
61358,Senp8,SENP8
61364,Tas2r138,TAS2R38
61365,Efr3a,EFR3A
61377,Gpr37,GPR37
61378,Ric1,RIC1
61389,Cnr2,CNR2
61390,Pigbos1,PIGBOS1
61397,Zcchc8,ZCCHC8
61408,Cyp4f39,CYP4F22
61413,Scg3,SCG3
61420,Grhl3,GRHL3
61432,Hmgb2,HMGB2
61450,Ccdc186,CCDC186
61458,Mir25,MIR25
61459,Mir106b,MIR106B
61460,Kif6,KIF6
61471,Spmip7,SPMIP7
61472,Kctd2,KCTD2
61481,Tas2r108,TAS2R4
61482,Lin37,LIN37
61493,Gas2l3,GAS2L3
61513,Wdr86,WDR86
61521,Polr3a,POLR3A
61545,Cbx8,CBX8
61550,Cd70,CD70
61557,Tnfsf14,TNFSF14
61563,Ifrd1,IFRD1
61585,Pctp,PCTP
61593,Psma4,PSMA4
61625,Vps37b,VPS37B
61630,Scarb2,SCARB2
61678,Apoc4,APOC4
61689,Elavl3,ELAVL3
61696,Acyp2,ACYP2
61705,Dnm3,DNM3
61718,Dlx2,DLX2
61721,Tmem86b,TMEM86B
61725,Mreg,MREG
61729,Hapln4,HAPLN4
61734,Cep55,CEP55
61740,Arhgef10,ARHGEF10
61766,Marchf4,MARCHF4
61768,Dnajc9,DNAJC9
61775,Iqca1l,IQCA1L
61778,Zfp580,ZNF580
61786,Bnc2,BNC2
61808,Zfp422,ZNF22
61813,Pik3c2g,PIK3C2G
61823,Scn1a,SCN1A
61854,Rpp30,RPP30
61869,Klk7,KLK7
61881,Mir489,MIR489
61882,Pou6f2,POU6F2
61894,Ogfrl1,OGFRL1
61897,Mir30c-2,MIR30C2
61898,Mir30a,MIR30A
61899,Ppp1r3g,PPP1R3G
61902,Dmac1,DMAC1
61907,Abl1,ABL1
61914,Nsd2,NSD2
61959,Ccdc182,CCDC182
61961,Mir214,MIR214
61962,Mir199a-2,MIR199A2
61964,4930558K02Rik,C1orf105
61969,Fbxw10,FBXW10
61975,Car11,CA11
61987,Cpa2,CPA2
61991,H3f4,H3-4
61992,Wscd2,WSCD2
62008,Abca4,ABCA4
62015,Timm23,TIMM23B
62021,Surf6,SURF6
62026,Themis,THEMIS
62033,Cnnm1,CNNM1
62037,Cgrrf1,CGRRF1
62052,Arhgap8,ARHGAP8
62091,Gm25835,SNORD10
62092,Gm24029,SNORA67
62093,Sox15,SOX15
62096,Armt1,ARMT1
62102,Cpa4,CPA4
62113,Whrn,WHRN
62129,Myl12b,MYL12B
62140,Efnb3,EFNB3
62141,Nr2e1,NR2E1
62146,D430041D05Rik,KIAA1549L
62149,Or1p1b,OR1P1
62155,Angel1,ANGEL1
62165,Tmem97,TMEM97
62206,Sult2a5,SULT2A1
62218,Etl4,KIAA1217
62243,Sp1,SP1
62248,Cep192,CEP192
62269,Rab3d,RAB3D
62272,Tlcd2,TLCD2
62273,Bloc1s5,BLOC1S5
62281,Mir22,MIR22
62282,Mest,MEST
62299,Cox16,COX16
62310,Pde6a,PDE6A
62316,Prx,PRX
62349,Prrc2c,PRRC2C
62362,Sppl2c,SPPL2C
62371,Rbms2,RBMS2
62384,Fam117a,FAM117A
62397,Or10v1,OR10V1
62398,Dlgap5,DLGAP5
62408,Cyp2f2,CYP2F1
62416,Trim32,TRIM32
62428,Prdm6,PRDM6
62433,Igdcc3,IGDCC3
62452,Slc22a3,SLC22A3
62456,Phpt1,PHPT1
62464,Hint3,HINT3
62466,Gclc,GCLC
62481,Trip13,TRIP13
62489,Cytip,CYTIP
62498,Dlx3,DLX3
62564,Ndufaf8,NDUFAF8
62570,Patj,PATJ
62586,Tmem141,TMEM141
62605,Ints10,INTS10
62632,Nacc2,NACC2
62636,Cdc42se2,CDC42SE2
62649,Rprm,RPRM
62650,Hspa5,HSPA5
62674,Pld6,PLD6
62675,Nsg2,NSG2
62685,Mir139,MIR139
62686,Med9,MED9
62691,Pxmp2,PXMP2
62700,Ifi35,IFI35
62708,Ccnk,CCNK
62721,Fat3,FAT3
62726,Igkv17-121,IGKV5-2
62729,Zfp474,ZNF474
62735,Lgr5,LGR5
62743,Plekhg1,PLEKHG1
62756,Nxph3,NXPH3
62759,Cyb5d2,CYB5D2
62764,Slco4c1,SLCO4C1
62767,Tmem247,TMEM247
62768,Crisp2,CRISP2
62776,Spg11,SPG11
62820,Cep295,CEP295
62827,Card6,CARD6
62830,Nlgn2,NLGN2
62834,Ptpn21,PTPN21
62846,Bhmt2,BHMT2
62863,Fzd3,FZD3
62871,Cadm4,CADM4
62880,Pou3f3,POU3F3
62882,Spem1,SPEM1
62883,Asb18,ASB18
62889,Spem2,SPEM2
62894,Zscan22,ZSCAN22
62901,Chrnb1,CHRNB1
62911,Gm24357,SNORD6
62915,Gm24299,SNORD5
62916,Gm24455,SNORA18
62917,Gadd45b,GADD45B
62926,Cirop,CIROP
62937,Ndufb9,NDUFB9
62959,1700123O20Rik,C14orf119
62973,Mir216a,MIR216A
62974,Mir216b,MIR216B
62977,Or2d2,OR2D2
62979,Or2d36,OR2D3
62980,Ubtfl1,UBTFL1
62983,Or56b2,OR56B2
62984,Insr,INSR
62993,Hsd17b4,HSD17B4
63046,Eml1,EML1
63076,Or52w1,OR52W1
63077,Gnmt,GNMT
63083,Cyb5d1,CYB5D1
63089,Xpo7,XPO7
63103,Gm22442,SCARNA21
63105,Gucy2e,GUCY2D
63109,Ms4a2,MS4A2
63113,Hebp2,HEBP2
63118,Alox12b,ALOX12B
63124,Rspo3,RSPO3
63128,Aqp5,AQP5
63131,Spats1,SPATS1
63137,Trim46,TRIM46
63147,Kdr,KDR
63152,Hes7,HES7
63155,Rpl7a,RPL7A
63173,Pde1b,PDE1B
63184,Mir335,MIR335
63185,Mypop,MYPOP
63189,Borcs6,BORCS6
63203,Cyp3a13,CYP3A7
63227,Gp6,GP6
63233,Rpp40,RPP40
63241,Mfsd6l,MFSD6L
63242,Cfap52,CFAP52
63252,Gjc3,GJC3
63253,Cntnap2,CNTNAP2
63277,Ccdc86,CCDC86
63281,Ptgdr2,PTGDR2
63282,Tasor2,TASOR2
63313,Zp1,ZP1
63318,Fhip1a,FHIP1A
63334,Adamts10,ADAMTS10
63349,Rab5if,RAB5IF
63357,Ttn,TTN
63372,Aldh5a1,ALDH5A1
63386,Spata19,SPATA19
63388,Ucma,UCMA
63392,Rcvrn,RCVRN
63420,Creb3,CREB3
63425,Igsf9b,IGSF9B
63432,Mgme1,MGME1
63457,Adam8,ADAM8
63473,Myh13,MYH13
63476,Sh3rf1,SH3RF1
63484,Ran,RAN
63500,Pierce1,PIERCE1
63509,Srrm3,SRRM3
63514,Otud4,OTUD4
63533,Bet1l,BET1L
63541,Myh8,MYH8
63542,Tor1b,TOR1B
63547,Hspb6,HSPB6
63551,Ywhag,YWHAG
63552,Cpxm1,CPXM1
63559,Gadd45gip1,GADD45GIP1
63561,Zp3,ZP3
63574,Hint2,HINT2
63585,Ankrd29,ANKRD29
63612,Chek2,CHEK2
63654,Sostdc1,SOSTDC1
63656,Brd3,BRD3
63672,Arhgap32,ARHGAP32
63681,Lamp5,LAMP5
63687,Smarcd3,SMARCD3
63702,Calhm6,CALHM6
63712,Unc93a2,UNC93A
63718,Shisa6,SHISA6
63722,Polb,POLB
63740,Mydgf,MYDGF
63745,Stau1,STAU1
63767,Elp2,ELP2
63838,Ppp1r18,PPP1R18
63845,Fank1,FANK1
63858,Dnah9,DNAH9
63873,Kiss1r,KISS1R
63877,Slc17a3,SLC17A3
63907,Rnf216,RNF216
63916,Ninj2,NINJ2
63924,Fuom,FUOM
63937,Hif1a,HIF1A
63965,Fam98c,FAM98C
63981,Ndufb6,NDUFB6
63988,Sspn,SSPN
63997,Lrrc61,LRRC61
64000,Smco3,SMCO3
64002,Elp1,ELP1
64053,Fkbp14,FKBP14
64057,Ficd,FICD
64066,Myo3a,MYO3A
64079,Barx2,BARX2
64081,Dnajc30,DNAJC30
64082,Cldn3,CLDN3
64083,Nckap1l,NCKAP1L
64094,Tmem270,TMEM270
64096,Sec24d,SEC24D
64116,Zdhhc24,ZDHHC24
64121,Ankrd49,ANKRD49
64133,Rasal3,RASAL3
64147,Timm10b,TIMM10B
64154,Ripk2,RIPK2
64160,Rgs14,RGS14
64174,Cd3e,CD3E
64181,Gk,GK
64212,Rell2,RELL2
64220,Fzd1,FZD1
64222,Trbv13-1,TRBV10-1
64229,Cdo1,CDO1
64239,Trim29,TRIM29
64262,Laptm4b,LAPTM4B
64274,Igfbp6,IGFBP6
64282,C2,C2
64310,Trbv13-3,TRBV10-3
64312,Trbv14,TRBV11-3
64313,Trbv15,TRBV12-3
64315,Trbv16,TRBV12-5
64316,Fstl4,FSTL4
64324,Atp6v0a2,ATP6V0A2
64338,Mir744,MIR744
64339,Zfp112,ZNF112
64348,Hs3st3a1,HS3ST3A1
64350,Purb,PURB
64351,Gm22123,MIR4657
64353,Nhlrc2,NHLRC2
64358,Fgl2,FGL2
64360,Hs3st3b1,HS3ST3B1
64362,Zc2hc1a,ZC2HC1A
64370,Ceacam19,CEACAM19
64380,Cygb,CYGB
64385,F12,F12
64405,Trbc2,TRBC1
64407,Cnot7,CNOT7
64445,Prcd,PRCD
64458,Exosc1,EXOSC1
64480,Trbv31,TRBV30
64487,Trpv6,TRPV6
64495,Parp8,PARP8
64517,Tigar,TIGAR
64522,Grin2d,GRIN2D
64524,Snord1c,SNORD1C
64527,Snord1a,SNORD1A
64529,Prim1,PRIM1
64543,Tfpt,TFPT
64549,Pabpc4l,PABPC4L
64552,Slc23a2,SLC23A2
64572,Srp72,SRP72
64583,Trpv5,TRPV5
64586,Treh,TREH
64592,Raver1,RAVER1
64612,Lmod2,LMOD2
64614,St8sia1,ST8SIA1
64630,Epo,EPO
64631,Sipa1l3,SIPA1L3
64649,Rrm1,RRM1
64665,Mrps16,MRPS16
64672,Tekt3,TEKT3
64690,Pym1,PYM1
64698,Ccnj,CCNJ
64710,Nhlrc4,NHLRC4
64712,Fgd6,FGD6
64720,Gprasp2,GPRASP2
64746,Pygl,PYGL
64769,Hs3st4,HS3ST4
64771,Crebbp,CREBBP
64791,Ccdc137,CCDC137
64797,Atp6ap1,ATP6AP1
64821,Gsto1,GSTO1
64829,Fscn2,FSCN2
64832,Sf3a2,SF3A2
64846,Pde5a,PDE5A
64860,Wbp2,WBP2
64908,Mbd6,MBD6
64924,Bccip,BCCIP
64937,B3gnt6,B3GNT6
64941,Chrm4,CHRM4
64944,Apoa1,APOA1
64974,Oprd1,OPRD1
64990,Cacnb3,CACNB3
65015,Atp6v1f,ATP6V1F
65017,Ccdc25,CCDC25
65031,Hs3st2,HS3ST2
65033,Spmip1,SPMIP1
65034,Zfp488,ZNF488
65046,Safb2,SAFB2
65061,Or2b11,OR2B11
65064,Fibcd1,FIBCD1
65076,Or6n2,OR6N2
65077,Scgb3a1,SCGB3A1
65080,H2bc18,H2BC18
65085,Vstm2a,VSTM2A
65093,Map2k1,MAP2K1
65116,Kif20b,KIF20B
65121,Cdh6,CDH6
65128,H3c13,H3C14
65129,Or2t1,OR2T1
65130,Il19,IL19
65136,Glb1l2,GLB1L2
65142,Uhrf2,UHRF2
65160,Mettl16,METTL16
65170,Cpa5,CPA5
65181,Mpv17l,MPV17L
65184,Cited4,CITED4
65185,Pelo,PELO
65189,Pkp1,PKP1
65194,Nup54,NUP54
65230,Capsl,CAPSL
65236,Zc3h7a,ZC3H7A
65253,Ms4a8a,MS4A8
65264,Dgcr8,DGCR8
65284,Ndufaf5,NDUFAF5
65304,Srsf1,SRSF1
65313,C1qtnf3,C1QTNF3
65320,Rps16,RPS16
65344,Epx,EPX
65345,Hnrnpul2,HNRNPUL2
65350,Acot12,ACOT12
65375,Acot9,ACOT9
65394,Wdr81,WDR81
65408,Marchf5,MARCHF5
65414,H2-DMb1,HLA-DMB
65434,Aqp6,AQP6
65440,Kctd7,KCTD7
65451,Npm3,NPM3
65463,Slc22a6,SLC22A6
65470,Mmp2,MMP2
65478,Bag4,BAG4
65486,Phlda3,PHLDA3
65490,Cpne8,CPNE8
65502,Ccdc28a,CCDC28A
65506,Tcfl5,TCFL5
65511,Cd14,CD14
65516,Surf2,SURF2
65527,Zc3h3,ZC3H3
65532,Snord93,SNORD93
65534,Trank1,TRANK1
65542,Mir490,MIR490
65543,Zc3hav1l,ZC3HAV1L
65544,Trim41,TRIM41
65554,Tafa3,TAFA3
65556,Dgcr2,DGCR2
65595,Ralgapb,RALGAPB
65611,Ccdc106,CCDC106
65624,Iqgap1,IQGAP1
65647,Phospho1,PHOSPHO1
65654,Arl3,ARL3
65663,Fam162b,FAM162B
65666,Reln,RELN
65688,Nol7,NOL7
65693,Taf13,TAF13
65696,Mir194-1,MIR194-1
65697,Snora36b,SNORA36B
65698,Tmem95,TMEM95
65701,Epm2aip1,EPM2AIP1
65704,Mrpl13,MRPL13
65732,Chrm1,CHRM1
65737,Snord42b,SNORD42B
65755,Snord4a,SNORD4A
65756,Ccr8,CCR8
65758,Snord42a,SNORD42A
65759,Tlcd1,TLCD1
65763,Sdc2,SDC2
65774,Nup188,NUP188
65800,Klrd1,KLRD1
65812,Macf1,MACF1
65870,Sbf2,SBF2
65918,Gxylt2,GXYLT2
65921,Ndufaf2,NDUFAF2
65929,Mthfd1,MTHFD1
65987,Commd10,COMMD10
65995,Adcy5,ADCY5
66012,Rab28,RAB28
66023,Ccl17,CCL17
66025,Pdcd5,PDCD5
66037,Pank3,PANK3
66041,Galr2,GALR2
66042,Capns2,CAPNS2
66043,Prr11,PRR11
66052,Ctrb1,CTRB2
66058,Mcm10,MCM10
66070,Fyb1,FYB1
66087,Gys2,GYS2
66094,Vat1l,VAT1L
66096,Ebag9,EBAG9
66115,Maf,MAF
66123,Rtn4rl1,RTN4RL1
66124,Dph1,DPH1
66145,Ubd,UBD
66147,Hsh2d,HSH2D
66157,Irf4,IRF4
66167,Aga,AGA
66174,Vcf2,FAM156B
66197,Foxc2,FOXC2
66198,Syce1l,SYCE1L
66201,Mon1b,MON1B
66211,Fryl,FRYL
66233,Eci3,ECI2
66269,Pop4,POP4
66284,Clec1b,CLEC1B
66290,Opn1sw,OPN1SW
66306,Bex1,BEX2
66321,Ocm,OCM
66323,Ovca2,OVCA2
66324,Bbs10,BBS10
66326,Zfp90,ZFP90
66345,Mir132,MIR132
66346,Crhbp,CRHBP
66355,Tas2r139,TAS2R39
66356,Ptpro,PTPRO
66383,Tas2r144,TAS2R40
66384,Pak3,PAK3
66412,Tas2r135,TAS2R60
66413,Tas2r126,TAS2R41
66414,Rps11,RPS11
66424,Chd7,CHD7
66446,Hexim1,HEXIM1
66448,Arl5c,ARL5C
66457,Tcaf2,TCAF2C
66460,Eif4h,EIF4H
66474,Mmp13,MMP13
66477,Bhmt,BHMT
66501,Polr2a,POLR2A
66511,Odad2,ODAD2
66533,Ggt6,GGT6
66544,Zcchc14,ZCCHC14
66549,Or9a4,OR9A4
66555,Nacc1,NACC1
66566,Alox15,ALOX15
66572,Lrrd1,LRRD1
66575,Atxn7l1,ATXN7L1
66586,Tph1,TPH1
66594,Mat2b,MAT2B
66629,Reep4,REEP4
66639,Rpl36,RPL36
66658,Jph3,JPH3
66662,Vmo1,VMO1
66666,Lrp4,LRP4
66672,Ppp1r14d,PPP1R14D
66676,Gltpd2,GLTPD2
66677,Chrne,CHRNE
66682,Jmjd7,JMJD7
66690,Kmt2c,KMT2C
66760,Spata2,SPATA2
66768,Cx3cl1,CX3CL1
66772,Hsd17b1,HSD17B1
66777,Cdkl1,CDKL1
66793,Pigu,PIGU
66813,Zfhx3,ZFHX3
66822,Sema6b,SEMA6B
66828,Coasy,COASY
66842,Arln,ARLN
66846,Tm2d3,TM2D3
66864,Rnf4,RNF4
66887,Rps23,RPS23
66899,Cryab,CRYAB
66921,Adamts18,ADAMTS18
66930,Ap1g2,AP1G2
66990,Fgf10,FGF10
66993,Psmc3ip,PSMC3IP
67002,Id4,ID4
67004,Rfesd,RFESD
67019,Wac,WAC
67059,Akt1s1,AKT1S1
67087,Slc17a1,SLC17A1
67094,Srp14,SRP14
67104,Sec23b,SEC23B
67139,Foxf1,FOXF1
67140,Castor1,CASTOR1
67159,Prag1,PRAG1
67161,Gcnt4,GCNT4
67170,Tatdn1,TATDN1
67205,Lyve1,LYVE1
67210,Adamts19,ADAMTS19
67222,Crabp1,CRABP1
67235,Cldn9,CLDN9
67238,Zscan10,ZSCAN10
67248,Pir,PIR
67273,Pif1,PIF1
67304,Nfxl1,NFXL1
67315,F2,F2
67351,Or2c1,OR2C1
67581,Zfp597,ZNF597
67582,Kcnh4,KCNH4
67584,1700037C18Rik,C16orf90
67586,Hcrt,HCRT
67588,Dhrs7c,DHRS7C
67591,Grpel2,GRPEL2
67596,Asic2,ASIC2
67601,Ergic1,ERGIC1
67636,Orai3,ORAI3
67640,Tmem161a,TMEM161A
67667,Prss35,PRSS35
67670,Kat8,KAT8
67684,Arhgef39,ARHGEF39
67696,Krt24,KRT24
67697,Myh9,MYH9
67737,H2-Ab1,HLA-DQB2
67744,Krt25,KRT25
67745,Krt27,KRT27
67747,Tmem30a,TMEM30A
67758,Igfbp1,IGFBP1
67761,Krt28,KRT28
67762,Pkn3,PKN3
67773,Gripap1,GRIPAP1
67897,Krt10,KRT10
67899,Pycard,PYCARD
67903,Lysmd3,LYSMD3
67910,Krt12,KRT12
67915,Zp2,ZP2
67921,Rp9,RP9
67928,Krt23,KRT23
67937,Garin1a,GARIN1A
67949,Pou4f3,POU4F3
67951,Atox1,ATOX1
67963,Lhfpl3,LHFPL3
67967,Anks4b,ANKS4B
67968,Gh,GH1
67974,Atg12,ATG12
68000,Or6b1,OR6B1
68002,Rdh5,RDH5
68017,Tmem33,TMEM33
68030,Ferd3l,FERD3L
68031,Mt4,MT4
68033,Or2a57,OR2A42
68039,Or2a20,OR2A1
68040,Or2a5,OR2A5
68042,Or2a25,OR2A25
68045,Creb3l1,CREB3L1
68053,Or2a12,OR2A12
68055,Rnf122,RNF122
68058,Or2a14,OR2A14
68064,Rsrc2,RSRC2
68089,Scn4a,SCN4A
68092,Slc22a7,SLC22A7
68114,Rbm33,RBM33
68124,Dll3,DLL3
68131,Adcy2,ADCY2
68150,Atp5f1a,ATP5F1A
68181,Sbk1,SBK1
68183,Xkr5,XKR5
68188,Slc22a27,SLC22A9
68272,Tsc1,TSC1
68346,Ythdf3,YTHDF3
68363,U2af2,U2AF2
68378,Il27,IL27
68380,Dydc1,DYDC1
68387,Ern1,ERN1
68397,Shh,SHH
68402,Cd19,CD19
68407,Lysmd4,LYSMD4
68425,Bod1l,BOD1L1
68433,Mnx1,MNX1
68441,Rpp38,RPP38
68461,Snord104,SNORD104
68468,Asb16,ASB16
68471,Gck,GCK
68485,Tex12,TEX12
68488,Cuzd1,CUZD1
68494,Thap1,THAP1
68501,Car12,CA12
68540,Npb,NPB
68542,Ccr10,CCR10
68545,Foxh1,FOXH1
68552,Tespa1,TESPA1
68570,Cntnap1,CNTNAP1
68574,Bnip3,BNIP3
68580,Clvs2,CLVS2
68583,Nsd3,NSD3
68598,Spns1,SPNS1
68610,Cep85l,CEP85L
68623,Iars1,IARS1
68672,Zfp637,ZNF32
68687,Klk8,KLK8
68705,Tlcd3a,TLCD3A
68712,Dusp5,DUSP5
68716,Lamtor3,LAMTOR3
68722,Gemin4,GEMIN4
68729,Pla2g6,PLA2G6
68781,P3r3urf,P3R3URF
68782,Lurap1,LURAP1
68785,Gtpbp4,GTPBP4
68802,Stum,STUM
68805,Tomt,TOMT
68807,Depdc7,DEPDC7
68832,Trim2,TRIM2
68925,Fndc8,FNDC8
68926,Zfp12,ZNF12
68931,Smad2,SMAD2
68975,Arg1,ARG1
68995,Rtf1,RTF1
69009,Klhl21,KLHL21
69014,B4gat1,B4GAT1
69016,Hpd,HPD
69039,Vps53,VPS53
69111,Fdxacb1,FDXACB1
69115,Tmem190,TMEM190
69117,Spi1,SPI1
69124,Hoxa1,HOXA1
69126,Ubr4,UBR4
69143,Zfp609,ZNF609
69149,Zfp128,ZNF8
69151,Hoxa2,HOXA2
69153,Hoxa5,HOXA5
69155,Hoxa6,HOXA6
69157,Majin,MAJIN
69165,Hoxa7,HOXA7
69168,Diras1,DIRAS1
69182,Hoxa9,HOXA9
69190,Etfa,ETFA
69233,Robo2,ROBO2
69251,Mir196b,MIR196B
69252,Oaf,OAF
69256,Hoxa11,HOXA11
69258,Eif3k,EIF3K
69282,Hoxa13,HOXA13
69284,Evx1,EVX1
69288,Fkbp6,FKBP6
69296,Tmem171,TMEM171
69302,Ociad2,OCIAD2
69326,Gdpd3,GDPD3
69331,Abtb2,ABTB2
69334,Ppil4,PPIL4
69337,Stk10,STK10
69361,Aldh8a1,ALDH8A1
69373,Gpr139,GPR139
69375,Hpx,HPX
69418,Castor2,CASTOR2
69422,Pde7a,PDE7A
69435,Otoa,OTOA
69444,Fzd9,FZD9
69445,Abcb5,ABCB5
69451,Ecd,ECD
69465,Lta,LTA
69470,Pdcl2,PDCL2
69472,Rpl37,RPL37
69484,Asf1a,ASF1A
69487,Adh5,ADH5
69508,Ppp4r4,PPP4R4
69518,Cuta,CUTA
69533,Zfp354a,ZNF354A
69542,Akr7a5,AKR7L
69577,1700088E04Rik,C22orf23
69592,Prdm2,PRDM2
69606,Ephx3,EPHX3
69623,Hnrnpab,HNRNPAB
69642,Cmss1,CMSS1
69651,Jph2,JPH2
69665,Or2f1,OR2F2
69666,Rmi2,RMI2
69673,Arid4a,ARID4A
69695,Maff,MAFF
69711,Filip1l,FILIP1L
69721,Prm3,PRM3
69722,Plpp5,PLPP5
69738,Prm2,PRM2
69740,Vsig10l,VSIG10L
69743,Gm867,C22orf15
69756,Stx16,STX16
69797,Rab33b,RAB33B
69803,Axl,AXL
69814,Cdhr1,CDHR1
69824,Exosc6,EXOSC6
69825,Rab6b,RAB6B
69831,Kit,KIT
69859,Gm22193,SNORD111B
69860,Snord111,SNORD111
69863,Tmem184b,TMEM184B
69893,Hyal5,SPAM1
69907,Gabarapl2,GABARAPL2
69912,Pm20d2,PM20D2
69914,Cdca2,CDCA2
69922,Rars2,RARS2
69982,Gnat1,GNAT1
69988,Slc5a12,SLC5A12
69994,Snx24,SNX24
70009,Hba-x,HBZ
70043,Asb6,ASB6
70048,Hbq1a,HBQ1
70049,Soat2,SOAT2
70059,Ddx28,DDX28
70060,Neurod6,NEUROD6
70061,Gng10,GNG10
70073,Nfatc3,NFATC3
70095,Spidr,SPIDR
70125,B3gat1,B3GAT1
70135,Wdr89,WDR89
70146,Atp5f1c,ATP5F1C
70174,Cfap95,CFAP95
70184,Nmur2,NMUR2
70187,Dhrs1,DHRS1
70203,Zcchc4,ZCCHC4
70211,Baz1b,BAZ1B
70214,Zcchc9,ZCCHC9
70233,Nms,NMS
70234,Plekho2,PLEKHO2
70241,Zfp91,ZFP91
70247,Sgsm3,SGSM3
70292,Hs6st1,HS6ST1
70296,Edf1,EDF1
70303,Tet3,TET3
70308,Riok3,RIOK3
70330,Casr,CASR
70338,Trem2,TREM2
70342,Oser1,OSER1
70362,Otud7a,OTUD7A
70369,Dpf1,DPF1
70395,Atp5me,ATP5ME
70405,Smpd2,SMPD2
70410,Ciao2a,CIAO2A
70423,Tti1,TTI1
70432,Uck1,UCK1
70447,Timm9,TIMM9
70490,Slc17a2,SLC17A2
70502,Gpr45,GPR45
70503,Sap30,SAP30
70506,Pkd1l1,PKD1L1
70514,Cd28,CD28
70518,Ube2k,UBE2K
70536,Ccdc14,CCDC14
70560,Ms4a15,MS4A15
70570,Chp1,CHP1
70583,Gal3st2b,GAL3ST2
70586,Reep2,REEP2
70602,Rdh9,RDH16
70650,Src,SRC
70679,Amdhd1,AMDHD1
70686,Mrfap1,MRFAP1L1
70691,Noa1,NOA1
70698,Slco1b2,SLCO1B1
70711,Dmxl2,DMXL2
70726,Dpcd,DPCD
70742,Cdc14b,CDC14B
70761,Map9,MAP9
70775,Hepacam,HEPACAM
70782,Aspg,ASPG
70841,Ccnjl,CCNJL
70857,Cnga4,CNGA4
70860,Dynlt1f,DYNLT1
70876,Vgll3,VGLL3
70881,Sidt2,SIDT2
70901,Dcdc2a,DCDC2
70905,Rprd1a,RPRD1A
70919,Sp8,SP8
70927,Sema6a,SEMA6A
70952,Dock4,DOCK4
70970,Mrgbp,MRGBP
70973,Xylb,XYLB
70984,Tbc1d20,TBC1D20
71023,Pip4k2a,PIP4K2A
71033,Pomk,POMK
71054,Atp8b1,ATP8B1
71078,4930579G24Rik,C4orf46
71082,Afap1,AFAP1
71094,Bicd1,BICD1
71106,Mtbp,MTBP
71116,Btaf1,BTAF1
71122,Aff1,AFF1
71137,Med23,MED23
71147,Apoa5,APOA5
71158,Dnajc5b,DNAJC5B
71231,Bin2,BIN2
71248,Slc31a1,SLC31A1
71254,Gmeb2,GMEB2
71263,Tmem80,TMEM80
71271,Ywhaz,YWHAZ
71302,Dennd1a,DENND1A
71326,Rrp8,RRP8
71332,Siglec1,SIGLEC1
71339,Sympk,SYMPK
71378,4930550C14Rik,C11orf65
71389,Elf2,ELF2
71405,Cdh2,CDH2
71422,Krt33b,KRT33A
71425,Zscan2,ZSCAN2
71442,Rbck1,RBCK1
71482,Srek1ip1,SREK1IP1
71489,Oga,OGA
71514,Psmd10,PSMD10
71525,Scgb1a1,SCGB1A1
71528,Ccdc127,CCDC127
71531,Pola2,POLA2
71547,Adamts16,ADAMTS16
71552,Tubb4b,TUBB4B
71557,Lenep,LENEP
71559,Cd4,CD4
71575,Arsg,ARSG
71583,Arpc5,ARPC5
71588,Aadac,AADAC
71598,Myo1e,MYO1E
71618,Apobec4,APOBEC4
71620,Ndor1,NDOR1
71628,Ints6l,INTS6L
71639,Trim40,TRIM40
71654,Usp49,USP49
71664,Ccr6,CCR6
71672,Kctd11,KCTD11
71674,Fam131a,FAM131A
71686,Rnf227,RNF227
71689,Itgad,ITGAD
71692,Or4d2b,OR4D2
71696,Tbc1d9b,TBC1D9B
71727,Rsph3b,RSPH3
71731,Chmp6,CHMP6
71735,Sesn1,SESN1
71743,Abce1,ABCE1
71761,Traf6,TRAF6
71767,Bhlha9,BHLHA9
71768,Pde4b,PDE4B
71786,Trarg1,TRARG1
71787,Usp2,USP2
71795,Clcn4,CLCN4
71811,Trim25,TRIM25
71861,Aldoa,ALDOA
71880,Bche,BCHE
71889,Arl1,ARL1
71901,Vnn1,VNN1
71906,Mcur1,MCUR1
71915,Rpl12,RPL12
71934,Zfp750,ZNF750
71936,Oxsr1,OXSR1
71944,Tmem121,TMEM121
71955,Rnf138,RNF138
71971,Metrnl,METRNL
71976,Slc7a7,SLC7A7
72002,C1rl,C1RL
72017,Commd9,COMMD9
72028,Btbd9,BTBD9
72036,Sdk1,SDK1
72045,Mcm4,MCM4
72085,Mpeg1,MPEG1
72087,Zfp408,ZNF408
72093,Syt4,SYT4
72102,Endod1,ENDOD1
72104,Smpd1,SMPD1
72117,Wdr77,WDR77
72121,Slc16a10,SLC16A10
72127,Osbpl1a,OSBPL1A
72146,Gls2,GLS2
72178,Akap7,AKAP7
72190,Mrc2,MRC2
72203,Mtmr3,MTMR3
72228,Lfng,LFNG
72234,Inip,INIP
72245,Adora3,ADORA3
72249,Rftn1,RFTN1
72266,Foxo6,FOXO6
72269,Supt3,SUPT3H
72276,Thrsp,THRSP
72278,Hs2st1,HS2ST1
72285,Chrnb4,CHRNB4
72293,Cfap77,CFAP77
72297,Ids,IDS
72317,Aif1,AIF1
72323,Sun3,SUN3
72332,Rab1b,RAB1B
72337,Snapc4,SNAPC4
72351,Slc4a1,SLC4A1
72355,Fbxo22,FBXO22
72366,Hs3st6,HS3ST6
72367,H2ac25,H2AC25
72370,H2bc26,H2BC26
72373,Utp15,UTP15
72387,Tekt5,TEKT5
72390,Dnmbp,DNMBP
72397,Slc44a5,SLC44A5
72400,Nfx1,NFX1
72411,Runx2,RUNX2
72426,Arhgef12,ARHGEF12
72447,Dexi,DEXI
72451,Ythdc1,YTHDC1
72464,Ccdc71l,CCDC71L
72465,Tomm7,TOMM7
72471,Ears2,EARS2
72488,Ripor3,RIPOR3
72504,Hoxa10,HOXA10
72509,Slc24a1,SLC24A1
72522,Tmem178b,TMEM178B
72564,Dnah11,DNAH11
72574,Fam229a,FAM229A
72579,Cyp46a1,CYP46A1
72592,Ccm2l,CCM2L
72598,Tll2,TLL2
72604,Ctxnd2,CTXND2
72605,Ero1b,ERO1B
72617,Ntn3,NTN3
72618,Commd2,COMMD2
72631,Mir144,MIR144
72632,Kcng1,KCNG1
72669,Ush1g,USH1G
72671,Mir484,MIR484
72672,Or1d2,OR1D2
72674,Snord68,SNORD68
72675,Cyp39a1,CYP39A1
72684,Ctf1,CTF1
72686,Pdzd9,PDZD9
72689,Spata22,SPATA22
72703,Nkd1,NKD1
72706,Kprp,KPRP
72707,Rgs8,RGS8
72714,Malt1,MALT1
72740,Btla,BTLA
72745,Map3k15,MAP3K15
72754,Pigg,PIGG
72783,Ticrr,TICRR
72800,A4gnt,A4GNT
72802,Eaf2,EAF2
72808,Adgrf1,ADGRF1
72825,Caml,CAMLG
72841,Rnf114,RNF114
72858,Htr1f,HTR1F
72860,Celsr2,CELSR2
72864,Slco2a1,SLCO2A1
72890,Acin1,ACIN1
72929,Mir138-2,MIR138-2
72930,Arl2bp,ARL2BP
72940,Nipsnap3a,NIPSNAP3A
72946,Rad50,RAD50
72963,Sufu,SUFU
72981,Phaf1,PHAF1
72992,Wdr44,WDR44
73009,Sapcd2,SAPCD2
73013,Rnasek,RNASEK
73025,Prc1,PRC1
73056,Lactbl1,LACTBL1
73059,Snta1,SNTA1
73088,Mir195a,MIR195
73089,Stoml2,STOML2
73112,Mir497,MIR497
73113,Slc16a13,SLC16A13
73115,Phf23,PHF23
73128,Treml1,TREML1
73133,Tbx20,TBX20
73135,Atg9b,ATG9B
73146,Nfkbie,NFKBIE
73151,Ppp1r2,PPP1R2
73187,Dlgap4,DLGAP4
73205,Frk,FRK
73209,Gbx1,GBX1
73211,Foxl3,FOXL3
73213,Tmem208,TMEM208
73225,Asz1,ASZ1
73237,Gpld1,GPLD1
73248,Nhlh1,NHLH1
73249,Prr19,PRR19
73258,Clca2,CLCA2
73261,Slc6a11,SLC6A11
73265,Tet1,TET1
73272,Izumo2,IZUMO2
73277,Kctd19,KCTD19
73288,Dscc1,DSCC1
73298,1700020L24Rik,C17orf50
73304,Abhd15,ABHD15
73305,Pafah1b3,PAFAH1B3
73323,Neurog3,NEUROG3
73325,Kin,KIN
73332,Zbtb14,ZBTB14
73352,Arhgap31,ARHGAP31
73411,Cttnbp2,CTTNBP2
73423,Asb7,ASB7
73431,Saraf,SARAF
73449,Fbxw7,FBXW7
73472,Lrrc36,LRRC36
73490,Atp5f1d,ATP5F1D
73502,Cd96,CD96
73516,Stmn3,STMN3
73525,Rnf152,RNF152
73554,Rbpms2,RBPMS2
73561,Bmp2,BMP2
73565,Pdcd11,PDCD11
73584,Dnaaf9,DNAAF9
73592,Tmprss5,TMPRSS5
73606,Slc25a48,SLC25A48
73625,Gdap1,GDAP1
73678,Cblc,CBLC
73693,Slc27a2,SLC27A2
73701,Chpf2,CHPF2
73711,Pdha1,PDHA1
73749,Yars2,YARS2
73759,Cog8,COG8
73765,Klhl42,KLHL42
73771,Garin1b,GARIN1B
73780,Slc45a4,SLC45A4
73790,Man2b2,MAN2B2
73803,Pdf,PDF
73804,Cep72,CEP72
73814,Iyd,IYD
73825,Slc17a8,SLC17A8
73830,Sephs2,SEPHS2
73831,Zfp768,ZNF768
73833,Lztfl1,LZTFL1
73853,Pole3,POLE3
73861,Matn1,MATN1
73864,Srgap1,SRGAP1
73874,Lmnb1,LMNB1
73885,Ccnb2,CCNB2
73899,Fbrs,FBRS
73908,Sfpq,SFPQ
73919,Lamtor4,LAMTOR4
73931,Cks2,CKS2
73937,Exosc5,EXOSC5
73949,Tgs1,TGS1
73955,H2-Oa,HLA-DOA
73962,Ugcg,UGCG
73971,Prss54,PRSS54
73978,Rpl18a,RPL18A
73995,Kcp,KCP
74007,Trim27,TRIM27
74038,Nat3,NAT1
74080,Dctpp1,DCTPP1
74086,Psmf1,PSMF1
74104,Gnaz,GNAZ
74111,Smc1a,SMC1A
74121,4933402J07Rik,C16orf78
74122,Sh3glb2,SH3GLB2
74159,Lin7a,LIN7A
74165,Cetn3,CETN3
74180,Prg2,PRG2
74186,Mrpl15,MRPL15
74193,Stra8,STRA8
74196,Zfp423,ZNF423
74203,Armcx5,ARMCX5
74220,Grifin,GRIFIN
74223,Arhgef3,ARHGEF3
74246,Ribc1,RIBC1
74264,Psmb9,PSMB9
74271,Oas3,OAS3
74314,Ube2s,UBE2S
74319,Oxct2b,OXCT2
74321,Krt34,KRT34
74322,Fam237b,FAM237B
74324,Rbm39,RBM39
74410,Sun2,SUN2
74483,Pclaf,PCLAF
74496,Trit1,TRIT1
74512,Fbxo27,FBXO27
74524,Grid2ip,GRID2IP
74527,Adcy7,ADCY7
74543,Nrep,NREP
74577,Arfgef1,ARFGEF1
74589,Or1a1b,OR1A2
74591,Zfand3,ZFAND3
74601,Lmnb2,LMNB2
74615,Gdpd1,GDPD1
74622,Rnaseh2c,RNASEH2C
75433,Nek1,NEK1
75464,Rsl24d1,RSL24D1
75477,Adtrp,ADTRP
75488,Cstf2,CSTF2
75500,Or9a7,OR9A1P
75501,Bmper,BMPER
75529,Ypel2,YPEL2
75535,Sox6,SOX6
75569,Smpdl3a,SMPDL3A
75576,Ncapg,NCAPG
75591,Tnfsf13,TNFSF13
75600,Ssh1,SSH1
75610,Zfp507,ZNF507
75618,Clmn,CLMN
75629,Arfgef3,ARFGEF3
75631,Abhd17c,ABHD17C
75637,Edc3,EDC3
75666,Tent4b,TENT4B
75676,Numbl,NUMBL
75690,Hsd17b10,HSD17B10
75703,Iapp,IAPP
75710,Pprc1,PPRC1
75729,Trgv7,TRGV8
75730,Krt39,KRT39
75733,Bin3,BIN3
75747,Abhd12b,ABHD12B
75757,Mmab,MMAB
75773,Cklf,CKLF
75781,Krtap3-3,KRTAP3-3
75785,Tcte1,TCTE1
75788,Xrcc2,XRCC2
75792,Krtap3-1,KRTAP3-1
75794,Car5b,CA5B
75806,Kdm1b,KDM1B
75820,Frmd4b,FRMD4B
75847,Trbv17,TRBV15
75849,Krtap4-24,KRTAP4-12
75877,Cdc25c,CDC25C
75905,Trbv19,TRBV19
75911,Septin6,SEPTIN6
75934,Trbv23,TRBV23-1
75936,Krt40,KRT40
75940,Trbv29,TRBV28
75941,Trbv30,TRBV29-1
75942,Cebpg,CEBPG
75951,Cbll1,CBLL1
75968,Or4d1,OR4D1
75970,Rtraf,RTRAF
75986,Micos13,MICOS13
75994,Cmtm4,CMTM4
75999,Tjp1,TJP1
76029,Dnmt1,DNMT1
76085,Vip,VIP
76093,Sqle,SQLE
76104,Tk2,TK2
76159,Upk1b,UPK1B
76168,Neil3,NEIL3
76172,Dgka,DGKA
76224,Ankrd61,ANKRD61
76225,Prrt1,PRRT1
76232,Il10,IL10
76239,Slfn14,SLFN14
76245,Elovl6,ELOVL6
76257,Slc22a1,SLC22A1
76275,Snord7,SNORD7
76276,Mir29a,MIR29A
76277,Mir29b-1,MIR29B1
76281,Abca9,ABCA9
76289,Agt,AGT
76304,Auts2,AUTS2
76338,Anks6,ANKS6
76347,Zfp42,ZFP42
76373,Cfap141,CFAP141
76374,Gm24608,SNORA58B
76375,Bcl2l15,BCL2L15
76382,Adam21,ADAM21
76386,Dip2c,DIP2C
76393,Npffr2,NPFFR2
76399,Dcaf11,DCAF11
76455,Chchd7,CHCHD7
76494,Ccna2,CCNA2
76497,Ahsg,AHSG
76519,Slf2,SLF2
76533,Aadacl3,AADACL3
76535,Prdm5,PRDM5
76552,Cfap107,CFAP107
76555,Tmem109,TMEM109
76826,Col12a1,COL12A1
77015,Tmem68,TMEM68
77126,Saa4,SAA4
77133,Anp32b,ANP32B
77320,Grip2,GRIP2
77502,Pts,PTS
77513,Cndp2,CNDP2
77717,AAdacl4fm3,AADACL4
77983,Fgd3,FGD3
78000,Il23r,IL23R
78033,Vegfd,VEGFD
78036,Rpl10,RPL10
78062,Kmt2e,KMT2E
78085,Zfpl1,ZFPL1
78103,Cish,CISH
78107,Tnk1,TNK1
78116,Ky,KY
78383,Lrrc38,LRRC38
78384,Lcor,LCOR
78420,Lyst,LYST
78450,Clk4,CLK4
78466,Mnd1,MND1
78480,Nlrp14,NLRP14
78482,Ndufaf6,NDUFAF6
78517,Tm4sf4,TM4SF4
78521,Ap5b1,AP5B1
78523,Cdc123,CDC123
78546,Hacd2,HACD2
78553,Krt32,KRT32
78555,Krt36,KRT36
78557,Il17re,IL17RE
78569,Krt15,KRT15
78578,Derl1,DERL1
78592,Fbxl19,FBXL19
78600,Smim20,SMIM20
78605,Smarca5,SMARCA5
78619,Krt9,KRT9
78621,Alpk3,ALPK3
78624,Col4a5,COL4A5
78639,Aldh3b1,ALDH3B1
78660,Krt14,KRT14
78683,Krt16,KRT16
78687,Rps27l,RPS27L
78697,Yaf2,YAF2
78717,Krt35,KRT35
78718,Ccdc92b,CCDC92B
78719,Btbd17,BTBD17
78720,Zfp280d,ZNF280D
78737,Cbx2,CBX2
78740,Nsa2,NSA2
78747,Septin14,SEPTIN14
78749,Omg,OMG
78753,Ckap4,CKAP4
78759,Ubac1,UBAC1
78782,Mir193a,MIR193A
78783,Pttg1,PTTG1
78803,Utp23,UTP23
78813,Chct1,CHCT1
78817,Setd5,SETD5
78864,Sds,SDS
78891,Dnaaf11,DNAAF11
78913,Pdilt,PDILT
78917,Tacstd2,TACSTD2
78918,Pigl,PIGL
78935,Epdr1,EPDR1
79025,4930451I11Rik,C16orf92
79030,Zbed6,ZBED6
79031,Psd,PSD
79047,Kcna3,KCNA3
79053,Gm26265,SNORA50A
79056,Foxd3,FOXD3
79057,Rabgap1,RABGAP1
79082,Nme8,NME8
79088,Tubb3,TUBB3
79104,Atp6v1g3,ATP6V1G3
79108,Mir181b-1,MIR181B1
79109,Mir181a-1,MIR181A1
79110,Smim38,SMIM38
79115,Trpv2,TRPV2
79124,Rgs2,RGS2
79128,Irag1,IRAG1
79145,Sntg1,SNTG1
79170,Apobec2,APOBEC2
79172,Crybg2,CRYBG2
79182,Lrrc73,LRRC73
79184,Sim1,SIM1
79189,Snord49b,SNORD49B
79190,Snord49a,SNORD49A
79191,Snord65,SNORD65
79200,Cd27,CD27
79205,Tmem234,TMEM234
79218,Ly86,LY86
79222,Klhl11,KLHL11
79223,Cngb1,CNGB1
79232,Cnp,CNP
79259,Tmprss6,TMPRSS6
79296,Mug1,PZP
79332,Bmp5,BMP5
79334,Gc,GC
79357,Gp1ba,GP1BA
79358,Bphl,BPHL
79376,Traf4,TRAF4
79392,Gadd45a,GADD45A
79399,Tert,TERT
79421,Cactin,CACTIN
79437,Ikzf5,IKZF5
79454,Esrrg,ESRRG
79479,Mir96,MIR96
79480,Mir183,MIR183
79481,Zfx,ZFX
79515,Trrap,TRRAP
79529,Gmfb,GMFB
79550,Lhpp,LHPP
79566,Blm,BLM
79591,Oard1,OARD1
79608,Rabac1,RABAC1
79623,Pkp3,PKP3
79635,Itpripl2,ITPRIPL2
79637,Pitpna,PITPNA
79652,Neil2,NEIL2
79665,Smndc1,SMNDC1
79679,Fam89b,FAM89B
79684,Zfp36,ZFP36
79689,Ndufc2,NDUFC2
79695,Crip2,CRIP2
79716,Trim36,TRIM36
79727,Mknk2,MKNK2
79744,Rad9a,RAD9A
79758,Marveld3,MARVELD3
79763,Gnb3,GNB3
79774,Snord71,SNORD71
79775,Net1,NET1
79784,Cntnap3,CNTNAP3
79808,Clec3a,CLEC3A
79812,Sez6,SEZ6
79821,Slc25a46,SLC25A46
79830,St3gal1,ST3GAL1
79923,Ercc4,ERCC4
79939,Vsig2,VSIG2
79944,Cmtm8,CMTM8
79957,Ap1m2,AP1M2
79980,Chrnb2,CHRNB2
79985,Mmp7,MMP7
79990,Tmem170b,TMEM170B
79992,Akap12,AKAP12
79998,Ublcp1,UBLCP1
80007,Ube2d3,UBE2D3
80083,Prr9,PRR9
80092,Fth1,FTH1
80108,Pglyrp3,PGLYRP3
80110,Ret,RET
80127,Tcf21,TCF21
80130,Rilpl2,RILPL2
80137,Enpp5,ENPP5
80146,Nit2,NIT2
80157,Ciao2b,CIAO2B
80163,Pglyrp4,PGLYRP4
80166,Coq5,COQ5
80177,B9d1,B9D1
80201,Fndc1,FNDC1
80206,Rack1,RACK1
80259,Tm4sf1,TM4SF1
80264,Acy3,ACY3
80275,B3galt6,B3GALT6
80276,Adgrg7,ADGRG7
80282,Arhgef25,ARHGEF25
80292,C1qtnf12,C1QTNF12
80297,Spmip8,SPMIP8
80301,Plekho1,PLEKHO1
80310,Mtm1,MTM1
80368,Eme2,EME2
80374,Ccdc71,CCDC71
80377,Stmnd1,STMND1
80381,Gramd1c,GRAMD1C
80401,Ciart,CIART
80408,Dlk1,DLK1
80414,Scml4,SCML4
80429,Saxo4,SAXO4
80436,Kcng4,KCNG4
80438,Rexo1,REXO1
80450,Sstr2,SSTR2
80454,Ndufa8,NDUFA8
80458,Gm55574,RNU6-638P
80459,Krtap16-1,KRTAP16-1
80460,Rnf222,RNF222
80468,Hsdl2,HSDL2
80492,Tfam,TFAM
80499,Gsg1l2,GSG1L2
80500,Hnf1a,HNF1A
80515,Tas1r3,TAS1R3
80516,Dnah2,DNAH2
80522,Cldn20,CLDN20
80524,Impa1,IMPA1
80552,Zfp292,ZNF292
80591,Chd9,CHD9
80613,Cd5,CD5
80616,Gja1,GJA1
80623,Ptprs,PTPRS
80639,Elovl2,ELOVL2
80651,Dnajb13,DNAJB13
80657,Ust,UST
80662,Cul9,CUL9
80689,Spdye4a,SPDYE4
80694,Epop,EPOP
80695,Cd6,CD6
80720,Spmap1,SPMAP1
80721,Dcaf7,DCAF7
80740,Mvb12a,MVB12A
80756,Unc5b,UNC5B
80763,Dipk1b,DIPK1B
80770,Cp,CP
80790,Zmynd19,ZMYND19
80796,Gpr142,GPR142
80799,Tcerg1l,TCERG1L
80977,Efcab5,EFCAB5
80990,Lrsam1,LRSAM1
81066,Vamp3,VAMP3
81069,Ccdc6,CCDC6
81079,1500009L16Rik,C12orf75
81088,Spmip5,SPMIP5
81097,Gm572,CIROZ
81102,Upk3bl,UPK3BL2
81103,Nudt14,NUDT14
81113,Polr2j,POLR2J2
81115,Trim8,TRIM8
81133,Septin7,SEPTIN7
81152,Mir101a,MIR101-1
81153,2210016L21Rik,C12orf43
81167,Nuak2,NUAK2
81168,Tanc2,TANC2
81179,Bbc3,BBC3
81193,Tmed10,TMED10
81208,Lemd1,LEMD1
81216,Tmed7,TMED7
81225,Clps,CLPS
81229,Lyrm4,LYRM4
81239,Ube2b,UBE2B
81251,Pi4ka,PI4KA
81284,Vstm2l,VSTM2L
81289,Flvcr2,FLVCR2
81311,Bicra,BICRA
81317,Gm42742,PAGR1
81320,Syt14,SYT14
81330,Entpd6,ENTPD6
81378,Dlc1,DLC1
81398,Mapk8ip3,MAPK8IP3
81423,Fgfr2,FGFR2
81466,Ccdc60,CCDC60
81473,Ndufa11,NDUFA11
81485,Clec3b,CLEC3B
81489,Ocrl,OCRL
81506,Ctdspl2,CTDSPL2
81523,Amotl2,AMOTL2
81537,Lsr,LSR
81572,Apof,APOF
81575,Lag3,LAG3
81582,Riok2,RIOK2
81593,Myb,MYB
81636,Dtna,DTNA
81723,Slc1a2,SLC1A2
81777,Wnt9a,WNT9A
81778,Pbx1,PBX1
81803,Mdm1,MDM1
81822,Slc36a1,SLC36A1
81840,Serpina10,SERPINA10
81862,Atg3,ATG3
81875,Rpl39,RPL39
81880,Tspan7,TSPAN7
81897,Nptx1,NPTX1
81904,Or2ak4,OR2AK2
81906,Or6k6,OR6K6
81907,Fcrlb,FCRLB
81913,Ccl7,CCL7
81917,Ccl11,CCL11
81918,Fam219b,FAM219B
81940,Ccl12,CCL8
81942,Prss38,PRSS38
81943,Fkbp11,FKBP11
81960,Or2l13,OR2L13
81963,Psmc1,PSMC1
82067,Ttc34,TTC34
82069,Slc39a14,SLC39A14
82153,Pla1a,PLA1A
82164,Tmem255a,TMEM255A
82175,Scimp,SCIMP
82179,Mapkbp1,MAPKBP1
82200,Aldh1l2,ALDH1L2
82209,Med10,MED10
82214,Tinf2,TINF2
82251,Cryba1,CRYBA1
82253,Htr5a,HTR5A
82256,Bnip1,BNIP1
82264,Mtss2,MTSS2
82267,Dpp6,DPP6
82290,Itgb3,ITGB3
82294,Tcaim,TCAIM
82312,Tas1r2,TAS1R2
82313,Tnfrsf4,TNFRSF4
82327,Gnl3l,GNL3L
82348,Septin1,SEPTIN1
82359,Vdr,VDR
82368,Nemf,NEMF
82386,Rab3a,RAB3A
82393,Zmat2,ZMAT2
82398,Rtn2,RTN2
82426,Axdnd1,AXDND1
82440,Irx2,IRX2
82444,Gprin1,GPRIN1
82447,Abcc12,ABCC12
82461,Ugt3a1,UGT3A2
82477,Fam234b,FAM234B
82484,Sebox,SEBOX
82485,Chd1,CHD1
82500,Hcfc2,HCFC2
82509,Chtf8,CHTF8
82517,Cpsf2,CPSF2
82532,Derpc,DERPC
82534,Snora64,SNORA64
82536,Rnf151,RNF151
82539,C2cd4c,C2CD4C
82541,Ptcd2,PTCD2
82556,Angptl7,ANGPTL7
82558,Gm54763,MIR1225
82559,Uqcc4,UQCC4
82561,Percc1,PERCC1
82562,Shpk,SHPK
82563,Apold1,APOLD1
82569,Ccdc154,CCDC154
82573,Ubiad1,UBIAD1
82577,Haspin,HASPIN
82578,Vwf,VWF
82591,Mpg,MPG
82596,Wdr13,WDR13
82624,Trf,TF
82645,Wnt9b,WNT9B
82648,Tmem114,TMEM114
82653,Fam32a,FAM32A
82659,Cdh13,CDH13
82675,Gosr2,GOSR2
82722,Grm8,GRM8
82743,Upk3a,UPK3A
82747,Hdgfl3,HDGFL3
82757,Slc1a6,SLC1A6
82774,Poldip3,POLDIP3
82790,Dennd4a,DENND4A
82802,Car6,CA6
82821,4933405L10Rik,C16orf86
82827,Khnyn,KHNYN
82844,Tmcc3,TMCC3
82849,Slc2a2,SLC2A2
82861,Mir592,MIR592
82862,Thap11,THAP11
82863,Dgki,DGKI
82877,Rp2,RP2
82880,Nrn1l,NRN1L
82883,Spen,SPEN
82902,Pskh1,PSKH1
82905,Dlg3,DLG3
82916,Ctrl,CTRL
82924,Gin1,GIN1
82993,Gpi1,GPI
83017,Wdr26,WDR26
83033,Ccnt1,CCNT1
83043,Lcat,LCAT
83052,Nek9,NEK9
83074,Myl10,MYL10
83077,Cdc25a,CDC25A
83084,Cpa1,CPA1
83093,Arsk,ARSK
83100,Dpep2nb,DPEP2NB
83101,Zfpm1,ZFPM1
83106,Rps17,RPS17
83121,Klhl22,KLHL22
83150,Il17c,IL17C
83152,6030458C11Rik,C5orf22
83163,Gcc1,GCC1
83166,Snai3,SNAI3
83167,Inhbe,INHBE
83173,Fscn3,FSCN3
83178,Lrig3,LRIG3
83188,Pla2g10,PLA2G10
83190,Galnt17,GALNT17
83195,Cops2,COPS2
83210,Taf9,TAF9
83252,Ifitm10,IFITM10
83257,Ptprn2,PTPRN2
83262,Ophn1,OPHN1
83285,Abl2,ABL2
83299,Capn1,CAPN1
83328,Serf1,SERF1A
83338,Carmil2,CARMIL2
83354,Emc3,EMC3
83364,Ankrd54,ANKRD54
83380,Amacr,AMACR
83387,Slc8b1,SLC8B1
83405,Lrpap1,LRPAP1
83418,Magi2,MAGI2
83459,Naa50,NAA50
83470,Rprml,RPRML
83471,Zfyve21,ZFYVE21
83498,Krtap4-13,KRTAP4-3
83518,Krtap4-16,KRTAP4-1
83519,Cbfa2t3,CBFA2T3
83530,Krtap29-1,KRTAP29-1
83532,Depdc1b,DEPDC1B
83543,Ppm1e,PPM1E
83552,Nicn1,NICN1
83563,Awat2,AWAT2
83567,Fundc1,FUNDC1
83571,Spred3,SPRED3
83581,Gga1,GGA1
83618,Zfpm2,ZFPM2
83629,Chchd4,CHCHD4
83642,Phf2,PHF2
83650,Smarca1,SMARCA1
83678,Gfer,GFER
83691,Wdr20,WDR20
83737,Ndufaf3,NDUFAF3
83744,Cyp2s1,CYP2S1
83761,Cox7c,COX7C
83775,Fdft1,FDFT1
83824,Ctbp1,CTBP1
83891,Qsox1,QSOX1
83895,Fos,FOS
83907,Hrg,HRG
83924,Kif20a,KIF20A
83941,Mir193b,MIR193B
83942,Mir365-1,MIR365A
83943,Scamp4,SCAMP4
83958,Srrm4,SRRM4
83966,Ltbp2,LTBP2
83973,Pdia3,PDIA3
84019,Casp1,CASP1
84053,Clec1a,CLEC1A
84059,Slc17a9,SLC17A9
84074,Miga2,MIGA2
84100,Foxn1,FOXN1
84103,Bahcc1,BAHCC1
84111,Tasor,TASOR
84123,Tnfrsf17,TNFRSF17
84126,Rapgef5,RAPGEF5
84138,Dnah3,DNAH3
84146,Rptor,RPTOR
84159,P2rx7,P2RX7
84174,Sorl1,SORL1
84189,Hoxa4,HOXA4
84192,Rem1,REM1
84203,Celf4,CELF4
84249,Slc26a5,SLC26A5
84263,Klhl28,KLHL28
84278,Zbtb47,ZBTB47
84286,Mxd3,MXD3
84299,Dhx35,DHX35
84312,Itpk1,ITPK1
84328,Ptx4,PTX4
84331,Ehhadh,EHHADH
84340,Fahd1,FAHD1
84345,Tigit,TIGIT
84355,Prss53,PRSS53
84358,Uqcrq,UQCRQ
84373,Eng,ENG
84414,Pabpn1l,PABPN1L
84417,Tial1,TIAL1
84444,Htr6,HTR6
84445,Runx3,RUNX3
84450,Ccdc152,CCDC152
84459,Aph1b,APH1B
84482,Mpo,MPO
84489,Nqo1,NQO1
84496,Tmem42,TMEM42
84501,Cfap100,CFAP100
84511,Tspoap1,TSPOAP1
84522,Btg2,BTG2
84524,Chd5,CHD5
84530,Rhcg,RHCG
84542,Kif2a,KIF2A
84574,Map4k5,MAP4K5
84589,Plxnd1,PLXND1
84607,Bean1,BEAN1
84616,Kif11,KIF11
84623,Tgm2,TGM2
84635,Gramd2a,GRAMD2A
84651,Hdac7,HDAC7
84689,Ipo4,IPO4
84724,Pkd1,PKD1
84764,Hes3,HES3
84766,Mir200b,MIR200B
84767,Mir200a,MIR200A
84768,Tmem88b,TMEM88B
84769,Vps33b,VPS33B
84784,Klhl35,KLHL35
84790,Pde4dip,PDE4DIP
84853,Mir142,MIR142
84854,Supt4a,SUPT4H1
84861,Pfkfb3,PFKFB3
84885,Plaat5,PLAAT5
84909,Klf15,KLF15
84916,Nox1,NOX1
84927,Inka1,INKA1
84929,Kcnmb2,KCNMB2
84939,Dmc1,DMC1
84959,Neu3,NEU3
85107,Dstn,DSTN
85114,Oxtr,OXTR
85122,Ovol1,OVOL1
85126,Drd2,DRD2
85139,4930453N24Rik,C3orf38
85145,Lime1,LIME1
85164,Slc25a26,SLC25A26
85189,Rab8a,RAB8A
85209,Rapgef2,RAPGEF2
85228,Cds2,CDS2
85244,Syn1,SYN1
85251,Vapa,VAPA
85272,Chordc1,CHORDC1
85284,Tsga13,TSGA13
85296,Klf14,KLF14
85297,Sox30,SOX30
85302,Caln1,CALN1
85307,Tsc22d3,TSC22D3
85336,Mcmdc2,MCMDC2
85346,Eif6,EIF6
85370,Kif3a,KIF3A
85381,Mir129-1,MIR129-1
85382,Dlec1,DLEC1
85390,Pth2,PTH2
85392,Snord60,SNORD60
85393,Caskin1,CASKIN1
85396,Rgs4,RGS4
85406,Matk,MATK
85433,Sez6l,SEZ6L
85447,Smad4,SMAD4
85496,AI593442,C11orf87
85501,Tecrl,TECRL
85519,Bricd5,BRICD5
85523,Ttc36,TTC36
85529,Rasgrp1,RASGRP1
85556,Pgp,PGP
85558,Cdcp2,CDCP2
85560,Hdx,HDX
85575,Dnase1l2,DNASE1L2
85581,Flrt1,FLRT1
85585,Nup210l,NUP210L
85588,Tmem216,TMEM216
85597,Ehd1,EHD1
85611,Galnt1,GALNT1
85640,Dpy19l4,DPY19L4
85656,Crygn,CRYGN
85662,Rnps1,RNPS1
85688,Usp6nl,USP6NL
85698,Bpifa1,BPIFA1
85710,Slc13a4,SLC13A4
85720,Trim6,TRIM6
85733,Mkrn2os,MKRN2OS
85751,Kng1,KNG1
85782,Dnajc18,DNAJC18
85802,Or1r1,OR1R1P
85807,Tmem238l,TMEM238L
85809,Kifbp,KIFBP
85830,Krt26,KRT26
85831,Dao,DAO
85853,Ss18l2,SS18L2
85857,Hnrnpd,HNRNPD
85916,Fetub,FETUB
85933,Cacna1e,CACNA1E
85944,Ak8,AK8
85971,Rps21,RPS21
86000,Crtam,CRTAM
86004,Araf,ARAF
86036,Fam180a,FAM180A
86040,Prdx3,PRDX3
86055,Enc1,ENC1
86075,Ssmem1,SSMEM1
86125,Ankfn1,ANKFN1
86136,Dnajc24,DNAJC24
86149,Gpr107,GPR107
86161,Rrm2b,RRM2B
86176,Stk31,STK31
86189,Paip1,PAIP1
86204,Ergic3,ERGIC3
86240,Kcnq1,KCNQ1
86250,Nog,NOG
86251,Kcnj12,KCNJ18
86252,Gsk3b,GSK3B
86323,Ftsj1,FTSJ1
86355,Rnf169,RNF169
86358,Ube4a,UBE4A
86368,Abhd3,ABHD3
86383,Zfp648,ZNF648
86386,Spata1,SPATA1
86396,Ccdc172,CCDC172
86401,Alx3,ALX3
86403,Ubl4b,UBL4B
86404,Atl1,ATL1
86435,Asb17,ASB17
86436,Thoc5,THOC5
86468,St6galnac3,ST6GALNAC3
86470,Hells,HELLS
86498,Cbln2,CBLN2
86512,Pdcl,PDCL
86519,Ccdc68,CCDC68
86542,Gxylt1,GXYLT1
86546,Rbm25,RBM25
86563,Med7,MED7
86567,Traf2,TRAF2
86628,Cenpk,CENPK
86657,Mgp,MGP
86662,Kcnab2,KCNAB2
86710,Timp1,TIMP1
86720,Cpa3,CPA3
86724,Hebp1,HEBP1
86731,Dazap2,DAZAP2
86747,Mepce,MEPCE
86769,Plaat3,PLAAT3
86785,Entpd3,ENTPD3
86791,Pgk1,PGK1
86808,Clip3,CLIP3
86817,Rbfox1,RBFOX1
86857,Cilp,CILP
86862,Stx5a,STX5
86877,Zbtb7c,ZBTB7C
86915,Clec9a,CLEC9A
86919,Cacna1g,CACNA1G
86953,Upf3b,UPF3B
86964,Igf1,IGF1
86975,Paqr9,PAQR9
86980,Myzap,MYZAP
87006,Pdp1,PDP1
87034,Acp7,ACP7
87040,Ubxn8,UBXN8
87063,Nupr2,NUPR2
87064,Pah,PAH
87089,Actn4,ACTN4
87118,Gnat3,GNAT3
87119,Pofut1,POFUT1
87133,Otud5,OTUD5
87150,Gng11,GNG11
87151,Slc51a,SLC51A
87168,Mocs2,MOCS2
87194,Cass4,CASS4
87204,Epb41l3,EPB41L3
87281,Slc9a9,SLC9A9
87287,Fam110a,FAM110A
87303,Spmip4,SPMIP4
87308,Mark2,MARK2
87341,Sec23a,SEC23A
87366,Tox2,TOX2
87376,Npvf,NPVF
87377,Mtmr9,MTMR9
87382,Atp13a4,ATP13A4
87394,Xiap,XIAP
87414,Hspb1,HSPB1
87433,Glipr1l2,GLIPR1L2
87438,Plp1,PLP1
87488,Fam167a,FAM167A
87500,Or2a52,OR2A2
87501,Pigt,PIGT
87597,Ing4,ING4
87623,Eef2kmt,FAM86B2
87633,Cldn15,CLDN15
87641,Zfp395,ZNF395
87679,Gm5485,C3orf85
87689,Tmem212,TMEM212
87696,Tango2,TANGO2
87736,Ift22,IFT22
87747,Tusc2,TUSC2
87754,Sh3rf2,SH3RF2
87772,Lsm3,LSM3
87775,1700016H13Rik,C4orf36
87787,Dnase1l3,DNASE1L3
87801,Lnx1,LNX1
87813,Rnf133,RNF133
87814,Rnf148,RNF148
87816,Ermp1,ERMP1
87855,Tas2r118,TAS2R16
87856,Crip1,CRIP1
87882,Atg4a,ATG4A
87896,Hyal1,HYAL1
87913,Tcof1,TCOF1
87980,Ednra,EDNRA
87991,Pgam1,PGAM1
87999,Trp53inp1,TP53INP1
88002,Zc2hc1c,ZC2HC1C
88020,Taf5,TAF5
88031,Wwp1,WWP1
88067,Arap2,ARAP2
88078,Bub3,BUB3
88085,Il20rb,IL20RB
88091,Gli1,GLI1
88100,Atp5mj,ATP5MJ
88127,Klk14,KLK14
88132,Nrros,NRROS
88135,Tiparp,TIPARP
88143,Dtwd1,DTWD1
88173,Lrrc43,LRRC43
88191,Kics2,KICS2
88197,Tdrd7,TDRD7
88206,Parg,PARG
88220,Cdkn1b,CDKN1B
88230,Zfp839,ZNF839
88252,Ghrl,GHRL
88271,Enox2,ENOX2
88313,D6Wsu163e,FERRY3
88324,Helq,HELQ
88335,Cspg4,CSPG4
88338,Tmeff1,TMEFF1
88347,Nf2,NF2
88368,Rpl4,RPL4
88399,Trpv4,TRPV4
88412,Ddx24,DDX24
88428,Nectin3,NECTIN3
88441,Plac9,PLAC9
88446,Maz,MAZ
88461,Spp1,SPP1
88494,Ndufb8,NDUFB8
88511,Reck,RECK
88521,Hltf,HLTF
88531,Cdc42ep2,CDC42EP2
88539,Ppp2r2d,PPP2R2D
88553,Abcg4,ABCG4
88561,Mir140,MIR140
88562,Rps6ka5,RPS6KA5
88579,Bop1,BOP1
88599,Itprip,ITPRIP
88612,Fhdc1,FHDC1
88618,Fpgs,FPGS
88655,Cckbr,CCKBR
88662,Cabcoco1,CABCOCO1
88668,Pogz,POGZ
88692,Cuedc2,CUEDC2
88716,Smim14,SMIM14
88768,Rbm3,RBM3
88788,Adamts8,ADAMTS8
88796,Ntan1,NTAN1
88808,Prrt3,PRRT3
88817,Patl2,PATL2
88834,Ube2e1,UBE2E1
88847,Sin3b,SIN3B
88865,Rai2,RAI2
88895,Afap1l2,AFAP1L2
88914,Pcnx3,PCNX3
88928,Gtf2a2,GTF2A2
88953,Rabggta,RABGGTA
88978,Npw,NPW
88980,Zbtb11,ZBTB11
88996,Shisa9,SHISA9
89000,Hdac6,HDAC6
89109,Wwox,WWOX
89133,Hes1,HES1
89139,Spry1,SPRY1
89157,Rpl15,RPL15
89191,Clcn3,CLCN3
89204,4921524J17Rik,C16orf87
89208,Ccnd1,CCND1
89215,Ctxn2,CTXN2
89223,Nr1h4,NR1H4
89247,Jun,JUN
89250,Camta1,CAMTA1
89286,Apba2,APBA2
89365,Tmem223,TMEM223
89370,Znrd2,ZNRD2
89380,Brd7,BRD7
89389,Bsnd,BSND
89390,Ldlrad3,LDLRAD3
89400,Fntb,FNTB
89414,Tmem240,TMEM240
89416,Il17rd,IL17RD
89426,Syde1,SYDE1
89435,Scx,SCX
89437,Zyg11a,ZYG11A
89439,Bcl9l,BCL9L
89445,Mxd4,MXD4
89453,Ap3m2,AP3M2
89473,Pi4k2a,PI4K2A
89484,Dcun1d5,DCUN1D5
89499,Slc1a7,SLC1A7
89506,Snrnp25,SNRNP25
89513,Ftl1,FTL
89535,Rell1,RELL1
89542,Wfikkn1,WFIKKN1
89544,Zbtb49,ZBTB49
89554,Mslnl,MSLNL
89556,Nrl,NRL
89568,Srrm2,SRRM2
89594,Gstp1,GSTP1
89632,Nfkb2,NFKB2
89668,Fabp5,FABP5
89676,Actn1,ACTN1
89742,Gtf2e2,GTF2E2
89764,Fbxo46,FBXO46
89770,Mark4,MARK4
89781,Nisch,NISCH
89807,Arhgef17,ARHGEF17
89815,Bcr,BCR
89836,Hdgf,HDGF
89846,Zfp213,ZNF213
89854,Fam78b,FAM78B
89859,Trim72,TRIM72
89860,Cbln1,CBLN1
89862,Tpcn2,TPCN2
89885,Terb1,TERB1
89892,Suco,SUCO
89901,Car8,CA8
89912,Nxnl2,NXNL2
89919,Snrpa,SNRPA
89942,Crat,CRAT
89983,Tacc1,TACC1
90045,Car7,CA7
90048,Cand1,CAND1
90057,Mymx,MYMX
90060,Serp1,SERP1
90069,Cibar2,CIBAR2
90071,Rxrb,RXRB
90084,Fech,FECH
90103,Hydin,HYDIN
90126,Ebi3,EBI3
90130,Mbd4,MBD4
90145,P2rx6,P2RX6
90163,Erf,ERF
90172,Ndufa4l2,NDUFA4L2
90181,Tnni1,TNNI1
90187,Tcp11l2,TCP11L2
90200,Kcnn1,KCNN1
90217,Stxbp1,STXBP1
90248,Scaf8,SCAF8
90258,Garin4,GARIN4
90259,Batf3,BATF3
90262,Fbxo28,FBXO28
90267,Slc48a1,SLC48A1
90277,Fancd2,FANCD2
90317,Ptpn6,PTPN6
90344,Xab2,XAB2
90361,Ccdc90b,CCDC90B
90386,Nipa1,NIPA1
90395,Zbtb22,ZBTB22
90401,Naga,NAGA
90410,Zfp334,ZNF334
90424,Gm17455,C10orf105
90427,Afdn,AFDN
90454,Dna2,DNA2
90474,Cacna1h,CACNA1H
90509,Tyro3,TYRO3
90529,Disc1,DISC1
90551,Poc5,POC5
90570,Ndrg3,NDRG3
90592,Tef,TEF
90596,Fut9,FUT9
90603,Eif3d,EIF3D
90629,Gpn3,GPN3
90640,Lnpep,LNPEP
90647,Dlat,DLAT
90677,Nudt3,NUDT3
90683,Ovol3,OVOL3
90686,Gpr19,GPR19
90714,Rnaseh2a,RNASEH2A
90722,Rgs17,RGS17
90725,Ctxnd1,CTXND1
90731,Shld3,SHLD3
90734,Tm9sf3,TM9SF3
90753,Lyrm7,LYRM7
90762,Eef1e1,EEF1E1
90770,Ckmt1,CKMT1B
90796,Mfsd5,MFSD5
90803,Suds3,SUDS3
90812,Uri1,URI1
90829,Ubtd2,UBTD2
90835,Ccnb1ip1,CCNB1IP1
90879,Shprh,SHPRH
90890,Cox18,COX18
90897,Hmmr,HMMR
90908,Lamp2,LAMP2
90927,Slain2,SLAIN2
90936,Hmga2,HMGA2
90948,Tpm1,TPM1
91013,Smim18,SMIM18
91015,Clpp,CLPP
91061,Ptk6,PTK6
91067,Cops4,COPS4
91085,Zfp579,ZNF579
91091,Ywhab,YWHAB
91124,Pex11g,PEX11G
91134,Rfc5,RFC5
91151,Mapk8ip1,MAPK8IP1
91156,Ssr1,SSR1
91171,Smn1,SMN1
91191,Chaf1a,CHAF1A
91208,Bclaf3,BCLAF3
91253,Spaca9,SPACA9
91259,Lrp2bp,LRP2BP
91267,Shank2,SHANK2
91293,Wdr31,WDR31
91318,Tpsg1,TPSG1
91322,Aar2,AAR2
91360,Anxa3,ANXA3
91384,Myof,MYOF
91396,Ccdc167,CCDC167
91398,Lats1,LATS1
91409,Slc1a5,SLC1A5
91421,Jagn1,JAGN1
91424,Nup37,NUP37
91448,Sox8,SOX8
91454,Cfp,CFP
91466,Smarcd1,SMARCD1
91485,Smox,SMOX
91516,Cnn2,CNN2
91538,Prss16,PRSS16
91559,Klhl13,KLHL13
91570,Golm1,GOLM1
91592,Rab43,RAB43
91609,Zfp598,ZNF598
91618,Cep128,CEP128
91641,Tbca,TBCA
91654,Fndc5,FNDC5
91664,Susd2,SUSD2
91673,Uqcc5,UQCC5
91679,Rab38,RAB38
91683,Mir29c,MIR29C
91684,Mir29b-2,MIR29B2
91685,Abhd10,ABHD10
91694,Gpatch4,GPATCH4
91727,Atp5mg,ATP5MG
91744,Mrps36,KGD4
91763,Ndst2,NDST2
91784,Ndufs4,NDUFS4
91792,Brk1,BRK1
91794,Rps6ka3,RPS6KA3
91821,Tmem14c,TMEM14C
91842,Morc2a,MORC2
91890,Tmx2,TMX2
91922,Nup210,NUP210
91937,Atpsckmt,ATPSCKMT
91945,Meiob,MEIOB
91951,Mycl,MYCL
91955,Mlec,MLEC
91964,Gpr63,GPR63
91972,Zfp46,ZNF436
91975,Med18,MED18
91980,Usp45,USP45
91996,Cdk7,CDK7
92019,Bloc1s1,BLOC1S1
92027,Spag4,SPAG4
92037,Gcn1,GCN1
92055,Blvrb,BLVRB
92067,Melk,MELK
92110,Cdkl2,CDKL2
92119,Pomt2,POMT2
92196,Vwce,VWCE
92224,Xpnpep1,XPNPEP1
92270,Acss2,ACSS2
92322,Pkd1l2,PKD1L2
92335,Hgfac,HGFAC
92536,Dio1,DIO1
92550,Nipa2,NIPA2
92695,A4galt,A4GALT
92750,Zfp622,ZNF622
92756,H2-Ea,HLA-DRA
92767,Ptk2,PTK2
92847,Faf2,FAF2
92864,Or14a260,OR14A2
92872,Gpr61,GPR61
92879,Rnf146,RNF146
92895,Ces5a,CES5A
92904,Trim59,TRIM59
92963,Fhl1,FHL1
93004,Usp21,USP21
93015,Ube3d,UBE3D
93026,Sstr3,SSTR3
93029,Zbtb45,ZBTB45
93041,Ewsr1,EWSR1
93135,Ube2e2,UBE2E2
93141,Htatip2,HTATIP2
93152,Ndufs6,NDUFS6
93162,Fut1,FUT1
93171,Spock3,SPOCK3
93222,Maml1,MAML1
93226,Kifap3,KIFAP3
93232,Kif15,KIF15
93247,Ier3,IER3
93250,Mrpl36,MRPL36
93261,Yif1b,YIF1B
93279,Acot13,ACOT13
93285,Rasgrf2,RASGRF2
93292,Ets1,ETS1
93306,Crip3,CRIP3
93327,Dglucy,DGLUCY
93508,BC034090,KIAA1614
93516,Cacna1s,CACNA1S
93525,Cgas,CGAS
93533,Tmco6,TMCO6
93553,Acvr1b,ACVR1B
93567,Ccn2,CCN2
93572,Med19,MED19
93579,Tor1aip1,TOR1AIP1
93591,Msantd4,MSANTD4
93605,Tab2,TAB2
93622,Irx3,IRX3
93625,Plekha7,PLEKHA7
93647,Zbtb24,ZBTB24
93660,Rps15,RPS15
93675,Pfdn1,PFDN1
93684,Gpc4,GPC4
93694,Usp44,USP44
93737,Tmem161b,TMEM161B
93755,Rpe65,RPE65
93770,Apoc1,APOC1
93785,Tnr,TNR
93792,Arl14ep,ARL14EP
93800,Prkx,PRKX
93814,Calcb,CALCB
93841,Ryr2,RYR2
93853,1190005I06Rik,C16orf74
93860,Prpf19,PRPF19
93869,Acsl4,ACSL4
93900,As3mt,AS3MT
93902,Ankrd11,ANKRD11
93943,Qdpr,QDPR
93960,Ndufb7,NDUFB7
93964,1110059G10Rik,KIAA1143
93971,Vwa2,VWA2
93976,Tap1,TAP1
93992,Grwd1,GRWD1
93996,Lsg1,LSG1
94006,Arsb,ARSB
94013,Rpusd4,RPUSD4
94024,Bcat1,BCAT1
94047,Mllt10,MLLT10
94077,Pwwp2a,PWWP2A
94084,Tmem147,TMEM147
94100,Mrpl21,MRPL21
94110,Rbm22,RBM22
94123,Tafa4,TAFA4
94127,Fam98a,FAM98A
94145,Gnai2,GNAI2
94160,Fsip1,FSIP1
94168,Myrf,MYRF
94197,Fnip1,FNIP1
94203,Bysl,BYSL
94213,Rab27a,RAB27A
94256,Icam4,ICAM4
94262,Ginm1,GINM1
94272,Dhfr,DHFR
94280,Slc39a8,SLC39A8
94329,Pin1,PIN1
94355,Psmb1,PSMB1
94360,Glo1,GLO1
94368,Grin2a,GRIN2A
94387,Kirrel2,KIRREL2
94396,Nop16,NOP16
94413,Dyrk2,DYRK2
94424,Mvb12b,MVB12B
94434,Hesx1,HESX1
94439,Nrm,NRM
94451,SLC9C2,SLC9C2
94456,Trim71,TRIM71
94459,Foxm1,FOXM1
94490,Spcs1,SPCS1
94497,Optc,OPTC
94500,Eya2,EYA2
94517,Alg3,ALG3
94534,Optn,OPTN
94628,Tek,TEK
94661,Mir761,MIR761
94672,Sft2d1,SFT2D1
94682,Kti12,KTI12
94683,Ankhd1,ANKHD1
94708,Pm20d1,PM20D1
94713,Dkc1,DKC1
94749,Fgfrl1,FGFRL1
94764,Rnf5,RNF5
94772,Zscan29,ZSCAN29
94782,Ptpn23,PTPN23
94797,T,TBXT
94803,Ube2q2,UBE2Q2
94835,Chek1,CHEK1
94859,Intu,INTU
94876,Armcx6,ARMCX6
94893,Wrnip1,WRNIP1
94900,D8Ertd738e,C19orf53
94910,Enpp1,ENPP1
94923,Crtc1,CRTC1
94943,Pigm,PIGM
94944,Atp1a4,ATP1A4
94950,Bex2,BEX1
94978,Ddx27,DDX27
94997,Prdm4,PRDM4
95012,Hyal3,HYAL3
95021,Cltrn,CLTRN
95078,Naa80,NAA80
95092,Nsd1,NSD1
95120,Alb,ALB
95187,Srf,SRF
95190,Fig4,FIG4
95254,Zcwpw2,ZCWPW2
95266,Ndufa12,NDUFA12
95281,Hapln1,HAPLN1
95291,Pus1,PUS1
95305,Gap43,GAP43
95330,Mix23,MIX23
95343,Clk2,CLK2
95351,Syvn1,SYVN1
95385,Med25,MED25
95403,Wdr5b,WDR5B
95405,Tmed9,TMED9
95416,Exosc7,EXOSC7
95439,Tmem62,TMEM62
95466,Atp6v0e,ATP6V0E1
95471,Wdr45,WDR45
95572,Srp19,SRP19
95591,Wdr38,WDR38
95602,Epha7,EPHA7
95625,Bcl7a,BCL7A
95648,Rpl35,RPL35
95666,Ttc33,TTC33
95676,Cdk4,CDK4
95694,Mir137,MIR137
95695,Ect2,ECT2
95723,Gm2a,GM2A
95727,Tbx15,TBX15
95730,Pgap4,PGAP4
95742,Fanci,FANCI
95823,Reep5,REEP5
95833,Fbp1,FBP1
95850,Tbx19,TBX19
95854,Rreb1,RREB1
95867,Pcbd2,PCBD2
95874,Rhebl1,RHEBL1
95881,Dpysl3,DPYSL3
95893,Pltp,PLTP
95917,Gpr88,GPR88
95918,Yod1,YOD1
95920,Prpf4,PRPF4
95932,Sarnp,SARNP
95958,Mrpl49,MRPL49
95970,Map4k1,MAP4K1
95989,Lox,LOX
95996,Spa17,SPA17
96005,Plat,PLAT
96029,Cradd,CRADD
96043,Tub,TUB
96047,Rnf44,RNF44
96066,Fam216a,FAM216A
96079,Wdr27,WDR27
96101,Btbd19,BTBD19
96111,Rab6a,RAB6A
96125,Abhd17b,ABHD17B
96150,Tex50,TEX50
96151,Fbn2,FBN2
96167,Kif21a,KIF21A
96192,Osbpl2,OSBPL2
96232,Cd5l,CD5L
96234,Rpf2,RPF2
96245,Prune2,PRUNE2
96261,Mrpl4,MRPL4
96278,Arfgap3,ARFGAP3
96288,Psmb8,PSMB8
96296,Lax1,LAX1
96299,Eif3f,EIF3F
96318,Fnbp1,FNBP1
96342,Cimap2,CIMAP2
96344,Pcgf5,PCGF5
96368,Nus1,NUS1
96377,Clpsl2,CLPSL2
96382,Wee1,WEE1
96394,Mrps18a,MRPS18A
96401,Sec24a,SEC24A
96411,Snrpc,SNRPC
96418,Ubxn1,UBXN1
96443,Hps4,HPS4
96501,Hsf2,HSF2
96506,Poll,POLL
96560,Ndufs7,NDUFS7
96586,Snx16,SNX16
96607,Mad2l1bp,MAD2L1BP
96612,Cd83,CD83
96616,Chchd6,CHCHD6
96628,Spata24,SPATA24
96636,Rwdd2a,RWDD2A
96643,Dmxl1,DMXL1
96659,Slc44a4,SLC44A4
96674,Ccne2,CCNE2
96691,Zfp105,ZNF35
96700,Clstn3,CLSTN3
96724,Col15a1,COL15A1
96742,Acvr2b,ACVR2B
96746,Ankrd13d,ANKRD13D
96767,Nelfcd,NELFCD
96795,Ndufa7,NDUFA7
96803,Hcst,HCST
96808,Cip2a,CIP2A
96816,Hivep1,HIVEP1
96827,Camsap3,CAMSAP3
96839,Bend6,BEND6
96847,Ddx46,DDX46
96860,Matn2,MATN2
96902,Ndufaf4,NDUFAF4
96909,Elp6,ELP6
96931,Lrp5,LRP5
96946,Sapcd1,SAPCD1
96950,Kifc5b,KIFC1
96974,E2f7,E2F7
96983,Angptl6,ANGPTL6
97022,Zfp445,ZNF445
97031,Hint1,HINT1
97048,Armc6,ARMC6
97070,Mrpl42,MRPL42
97096,Ercc8,ERCC8
97133,Sgo1,SGO1
97156,Hsd17b8,HSD17B8
97165,Sptan1,SPTAN1
97223,Cyp2r1,CYP2R1
97235,Kcnk5,KCNK5
97238,Zfp451,ZNF451
97261,Gtpbp1,GTPBP1
97280,Rpl27a,RPL27A
97293,Mbd3,MBD3
97310,Ctsa,CTSA
97371,Fam204a,FAM204A
97404,Ccdc15,CCDC15
97432,Rab3ip,RAB3IP
97458,Atf4,ATF4
97478,Mrpl17,MRPL17
97485,Mier2,MIER2
97496,Pnpla2,PNPLA2
97509,Depdc5,DEPDC5
97585,Apba3,APBA3
97611,Limch1,LIMCH1
97786,Mrpl3,MRPL3
97800,Cfap418,CFAP418
97802,Mrpl2,MRPL2
97817,Nhp2,NHP2
97827,Polr3d,POLR3D
97836,Cmya5,CMYA5
97843,Csgalnact2,CSGALNACT2
97852,Plcb3,PLCB3
97866,Nsun2,NSUN2
97890,Bmpr1a,BMPR1A
97931,Cd164,CD164
97946,Notch3,NOTCH3
97956,Slitrk3,SLITRK3
97963,Clxn,CLXN
97976,Wdr48,WDR48
97989,Tuba1b,TUBA1B
98002,Rab2a,RAB2A
98020,Psenen,PSENEN
98030,Mdfi,MDFI
98046,Dcun1d1,DCUN1D1
98066,Sphk2,SPHK2
98087,Diablo,DIABLO
98106,Prorp,PRORP
98125,Rsph9,RSPH9
98131,Ndufb4,NDUFB4
98141,Bckdhb,BCKDHB
98151,Plekhf2,PLEKHF2
98202,Hsd17b14,HSD17B14
98215,Thnsl1,THNSL1
98223,Tma7,TMA7
98234,Mms22l,MMS22L
98250,Chst3,CHST3
98253,Hdac3,HDAC3
98284,Uqcc1,UQCC1
98324,BC016579,C3orf52
98332,Phyh,PHYH
98353,Lgals3,LGALS3
98384,Zfp14,ZFP14
98388,Tmtc3,TMTC3
98396,Mcm2,MCM2
98408,B9d2,B9D2
98417,Calr3,CALR3
98421,Cenpw,CENPW
98426,Incenp,INCENP
98436,Col11a2,COL11A2
98445,Lsm7,LSM7
98454,Runx1t1,RUNX1T1
98503,Tbcb,TBCB
98572,Golga3,GOLGA3
98615,Rfc4,RFC4
98642,Pou2f2,POU2F2
98664,Acer3,ACER3
98704,Wdr70,WDR70
98717,Grk5,GRK5
98726,Snx6,SNX6
98745,Skil,SKIL
98758,Rpl35a,RPL35A
98790,Kcnj1,KCNJ1
98805,Jarid2,JARID2
98815,Adam33,ADAM33
98838,Atrnl1,ATRNL1
98850,Rbm27,RBM27
98860,C2cd3,C2CD3
98900,Ascc3,ASCC3
98913,Gprin2,GPRIN2
98955,Hnrnpc,HNRNPC
99079,Dnajc19,DNAJC19
99092,Rhobtb2,RHOBTB2
99110,Pcyt1a,PCYT1A
99132,Shld2,SHLD2
99255,Zfp582,ZNF582
99262,Mrpl16,MRPL16
99269,Slc12a2,SLC12A2
99280,Garre1,GARRE1
99291,Hipk3,HIPK3
99301,Ankrd46,ANKRD46
99336,Rab5a,RAB5A
99349,Ormdl2,ORMDL2
99358,Gatc,GATC
99362,Ace2,ACE2
99395,Ccdc12,CCDC12
99414,Gtf2f1,GTF2F1
99507,Gsr,GSR
99521,Prkag3,PRKAG3
99526,Grcc10,C12orf57
99535,Zfp318,ZNF318
99540,Uba1,UBA1
99620,Dclk3,DCLK3
99624,Helb,HELB
99632,Tpbg,TPBG
99640,Arl2,ARL2
99648,Cyb561d2,CYB561D2
99659,Srsf3,SRSF3
99679,Klhl3,KLHL3
99697,Stac,STAC
99709,Eif3m,EIF3M
99733,Tbc1d15,TBC1D15
99761,Syndig1,SYNDIG1
99778,Dmkn,DMKN
99848,Tomm6,TOMM6
99855,Cmbl,CMBL
99882,Pak5,PAK5
99887,Stau2,STAU2
99925,Dtnbp1,DTNBP1
99941,Sgk2,SGK2
99962,Tmem126a,TMEM126A
99977,C1qbp,C1QBP
99984,Cmtm7,CMTM7
99994,Dhx33,DHX33
99999,Tppp,TPPP
100013,Zcchc24,ZCCHC24
100032,AW551984,VWA5A
100048,Pdss1,PDSS1
100058,Abt1,ABT1
100060,Slc38a3,SLC38A3
100097,Itpr3,ITPR3
100100,Sost,SOST
100101,Cfap97d1,CFAP97D1
100103,Anxa6,ANXA6
100143,Dusp29,DUSP29
100188,Dok5,DOK5
100194,Tvp23b,TVP23C
100204,Gpcpd1,GPCPD1
100223,Ppcdc,PPCDC
100241,Rpp21,RPP21
100270,Arhgef33,ARHGEF33
100280,Dhx37,DHX37
100289,Idh3a,IDH3A
100323,Adgrf3,ADGRF3
100333,Ascc2,ASCC2
100411,Polr1h,POLR1H
100418,Edem2,EDEM2
100439,Selenoi,SELENOI
100443,Llph,LLPH
100447,Ano9,ANO9
100467,Lyzl6,LYZL6
100470,Borcs5,BORCS5
100477,Bhlhe40,BHLHE40
100481,Tac2,TAC3
100497,En1,EN1
100505,C1ql2,C1QL2
100507,Lypla1,LYPLA1
100534,Slc12a8,SLC12A8
100566,Manbal,MANBAL
100594,Vps18,VPS18
100599,Kif18a,KIF18A
100612,Zfp64,ZFP64
100626,Bbs4,BBS4
100652,Chd3,CHD3
100675,Slc4a8,SLC4A8
100695,Bloc1s2,BLOC1S2
100708,Popdc1,POPDC1
100712,Ythdf1,YTHDF1
100720,Bcas1,BCAS1
100740,Ccny,CCNY
100759,Rps13,RPS13
100778,Neu2,NEU2
100780,Dapk2,DAPK2
100797,Atf6b,ATF6B
100817,Ighmbp2,IGHMBP2
100869,Cmip,CMIP
100880,Spint1,SPINT1
100908,Golgb1,GOLGB1
100967,Ppargc1b,PPARGC1B
100986,Fbxl14,FBXL14
100989,Yeats4,YEATS4
100996,Gpr179,GPR179
100999,Socs7,SOCS7
101004,Plau,PLAU
101014,Srcin1,SRCIN1
101023,Utp20,UTP20
101029,Bpifb1,BPIFB1
101053,Dcaf13,DCAF13
101069,Spaca3,SPACA3
101074,Ffar4,FFAR4
101078,Atad1,ATAD1
101115,Marcks,MARCKS
101117,Myo15b,MYO15B
101154,Pip4k2c,PIP4K2C
101164,Brd2,BRD2
101191,Mturn,MTURN
101195,Ppp2r1b,PPP2R1B
101217,Ripk3,RIPK3
101238,Tusc3,TUSC3
101256,Sqor,SQOR
101297,Atf7,ATF7
101317,Cox19,COX19
101321,Prmt5,PRMT5
101352,Ninl,NINL
101381,Ttc38,TTC38
101399,Cyp2w1,CYP2W1
101404,Zmat3,ZMAT3
101414,Arhgef37,ARHGEF37
101426,Mir339,MIR339
101427,Cdk1,CDK1
101444,Uncx,UNCX
101445,Hoxb1,HOXB1
101447,Hoxb2,HOXB2
101450,Hoxb4,HOXB4
101451,Mir10a,MIR10A
101452,Hoxb5,HOXB5
101453,Hoxb7,HOXB7
101456,Hoxb9,HOXB9
101457,Wdr82,WDR82
101463,Fam169a,FAM169A
101483,Adora2b,ADORA2B
101485,Fxr2,FXR2
101493,Eif5a2,EIF5A2
101499,Adgra2,ADGRA2
101506,Eef1a2,EEF1A2
101577,Msi1,MSI1
101589,Parl,PARL
101607,St13,ST13
101627,Psmg4,PSMG4
101640,Pald1,PALD1
101673,Mtrr,MTRR
101710,Dync2h1,DYNC2H1
101722,Zfp282,ZNF282
101727,Tap2,TAP2
101741,Sertad1,SERTAD1
101745,Cnot3,CNOT3
101774,Kbtbd11,KBTBD11
101778,Myg1,MYG1
101790,Hnrnpk,HNRNPK
101846,Fam178b,FAM178B
101852,Ctsb,CTSB
102051,Gss,GSS
102090,Gnl3,GNL3
102108,D930020B18Rik,C12orf56
102116,Dusp16,DUSP16
102131,Ruvbl1,RUVBL1
102149,Abcd4,ABCD4
102202,Nploc4,NPLOC4
102224,Adat2,ADAT2
102229,Manea,MANEA
102241,Mterf2,MTERF2
102276,Dennd11,DENND11
102278,Dusp6,DUSP6
102284,Prlh,PRLH
102286,Gpsm3,GPSM3
102294,Phb2,PHB2
102315,Spef2,SPEF2
102333,Prr3,PRR3
102340,Scg5,SCG5
102351,Boll,BOLL
102383,Vta1,VTA1
102391,Neurl1a,NEURL1
102396,Eef1akmt4,EEF1AKMT4
102399,Ncapd2,NCAPD2
102420,Rnf213,RNF213
102440,Ghitm,GHITM
102474,Rabl2,RABL2B
102574,Sec13,SEC13
102597,Fads2,FADS2
102620,Lmbrd1,LMBRD1
102663,Fam81a,FAM81A
102685,Hook3,HOOK3
102696,Prpf6,PRPF6
102715,Grik5,GRIK5
102726,Fam193b,FAM193B
102751,Fbxl6,FBXL6
102775,Zfp248,ZNF248
102801,Oca2,OCA2
102811,Tasp1,TASP1
102862,Exoc3,EXOC3
102879,Zfp574,ZNF574
102888,Cfap65,CFAP65
102900,Uqcc3,UQCC3
102905,Psma6,PSMA6
102931,Alcam,ALCAM
102943,Zfp512b,ZNF512B
102949,Aqp11,AQP11
102953,Trappc4,TRAPPC4
102969,Slc6a3,SLC6A3
102977,Stam,STAM
102986,Aen,AEN
103000,Tbc1d31,TBC1D31
103020,Tm9sf4,TM9SF4
103047,Gtpbp3,GTPBP3
103077,Bptf,BPTF
103095,Ptpn9,PTPN9
103110,Mrpl51,MRPL51
103118,Cdcp1,CDCP1
103126,Trpm8,TRPM8
103140,Tcp1,TCP1
103275,Rad51ap1,RAD51AP1
103295,Large2,LARGE2
103324,Gpr156,GPR156
103330,Smim3,SMIM3
103336,Prelid2,PRELID2
103352,Sec62,SEC62
103373,Nrap,NRAP
103449,Hhipl1,HHIPL1
103452,Cltb,CLTB
103460,Btbd1,BTBD1
103475,Sgtb,SGTB
103490,Espnl,ESPNL
103495,Psmc4,PSMC4
103504,Ndrg2,NDRG2
103670,Kmt2a,KMT2A
103705,Mrps10,MRPS10
103714,Rabl3,RABL3
103727,Arhgap23,ARHGAP23
103739,Prim2,PRIM2
103752,Wwc1,WWC1
103777,Tmem230,TMEM230
103832,Gast,GAST
103833,Wdr53,WDR53
103865,Shmt2,SHMT2
103909,Whamm,WHAMM
103913,Letm2,LETM2
103930,Card14,CARD14
103960,Neo1,NEO1
103985,Dda1,DDA1
104040,Tceal3,TCEAL3
104064,Abracl,ABRACL
104104,Polq,POLQ
104111,Aasdhppt,AASDHPPT
104119,Ankle1,ANKLE1
104132,Hnrnpll,HNRNPLL
104144,Cd99l2,CD99L2
104167,Clp1,CLP1
104180,Cited2,CITED2
104184,Pdzd2,PDZD2
104246,Map6d1,MAP6D1
104251,Trmt11,TRMT11
104269,Mdk,MDK
104297,Fhip2b,FHIP2B
104316,Pdia5,PDIA5
104327,Pex12,PEX12
104330,Hlf,HLF
104341,Lingo3,LINGO3
104344,Get3,GET3
104359,Morn2,MORN2
104364,Cystm1,CYSTM1
104380,Phf3,PHF3
104397,Xpc,XPC
104415,Prxl2c,PRXL2C
104424,Celf5,CELF5
104435,Ngfr,NGFR
104438,Hars1,HARS1
104477,Crygc,CRYGC
104478,Zkscan6,ZNF18
104485,Phka2,PHKA2
104510,Crygb,CRYGB
104511,Pnpla7,PNPLA7
104523,Dnajc5,DNAJC5
104534,Crh,CRH
104536,Cryga,CRYGA
104537,Snx15,SNX15
104550,Slc52a2,SLC52A2
104596,Gtf3c6,GTF3C6
104617,Pth2r,PTH2R
104632,Tcta,TCTA
104640,Icam1,ICAM1
104647,Snap25,SNAP25
104699,Epha3,EPHA3
104706,Atp23,ATP23
104714,Grm4,GRM4
104735,Cyp7b1,CYP7B1
104750,Erbb3,ERBB3
104787,Or3a1c,OR3A1
104790,Arhgap39,ARHGAP39
104800,Timm10,TIMM10
104817,Ncs1,NCS1
104825,Bcas3,BCAS3
104858,Pax3,PAX3
104873,Glb1l3,GLB1L3
104891,C6,C6
104943,Dync2i2,DYNC2I2
104955,Pex2,PEX2
104981,Dot1l,DOT1L
104991,Rbmx,RBMX
105011,Tbc1d13,TBC1D13
105019,Lhfpl4,LHFPL4
105026,Cherp,CHERP
105046,Nxt1,NXT1
105049,Rmdn1,RMDN1
105076,Lrrn1,LRRN1
105092,D630003M21Rik,KIAA1755
105115,Bace1,BACE1
105135,Gm45261,CCDC195
105137,Med12l,MED12L
105153,Tle1,TLE1
105205,Rragd,RRAGD
105215,Cysltr1,CYSLTR1
105221,Zbtb2,ZBTB2
105254,Srxn1,SRXN1
105258,Fzd2,FZD2
105259,Cotl1,COTL1
105265,Commd4,COMMD4
105311,Zmynd8,ZMYND8
105354,Rab9,RAB9A
105369,Ttk,TTK
105387,Atp1b4,ATP1B4
105395,Dynlrb2,DYNLRB2
105401,Kat7,KAT7
105438,Ddx23,DDX23
105466,Igsf10,IGSF10
105473,Plxna3,PLXNA3
105485,Timmdc1,TIMMDC1
105498,Slc7a5,SLC7A5
105503,Catip,CATIP
105514,Msrb1,MSRB1
105519,Dcaf15,DCAF15
105535,Nemp1,NEMP1
105544,Rubcn,RUBCN
105557,Kif3c,KIF3C
105565,Pnck,PNCK
105616,Actr6,ACTR6
105638,Ccdc153,DRC12
105651,Ubl5,UBL5
105671,Parp14,PARP14
105679,Rexo2,REXO2
105707,Angpt1,ANGPT1
105716,Nat8f3,NAT8
105731,Mcph1,MCPH1
105772,Cnga3,CNGA3
105779,Slc2a12,SLC2A12
105783,Arl6,ARL6
105793,Slc7a10,SLC7A10
105799,Lsm2,LSM2
105813,Emid1,EMID1
105835,Fam187a,FAM187A
105836,Htra2,HTRA2
105855,Adam10,ADAM10
105880,Btbd2,BTBD2
105892,Dnase1,DNASE1
105906,Nts,NTS
105913,Cmtm6,CMTM6
105921,Cdca3,CDCA3
105937,Ccdc39,CCDC39
105949,Mtrf1l,MTRF1L
105961,Prkar1a,PRKAR1A
105986,Pde4a,PDE4A
105998,Prickle4,PRICKLE4
106005,Arhgap18,ARHGAP18
106010,Lrrc3b,LRRC3B
106019,Cibar1,CIBAR1
106040,Slx4,SLX4
106045,Raph1,RAPH1
106060,Gask1a,GASK1A
106075,Cit,CIT
106117,Sdr42e2,SDR42E2
106121,Shq1,SHQ1
106131,Ripor2,RIPOR2
106173,Atp1b3,ATP1B3
106191,Zfp653,ZNF653
106199,Adhfe1,ADHFE1
106226,Alkbh5,ALKBH5
106229,Ccl5,CCL5
106232,Cacna1a,CACNA1A
106294,Lix1,LIX1
106297,Aifm3,AIFM3
106347,Ppwd1,PPWD1
106365,Pfn2,PFN2
106387,Mpp1,MPP1
106413,Aipl1,AIPL1
106424,Pmfbp1,PMFBP1
106435,Cyfip1,CYFIP1
106475,Ino80d,INO80D
106481,Atr,ATR
106506,Ntng2,NTNG2
106523,Arid1b,ARID1B
106561,Atp10b,ATP10B
106574,Gng13,GNG13
106577,Matn3,MATN3
106581,Tmem138,TMEM138
106611,Septin12,SEPTIN12
106619,Mgat5,MGAT5
106626,Ninj1,NINJ1
106642,Cwc15,CWC15
106660,Rgn,RGN
106684,Lgi3,LGI3
106693,Pxdn,PXDN
106708,Pitpnm3,PITPNM3
106713,Man1b1,MAN1B1
106765,Midn,MIDN
106776,Kcne3,KCNE3
106787,Ccne1,CCNE1
106801,Zfp623,ZNF623
106817,Tigd3,TIGD3
106841,Sftpc,SFTPC
106861,4933427D14Rik,KIAA0753
106871,Gabrg2,GABRG2
106902,Efr3b,EFR3B
106909,Dppa4,DPPA4
106922,Arhgef6,ARHGEF6
106933,Ccdc159,CCDC159
106959,Med31,MED31
106963,Cadm1,CADM1
106988,Litafd,LITAFD
106993,Ostf1,OSTF1
107006,4930563E22Rik,C17orf100
107009,Adam28,ADAM28
107026,Hddc2,HDDC2
107040,Mbtps1,MBTPS1
107057,Ksr1,KSR1
107075,Col2a1,COL2A1
107085,Siah2,SIAH2
107089,Tamm41,TAMM41
107107,E2f3,E2F3
107127,Gm40193,C17orf114
107129,Ssh2,SSH2
107142,Pex7,PEX7
107152,Topors,TOPORS
107155,Fkbp15,FKBP15
107183,Cybrd1,CYBRD1
107191,Ccdc34,CCDC34
107201,Arid3a,ARID3A
107211,Sec61a1,SEC61A1
107251,Egr4,EGR4
107254,Tasl,TASL
107257,Ano1,ANO1
107269,Slc38a5,SLC38A5
107296,Col5a2,COL5A2
107302,Csgalnact1,CSGALNACT1
107394,Aloxe3,ALOXE3
107401,Zfp263,ZNF263
107409,Wnt16,WNT16
107431,Galntl5,GALNTL5
107441,Spns3,SPNS3
107450,Zswim4,ZSWIM4
107457,Aqr,AQR
107473,Simc1,SIMC1
107492,Poc1b,POC1B
107520,Tubb2a,TUBB2A
107527,Zfr2,ZFR2
107538,Amd1,AMD1
107568,Dlg4,DLG4
107592,Cd200,CD200
107611,Vldlr,VLDLR
107649,Mir671,MIR671
107650,Slc4a2,SLC4A2
107670,Cox6b1,COX6B1
107684,Ppp1ca,PPP1CA
107709,Smc4,SMC4
107740,Sms,SMS
107747,Limk2,LIMK2
107766,Yju2b,YJU2B
107784,Hars2,HARS2
107812,Mrps18b,MRPS18B
107824,Suv39h1,SUV39H1
107830,Slc23a3,SLC23A3
107842,Gabbr2,GABBR2
107864,Mlycd,MLYCD
107871,Wnk1,WNK1
107901,Cask,CASK
107941,Antkmt,ANTKMT
107952,Timm13,TIMM13
107963,Abcb11,ABCB11
107972,Rps18,RPS18
107985,Fam168a,FAM168A
107995,Hsd11b2,HSD11B2
108002,Aldh1a2,ALDH1A2
108031,Gpatch1,GPATCH1
108038,Cdpf1,CDPF1
108060,Tubb5,TUBB
108071,Enkd1,ENKD1
108079,Asph,ASPH
108189,Setx,SETX
108202,Rbks,RBKS
108208,Atat1,ATAT1
108221,Mrpl48,MRPL48
108238,Socs1,SOCS1
108241,Zfp319,ZNF319
108244,Osgin1,OSGIN1
108260,Il17ra,IL17RA
108270,Epas1,EPAS1
108285,Mrpl54,MRPL54
108290,Zfp526,ZNF526
108304,Ntf5,NTF4
108313,Syce2,SYCE2
108319,Gde1,GDE1
108329,Capn5,CAPN5
108341,Dnajc17,DNAJC17
108362,Tbc1d10a,TBC1D10A
108380,Ndfip1,NDFIP1
108394,Sema4d,SEMA4D
108441,Prkd2,PRKD2
108461,Stradb,STRADB
108480,Clec18a,CLEC18C
108492,Ccdc112,CCDC112
108504,Mrpl47,MRPL47
108509,Pfdn6,PFDN6
108518,Kcnh8,KCNH8
108523,Dpp8,DPP8
108575,Smim10l3,SMIM10L3
108576,Thsd7a,THSD7A
108580,Cox7a2,COX7A2
108602,Dtwd2,DTWD2
108609,Rbm17,RBM17
108639,Ubxn7,UBXN7
108648,Brd9,BRD9
108677,Arfip2,ARFIP2
108704,Dynlt2a3,DYNLT2
108713,Cdkl4,CDKL4
108720,Moxd1,MOXD1
108731,Stxbp5l,STXBP5L
108742,Znrf3,ZNRF3
108751,Thap4,THAP4
108760,Prrt2,PRRT2
108782,Tuba1a,TUBA1A
108798,Lrrc4b,LRRC4B
108807,Or9a2,OR9A2
108814,Dtx1,DTX1
108820,Ufsp1,UFSP1
108822,Epor,EPOR
108833,Scube3,SCUBE3
108845,Rangap1,RANGAP1
108938,Itih5,ITIH5
108958,Noxo1,NOXO1
108969,Il18rap,IL18RAP
108975,Gabarapl1,GABARAPL1
108995,Nup153,NUP153
109023,Fam237a,FAM237A
109026,Efhd1,EFHD1
109034,Snrpf,SNRPF
109042,Cic,CIC
109055,Panx1,PANX1
109058,Cfap20dc,CFAP20DC
109072,Brap,BRAP
109084,Mef2c,MEF2C
109201,Katnip,KATNIP
109212,Fbln7,FBLN7
109222,Ptgr1,PTGR1
109251,Tmem9b,TMEM9B
109258,Ldb3,LDB3
109325,Gckr,GCKR
109340,Umod,UMOD
109376,Jrkl,JRKL
109379,Atxn7,ATXN7
109401,Ccl4,CCL4L2
109411,Pop5,POP5
109433,Sf1,SF1
109459,Trappc6a,TRAPPC6A
109468,Fbxo39,FBXO39
109471,Tekt1,TEKT1
109476,Cbx5,CBX5
109504,Cracdl,CRACDL
109515,Ube2m,UBE2M
109521,Gtpbp8,GTPBP8
109529,Ccser2,CCSER2
109542,Astl,ASTL
109545,Ruvbl2,RUVBL2
109568,Asb1,ASB1
109578,Rbp1,RBP1
109588,Dnah17,DNAH17
109598,Pno1,PNO1
109602,Tfcp2,TFCP2
109620,Poc1a,POC1A
109640,Lbx1,LBX1
109643,Fbxw4,FBXW4
109656,Tfeb,TFEB
109699,Steap3,STEAP3
109713,Il33,IL33
109738,Ankrd1,ANKRD1
109743,Tgfa,TGFA
109755,Gm54825,SNORA21B
109756,Snora21,SNORA21
109757,Slc6a2,SLC6A2
109768,Zfp180,ZNF180
109790,Fbxo47,FBXO47
109791,Hsf5,HSF5
109792,Tra2b,TRA2B
109811,Zfp438,ZNF438
109854,Chka,CHKA
109867,Rftn2,RFTN2
109874,Ccdc59,CCDC59
109883,Mrrf,MRRF
109902,Ankrd39,ANKRD39
109905,Gmip,GMIP
109917,Scnn1a,SCNN1A
109953,Mrps25,MRPS25
109988,Pole4,POLE4
110020,Spr,SPR
110026,Zdhhc13,ZDHHC13
110037,Prf1,PRF1
110044,Col4a3,COL4A3
110057,Kcnip2,KCNIP2
110091,Slc5a2,SLC5A2
110101,Cacng5,CACNG5
110104,Plgrkt,PLGRKT
110119,Dcaf1,DCAF1
110134,Ankrd44,ANKRD44
110148,Hba-a1,HBA2
110158,Zfp37,ZFP37
110163,Asphd1,ASPHD1
110170,Tmem41b,TMEM41B
110179,Chmp5,CHMP5
110194,Bcam,BCAM
110208,Natd1,NATD1
110209,Prkar2a,PRKAR2A
110230,Ctu2,CTU2
110244,Spcs2,SPCS2
110258,Csrnp3,CSRNP3
110270,Tuba1c,TUBA1C
110283,Rnf183,RNF183
110298,Armc2,ARMC2
110305,Tsc22d4,TSC22D4
110320,Phf24,PHF24
110325,Ung,UNG
110343,Rflnb,RFLNB
110344,Art5,ART5
110356,Tcf12,TCF12
110411,Atp6v1b1,ATP6V1B1
110423,Coro2a,CORO2A
110441,Hnrnpm,HNRNPM
110466,Cd300c,CD300C
110468,Cep126,CEP126
110474,Phf1,PHF1
110513,Hoxb13,HOXB13
110514,Ttll6,TTLL6
110523,Xrn1,XRN1
110542,Kdm4c,KDM4C
110566,Tpp1,TPP1
110610,Gip,GIP
110611,Pitpnm2,PITPNM2
110624,Phf6,PHF6
110646,Prkce,PRKCE
110672,Cdh11,CDH11
110692,C1ql1,C1QL1
110694,Mir152,MIR152
110697,Kcnip3,KCNIP3
110708,Ghrhr,GHRHR
110719,Chpt1,CHPT1
110739,Chp2,CHP2
110744,Zfp553,ZNF48
110750,Gpr34,GPR34
110756,Rps6,RPS6
110783,Nlrc3,NLRC3
110789,Tmed1,TMED1
110797,Heph,HEPH
110872,Fam171a1,FAM171A1
110882,Mgam,MGAM
110891,Prom2,PROM2
110907,Gtsf1,GTSF1
110917,Kndc1,KNDC1
110944,Tmem186,TMEM186
110947,Gnao1,GNAO1
110976,Zc3h10,ZC3H10
110984,Farsa,FARSA
110998,Cox6a1,COX6A1
111002,Vps33a,VPS33A
111051,Abhd14b,ABHD14B
111067,Ubqln1,UBQLN1
111088,Mgam2-ps,MGAM2
111091,Slk,SLK
111106,Syngr3,SYNGR3
111112,Prss58,PRSS58
111114,Pcf11,PCF11
111133,Igsf6,IGSF6
111138,Trbv3,TRBV2
111139,Trbv4,TRBV3-1
111140,Trbv5,TRBV4-1
111141,Cacna2d2,CACNA2D2
111154,Gng7,GNG7
111170,Pcmt1,PCMT1
111195,Mosmo,MOSMO
111203,Pclo,PCLO
111211,Shld1,SHLD1
111220,Prss22,PRSS22
111230,Map3k10,MAP3K10
111242,Trp53inp2,TP53INP2
111264,Hikeshi,HIKESHI
111279,Slc2a6,SLC2A6
111298,Rrn3,RRN3
111306,Rnf144b,RNF144B
111313,Gatad1,GATAD1
111318,a,ASIP
111322,Atn1,ATN1
111336,Cpt1c,CPT1C
111381,Rtel1,RTEL1
111417,Rbm48,RBM48
111420,Vars1,VARS1
111449,Btbd18,BTBD18
111453,Zpr1,ZPR1
111469,Cfap144,CFAP144P1
111470,Ubald1,UBALD1
111480,Dysf,DYSF
111504,Triap1,TRIAP1
111517,Pigo,PIGO
111549,Pmel,PMEL
111574,Scnn1g,SCNN1G
111578,Herc4,HERC4
111621,Unkl,UNKL
111643,Dpep3,DPEP3
111647,Hras,HRAS
111667,Kank1,KANK1
111767,Cux2,CUX2
111774,Cacng3,CACNG3
111776,Fadd,FADD
111778,Vwa3a,VWA3A
111787,Ppfibp2,PPFIBP2
111820,Ahi1,AHI1
111889,Washc3,WASHC3
111906,Vkorc1,VKORC1
111916,Gcsh,GCSH
111931,Tmem259,TMEM259
111965,Arl6ip5,ARL6IP5
111973,Mapk1,MAPK1
111985,B4galnt3,B4GALNT3
111993,Mynn,MYNN
112012,Acsm2,ACSM2B
112046,Nt5dc3,NT5DC3
112052,Kif7,KIF7
112079,Zcrb1,ZCRB1
112092,Mief1,MIEF1
112107,Tagln3,TAGLN3
112120,Slc38a4,SLC38A4
112185,Isoc2b,ISOC2
112213,Trmu,TRMU
112247,Grm2,GRM2
112258,Drosha,DROSHA
112307,Ganab,GANAB
112353,Rpl29,RPL29
112381,Npas1,NPAS1
112394,Prps1l1,PRPS1L1
112398,Polr2c,POLR2C
112407,Prrt4,PRRT4
112414,Nom1,NOM1
112424,Yeats2,YEATS2
112446,Tfap4,TFAP4
112511,Klhdc10,KLHDC10
112516,Slc24a3,SLC24A3
112518,Arrdc4,ARRDC4
112523,Kiz,KIZ
112545,Arsa,ARSA
112562,Slc26a3,SLC26A3
112590,Ube2n,UBE2N
112598,Gan,GAN
112605,Gabpb1,GABPB1
112646,Gins3,GINS3
112657,BC049715,C12orf60
112667,Zfp329,ZNF329
112683,Arpc3,ARPC3
112704,Ndufab1,NDUFAB1
112750,Tsnaxip1,TSNAXIP1
112767,Pkig,PKIG
112853,Utp14a,UTP14A
112861,Washc4,WASHC4
112880,Pheta2,PHETA2
112923,Cyp2d11,CYP2D6
113195,Nucb1,NUCB1
113257,Nkiras1,NKIRAS1
113339,Pgm3,PGM3
113409,B3gnt9,B3GNT9
113411,Cdh17,CDH17
113429,Ern2,ERN2
113446,Tmem164,TMEM164
113458,Mindy4,MINDY4
113463,Psmd2,PSMD2
113496,Nxt2,NXT2
113504,Chlsn,CHLSN
113514,Nlgn3,NLGN3
113540,Adamts20,ADAMTS20
113544,Gal,GAL
113553,Omd,OMD
113555,Ntmt1,NTMT1
113579,Matcap2,MATCAP2
113593,Taldo1,TALDO1
113608,Napb,NAPB
113621,Ccpg1,CCPG1
113640,Fam199x,FAM199X
113646,Mkrn1,MKRN1
113668,Pfdn5,PFDN5
113696,Ces3a,CES3
113714,Usp20,USP20
113746,Aip,AIP
113761,Arfgef2,ARFGEF2
113776,Rnf185,RNF185
113806,Nudt22,NUDT22
113820,Arhgap17,ARHGAP17
113842,Mettl25,METTL25
113857,Cpeb3,CPEB3
113888,Atosa,ATOSA
113909,Ube2j1,UBE2J1
113912,Sirt2,SIRT2
113940,Mlxipl,MLXIPL
113966,Tnpo1,TNPO1
113991,Atg2a,ATG2A
114001,Serac1,SERAC1
114025,Nopchap1,NOPCHAP1
114032,Osr2,OSR2
114047,Dnal4,DNAL4
114060,Krr1,KRR1
114070,Idh3b,IDH3B
114085,Ccdc134,CCDC134
114212,Usp54,USP54
114266,Parvg,PARVG
114301,Daxx,DAXX
114332,Acsm1,ACSM1
114342,Ankrd42,ANKRD42
114353,Sh2b3,SH2B3
114361,Flrt3,FLRT3
114369,Pigb,PIGB
114391,Dsn1,DSN1
114421,Fa2h,FA2H
114428,Ctsc,CTSC
114465,Gp2,GP2
114479,Tulp3,TULP3
114491,Il13ra2,IL13RA2
114495,Lrrtm1,LRRTM1
114504,Mef2a,MEF2A
114619,Satb1,SATB1
114655,Mal,MAL
114662,Rbm14,RBM14
114672,Ndufa13,NDUFA13
114687,Polr2l,POLR2L
114691,Spp2,SPP2
114709,Ep400,EP400
114719,Cdk2ap2,CDK2AP2
114727,Svil,SVIL
114774,Nars2,NARS2
114813,Ldlr,LDLR
114841,P4ha2,P4HA2
114916,Tmem204,TMEM204
114926,Ikzf4,IKZF4
114940,Pip5k1b,PIP5K1B
114971,Mab21l4,MAB21L4
114980,Vwc2,VWC2
114988,Snx20,SNX20
114994,Comt,COMT
115025,Hecw1,HECW1
115037,Hsd17b2,HSD17B2
115048,Ipo8,IPO8
115071,Tuba4a,TUBA4A
115082,Tbc1d22b,TBC1D22B
115086,Stx7,STX7
115097,Bco1,BCO1
115102,Ermn,ERMN
115114,Snx29,SNX29
115127,Lonrf1,LONRF1
115138,Mxd1,MXD1
115146,Plin5,PLIN5
115172,Aimp2,AIMP2
115177,Raf1,RAF1
115279,Fads1,FADS1
115302,Hp,HPR
115307,Acat3,ACAT2
115554,Mt2,MT1X
115559,Cdh5,CDH5
115569,Hoxd1,HOXD1
115571,Baz2a,BAZ2A
115606,Eri1,ERI1
115620,Zfp661,ZNF2
115630,Gata4,GATA4
115658,Plekhm3,PLEKHM3
115665,Adat3,ADAT3
115673,Rab11fip5,RAB11FIP5
115682,Irf3,IRF3
115722,Nfatc2ip,NFATC2IP
115731,Cntfr,CNTFR
115786,Tmem87b,TMEM87B
115796,Lrp11,LRP11
115803,Tat,TAT
115814,Fbxo30,FBXO30
115826,Agpat1,AGPAT1
115846,Nup160,NUP160
115877,Elf4,ELF4
115885,Adi1,ADI1
115897,Plcxd1,PLCXD1
115912,Aff4,AFF4
115923,Usb1,USB1
115945,Ccar2,CCAR2
115974,Xdh,XDH
115984,Idh3g,IDH3G
116007,Agmo,AGMO
116015,Zfp629,ZNF629
116017,Paqr4,PAQR4
116023,Ranbp3l,RANBP3L
116032,Adgrg5,ADGRG5
116040,Dnajb9,DNAJB9
116047,Igfals,IGFALS
116052,Npc1l1,NPC1L1
116058,Blcap,BLCAP
116088,Ass1,ASS1
116139,Zfp688,ZNF688
116149,Ell2,ELL2
116159,Cyb5r4,CYB5R4
116175,Phc1,PHC1
116252,Fign,FIGN
116256,Slc12a3,SLC12A3
116283,Snrpb,SNRPB
116298,Ipo11,IPO11
116317,Tfcp2l1,TFCP2L1
116324,Hdac8,HDAC8
116393,Ano7,ANO7
116406,Prkag2,PRKAG2
116444,Snph,SNPH
116450,Plekhg2,PLEKHG2
116468,Sema4b,SEMA4B
116496,Tmem74b,TMEM74B
116508,Egfl8,EGFL8
116521,Zgpat,ZGPAT
116550,Dpp4,DPP4
116575,Slc12a7,SLC12A7
116585,Sod2,SOD2
116628,Hpgds,HPGDS
116632,Cfap96,CFAP96
116643,Dimt1,DIMT1
116668,Layn,LAYN
116682,Tram1,TRAM1
116699,Atoh8,ATOH8
116707,Gtf2h4,GTF2H4
116724,Svopl,SVOPL
116733,Lman1l,LMAN1L
116756,Uso1,USO1
116768,Mat2a,MAT2A
116900,Sirpa,SIRPA
117020,Npat,NPAT
117028,Azgp1,AZGP1
117045,Stk11,STK11
117065,Psip1,PSIP1
117092,Spopl,SPOPL
117101,Nadsyn1,NADSYN1
117131,Dusp18,DUSP18
117160,Sftpd,SFTPD
117256,Cpped1,CPPED1
117261,Sgk3,SGK3
117303,Pax4,PAX4
117310,Tia1,TIA1
117338,Jchain,JCHAIN
117345,Csnk1g1,CSNK1G1
117375,Slc38a9,SLC38A9
117431,Coro7,CORO7
117467,Large1,LARGE1
117521,Srpk3,SRPK3
117535,Map3k7,MAP3K7
117565,Elmo2,ELMO2
117602,Tmem213,TMEM213
117608,Gramd1a,GRAMD1A
117636,Wipf3,WIPF3
117639,G3bp2,G3BP2
117759,Aqp1,AQP1
117770,Vim,VIM
117787,Stmp1,STMP1
117792,Rhbdd2,RHBDD2
117804,Zfp740,ZNF740
117811,Gria4,GRIA4
117828,Sugct,SUGCT
117840,Pus7l,PUS7L
117852,Phka1,PHKA1
117866,BC005624,C9orf78
117887,Abcg8,ABCG8
118099,Col5a1,COL5A1
118107,Pim3,PIM3
118116,Acta2,ACTA2
118149,Rhbdd3,RHBDD3
118168,Tesmin,TESMIN
118180,Abcg5,ABCG5
118188,Cbarp,CBARP
118199,Htr3a,HTR3A
118208,Erc2,ERC2
118223,Cdkn1a,CDKN1A
118262,Cyb5r3,CYB5R3
118302,Map3k2,MAP3K2
118313,Rbm42,RBM42
118333,Gga2,GGA2
118351,Elk3,ELK3
118362,Pole,POLE
118387,Bst1,BST1
118395,Lnp1,LNP1
118403,Nim1k,NIM1K
118414,Spdef,SPDEF
118422,Tex264,TEX264
118508,Pja2,PJA2
118520,Rlim,RLIM
118529,Lyrm2,LYRM2
118541,Ubl7,UBL7
118593,Ypel3,YPEL3
118606,Anapc2,ANAPC2
118624,Mtpn,MTPN
118627,Pcbd1,PCBD1
118634,Fam3a,FAM3A
118671,Sncb,SNCB
118699,Pkib,PKIB
118743,Cplx1,CPLX1
118753,Ing3,ING3
118761,Zfand4,ZFAND4
118782,Srd5a2,SRD5A2
118785,Mrpl33,MRPL33
118792,Mir21a,MIR21
118794,Tmed6,TMED6
118797,Sgms2,SGMS2
118819,Car5a,CA5A
118833,Hyls1,HYLS1
118839,Gad1,GAD1
118857,Zfp74,ZNF569
118876,Pus3,PUS3
118882,Cenatac,CENATAC
118894,Ykt6,YKT6
118910,Txndc11,TXNDC11
118927,Hadh,HADH
118972,Ppp6r2,PPP6R2
119070,Atpaf2,ATPAF2
119083,Lgr4,LGR4
119096,Nr5a1,NR5A1
119111,Zfp212,ZNF212
119117,Rab24,RAB24
119129,Bend3,BEND3
119145,Kdelr1,KDELR1
119153,Tmem19,TMEM19
119162,Mkrn2,MKRN2
119187,Acsm5,ACSM5
119209,Agr3,AGR3
119215,Myo15a,MYO15A
119238,Pcmtd1,PCMTD1
119256,Xpo5,XPO5
119286,Atg101,ATG101
119301,Sptssb,SPTSSB
119309,Tgfbr2,TGFBR2
119322,Ncbp1,NCBP1
119334,Cacul1,CACUL1
119345,Mau2,MAU2
119363,Htatsf1,HTATSF1
119378,Abcb8,ABCB8
119404,Cul5,CUL5
119413,Mansc1,MANSC1
119419,Prkg2,PRKG2
119437,Micu3,MICU3
119455,Arfrp1,ARFRP1
119486,Ppm1h,PPM1H
119492,Shoc2,SHOC2
119519,Actl6a,ACTL6A
119541,Mgat1,MGAT1
119601,Slco1a6,SLCO1A2
119733,Rad23a,RAD23A
119759,Abat,ABAT
119780,Thap12,THAP12
119792,Ddx3x,DDX3X
119872,Tut1,TUT1
119880,Agxt2,AGXT2
119895,Dpf2,DPF2
119914,Fbxl5,FBXL5
119941,Lrrc14,LRRC14
119960,Gm22059,SNORD124
119961,Nr1d1,NR1D1
119962,Dek,DEK
119986,Papss2,PAPSS2
119997,Rapgefl1,RAPGEFL1
120013,Pih1d1,PIH1D1
120049,Pex16,PEX16
120064,Eloc,ELOC
120149,Kyat3,KYAT3
120153,Ncor2,NCOR2
120181,Tmod1,TMOD1
120203,Tmem130,TMEM130
120212,Gjd3,GJD3
120213,Vangl2,VANGL2
120216,Eif3a,EIF3A
120223,Nyap1,NYAP1
120229,Sdhd,SDHD
120242,Phc3,PHC3
120269,Ramp3,RAMP3
120275,Ghrh,GHRH
120313,Slc2a10,SLC2A10
120328,Gm11992,C7orf57
120335,Trim7,TRIM7
120343,Acss1,ACSS1
120363,Ilrun,ILRUN
120371,Cdc42bpg,CDC42BPG
120378,Pou3f1,POU3F1
120379,Plekhf1,PLEKHF1
120395,Alkbh4,ALKBH4
120399,Rfxank,RFXANK
120429,Eya4,EYA4
120471,Jade2,JADE2
120513,Niban2,NIBAN2
120741,Trnp1,TRNP1
120743,Ccs,CCS
120754,Gatb,GATB
120777,Tars3,TARS3
120796,Slc16a9,SLC16A9
120818,Sla,SLA
120845,Stip1,STIP1
120869,Sall1,SALL1
120878,Zfp518a,ZNF518A
120924,Dctn5,DCTN5
120934,Fbxo24,FBXO24
120945,Eri2,ERI2
120961,Sfswap,SFSWAP
120975,Pck1,PCK1
120988,Tstd2,TSTD2
120999,Zap70,ZAP70
121013,Akr1d1,AKR1D1
121027,Rap1gds1,RAP1GDS1
121084,Sephs1,SEPHS1
121102,Dbndd2,DBNDD2
121131,Pam16,PAM16
121179,Agtpbp1,AGTPBP1
121211,Aagab,AAGAB
121226,Armc8,ARMC8
121256,Ppp2r2b,PPP2R2B
121289,Ctdsp1,CTDSP1
121310,Insig1,INSIG1
121323,Mtdh,MTDH
121346,Kif5a,KIF5A
121381,Calcr,CALCR
121387,Has3,HAS3
121399,Eef1akmt2,EEF1AKMT2
121412,Stra6,STRA6
121446,Gpr55,GPR55
121454,Parp11,PARP11
121463,Kmt5c,KMT5C
121487,Tox3,TOX3
121495,Slc35f6,SLC35F6
121501,Olah,OLAH
121515,Sulf2,SULF2
121547,Adam32,ADAM32
121563,Lrfn4,LRFN4
121567,Ssrp1,SSRP1
121590,Upp2,UPP2
121598,Taok2,TAOK2
121607,Magohb,MAGOHB
121620,Pnldc1,PNLDC1
121628,Polr2d,POLR2D
121633,Meig1,MEIG1
121641,Rhobtb1,RHOBTB1
121666,Epha4,EPHA4
121681,Ulk1,ULK1
121691,Itprid1,ITPRID1
121703,Pim1,PIM1
121711,Nr2f6,NR2F6
121715,H2-Eb2,HLA-DRB5
121721,Shkbp1,SHKBP1
121762,Fam114a2,FAM114A2
121796,Nsfl1c,NSFL1C
121819,Slc26a4,SLC26A4
121830,Gse1,GSE1
121850,Lrp6,LRP6
121864,Fgd2,FGD2
121878,Fbxl15,FBXL15
121893,Sik2,SIK2
121898,Cog5,COG5
121909,Glrx3,GLRX3
121933,Patl1,PATL1
121941,Slc26a7,SLC26A7
121956,Tbp,TBP
121965,Myt1l,MYT1L
122036,Usp51,USP51
122040,Clta,CLTA
122053,Rragb,RRAGB
122081,Ccdc146,CCDC146
122091,Saal1,SAAL1
122122,Mylk2,MYLK2
122128,Dclre1c,DCLRE1C
122171,Aprt,APRT
122191,Nono,NONO
122252,Fhl5,FHL5
122263,Med27,MED27
122276,Plod3,PLOD3
122300,Sgk1,SGK1
122331,Npff,NPFF
122334,Sptlc3,SPTLC3
122341,Kras,KRAS
122357,Ankef1,ANKEF1
122363,Marf1,MARF1
122392,Meis3,MEIS3
122419,Cep290,CEP290
122455,E130308A19Rik,KIAA1958
122462,Dzank1,DZANK1
122504,Agpat2,AGPAT2
122518,Arl16,ARL16
122531,Hepacam2,HEPACAM2
122537,Tor2a,TOR2A
122549,Mrm2,MRM2
122556,Ldhc,LDHC
122567,Sema3e,SEMA3E
122574,Mapk9,MAPK9
122589,Tpm2,TPM2
122608,Etv5,ETV5
122629,Mmaa,MMAA
122646,Wdr73,WDR73
122671,Ube2w,UBE2W
122687,Cav2,CAV2
122703,Nrsn1,NRSN1
122715,Asb5,ASB5
122727,Snrnp48,SNRNP48
122733,Lsmem1,LSMEM1
122741,Coa4,COA4
122755,Pon1,PON1
122770,Lyar,LYAR
122782,Chgb,CHGB
122788,Mllt1,MLLT1
122794,Ddx10,DDX10
122818,Tm6sf1,TM6SF1
122829,Sys1,SYS1
122843,Alas1,ALAS1
122880,Nr2c2ap,NR2C2AP
122893,Zfp523,ZNF76
122943,Kpna7,KPNA7
122947,Myom2,MYOM2
122984,Mfsd8,MFSD8
123051,Lrrc19,LRRC19
123056,Terf2ip,TERF2IP
123064,Cse1l,CSE1L
123088,Sypl1,SYPL1
123099,Hspa9,HSPA9
123141,Cercam,CERCAM
123164,Vps51,VPS51
123181,Rad51,RAD51
123202,Myh14,MYH14
123218,Prr35,PRR35
123224,Kif5b,KIF5B
123231,Sdk2,SDK2
123236,Zfp646,ZNF646
123241,Tesc,TESC
123265,Mcrip2,MCRIP2
123281,Slc35e3,SLC35E3
123291,Ubn2,UBN2
123297,Cstpp1,CSTPP1
123322,Cdh3,CDH3
123339,Stxbp6,STXBP6
123380,Irag2,IRAG2
123409,Itgb8,ITGB8
123420,Lypd1,LYPD1
123424,Hhatl,HHATL
123471,Aak1,AAK1
123485,Thoc6,THOC6
123504,Pom121,POM121
123509,Islr,ISLR
123515,Idh2,IDH2
123530,Relt,RELT
123549,Sbf1,SBF1
123629,Egfr,EGFR
123646,Invs,INVS
123658,Gpd2,GPD2
123680,Six1,SIX1
123686,Rnf31,RNF31
123733,Sar1a,SAR1A
123760,Cpsf7,CPSF7
123796,Nfs1,NFS1
123821,Disp2,DISP2
123827,Cfdp1,CFDP1
123845,Aopep,AOPEP
123876,Dut,DUT
123889,Arl6ip1,ARL6IP1
123901,M6pr,M6PR
123924,Trip10,TRIP10
123948,Ephx2,EPHX2
123972,Susd6,SUSD6
123985,Cisd1,CISD1
123991,Snrpa1,SNRPA1
124011,Sorbs2,SORBS2
124213,Trub1,TRUB1
124220,Chac2,CHAC2
124222,H2-Ob,HLA-DOB
124229,Wdr36,WDR36
124238,Tmem245,TMEM245
124297,Amdhd2,AMDHD2
124322,Antxr1,ANTXR1
124334,Papola,PAPOLA
124376,Mtg1,MTG1
124391,Aurka,AURKA
124442,Trim39,TRIM39
124479,Rhod,RHOD
124489,Creb3l2,CREB3L2
124496,Tmbim6,TMBIM6
124572,Plcb2,PLCB2
124591,U2surp,U2SURP
124612,Prrg1,PRRG1
124638,Sprn,SPRN
124641,Zfp346,ZNF346
124672,Trdmt1,TRDMT1
124696,Tmem132e,TMEM132E
124699,Tfpi2,TFPI2
124706,Fxyd6,FXYD6
124769,Mospd1,MOSPD1
124791,Tyw1,TYW1B
124795,Zup1,ZUP1
124806,Klf8,KLF8
124813,Tufm,TUFM
124837,Fbxl4,FBXL4
124860,Pon3,PON3
124887,Avpr2,AVPR2
124896,Csnk1e,CSNK1E
124929,Ccdc22,CCDC22
124948,Heatr9,HEATR9
124956,Pcsk1,PCSK1
124963,Hnmt,HNMT
124974,Epb41l4b,EPB41L4B
124986,Nlrc4,NLRC4
124993,Bclaf1,BCLAF1
125028,Tcf7l2,TCF7L2
125092,Myo7b,MYO7B
125101,Nptx2,NPTX2
125104,Zfp30,ZFP30
125126,Hnrnph1,HNRNPH1
125225,Zpbp,ZPBP
125233,Tsc22d2,TSC22D2
125242,Ndufaf1,NDUFAF1
125271,Prss27,PRSS27
125277,Meox2,MEOX2
125279,Stx1b,STX1B
125283,Radil,RADIL
125291,Hcfc1,HCFC1
125308,Cspp1,CSPP1
125420,Ccl3,CCL3
125423,Scai,SCAI
125435,Pparg,PPARG
125514,Fscn1,FSCN1
125521,Trip4,TRIP4
125542,Ist1,IST1
125592,Hs1bp3,HS1BP3
125604,Hycc1,HYCC1
125623,Zfp830,ZNF830
125625,Ndufb1,NDUFB1
125656,Mblac1,MBLAC1
125659,Hipk2,HIPK2
125663,Icos,ICOS
125666,Pax8,PAX8
125681,Tmem8b,TMEM8B
125691,Slc51b,SLC51B
125695,Igfbp3,IGFBP3
125708,Alg12,ALG12
125718,Bnip2,BNIP2
125742,Mbip,MBIP
125767,Prickle3,PRICKLE3
125783,Bspry,BSPRY
125795,Upk3b,UPK3B
125801,Zbtb26,ZBTB26
125808,Nf1,NF1
125847,Limk1,LIMK1
125857,Extl3,EXTL3
125892,Cdk20,CDK20
125914,Pfn4,PFN4
125924,Armcx3,ARMCX3
125952,Cyp11a1,CYP11A1
125965,Scarf2,SCARF2
125977,Klc1,KLC1
126022,Card11,CARD11
126034,Gli3,GLI3
126050,Meis2,MEIS2
126093,Arl5a,ARL5A
126102,Mak16,MAK16
126112,Npdc1,NPDC1
126129,Comp,COMP
126135,Sult1c1,SULT1C3
126139,Creld2,CRELD2
126179,Cyp27a1,CYP27A1
126197,Atp6v1c1,ATP6V1C1
126208,Ggct,GGCT
126218,Phrf1,PHRF1
126246,Traf3ip2,TRAF3IP2
126272,Zfp182,ZNF182
126279,Micall2,MICALL2
126299,Ogn,OGN
126306,Tsr2,TSR2
126311,Tceal7,TCEAL7
126323,Epc2,EPC2
126331,Adamtsl2,ADAMTSL2
126347,Ap1s3,AP1S3
126366,Cyrib,CYRIB
126481,Ptprz1,PTPRZ1
126506,Nfe2,NFE2
126520,Acmsd,ACMSD
126530,Polr1c,POLR1C
126557,Zfp341,ZNF341
126570,Mgat4c,MGAT4C
126594,Tead2,TEAD2
126690,Ccnf,CCNF
126699,Gpkow,GPKOW
126705,Sh3gl3,SH3GL3
126713,Gldc,GLDC
126739,Gm11437,C17orf78
126741,Tceanc,TCEANC
126770,Cpsf6,CPSF6
126811,Slc3a1,SLC3A1
126822,Slc16a2,SLC16A2
126837,Tnfrsf12a,TNFRSF12A
126847,Rbbp9,RBBP9
126851,Hapstr1,HAPSTR1
126855,Hmg20a,HMG20A
126883,Lonrf3,LONRF3
126903,Mettl9,METTL9
126916,Def6,DEF6
126933,Col4a6,COL4A6
126946,Fto,FTO
126971,Vps16,VPS16
126993,Cnpy3,CNPY3
127006,Dlx4,DLX4
127013,Sytl3,SYTL3
127034,Neurl3,NEURL3
127039,Mrpl53,MRPL53
127044,Tspan13,TSPAN13
127055,Acvr1c,ACVR1C
127062,Sparcl1,SPARCL1
127103,Rmdn3,RMDN3
127131,Tent2,TENT2
127186,Cnot4,CNOT4
127202,Ezr,EZR
127228,Gins2,GINS2
127232,Zbtb5,ZBTB5
127239,Cdyl2,CDYL2
127247,Eeig1,EEIG1
127255,Zfp142,ZNF142
127266,Top3b,TOP3B
127295,Tcap,TCAP
127297,Elob,ELOB
127307,Gbgt1,GBGT1
127339,Pnmt,PNMT
127342,Akap3,AKAP3
127358,Slc9a2,SLC9A2
127363,Pgap3,PGAP3
127374,Col26a1,COL26A1
127385,Hsp90ab1,HSP90AB1
127428,Nob1,NOB1
127436,Abhd2,ABHD2
127469,Rimklb,RIMKLB
127499,Agxt,AGXT
127524,Ikzf3,IKZF3
127541,Nme4,NME4
127554,Klhl40,KLHL40
127560,Lrrc34,LRRC34
127575,Th,TH
127589,Smarcc2,SMARCC2
127637,Fam219a,FAM219A
127651,Pced1a,PCED1A
127678,Tmem170,TMEM170A
127687,Sema3b,SEMA3B
127716,Smarca2,SMARCA2
127795,Tmem231,TMEM231
127820,Arhgef40,ARHGEF40
127864,Pdlim4,PDLIM4
127878,Tbl2,TBL2
127904,Adad2,ADAD2
127915,Zfp13,ZNF205
127948,Bex4,BEX4
127966,Zpbp2,ZPBP2
127970,Hcn1,HCN1
127977,Fam47e,FAM47E
127991,Kctd21,KCTD21
128004,Dcx,DCX
128018,Prnp,PRNP
128030,Il1rl1,IL1RL1
128041,Lrrc3c,LRRC3C
128042,Rgmb,RGMB
128065,Syngr1,SYNGR1
128079,Gsdma3,GSDMA
128088,Sppl2a,SPPL2A
128112,Map3k11,MAP3K11
128128,Smim30,SMIM30
128134,Serinc3,SERINC3
128151,Tvp23a,TVP23A
128166,Fezf1,FEZF1
128176,Lias,LIAS
128202,Pipox,PIPOX
128215,Slc22a4,SLC22A4
128226,Serhl,SERHL2
128244,Cpne9,CPNE9
128250,Otos,OTOS
128253,Hspb2,HSPB2
128255,Kdm8,KDM8
128282,Banf1,BANF1
128311,Il1rl2,IL1RL2
128320,Sytl5,SYTL5
128328,Sil1,SIL1
128370,Dnajc2,DNAJC2
128382,Pcna,PCNA
128391,Fam171b,FAM171B
128393,Gas2l2,GAS2L2
128396,Ngly1,NGLY1
128435,Fam136a,FAM136A
128443,Arhgef15,ARHGEF15
128455,Plk1,PLK1
128467,Gabra5,GABRA5
128480,Acp2,ACP2
128504,Cdca7,CDCA7
128527,Gdf5,GDF5
128530,Lbp,LBP
128539,Efhc2,EFHC2
128544,Ibtk,IBTK
128569,H2ac19,H2AC19
128571,Tbx4,TBX4
128581,Lsm8,LSM8
128587,Lsm6,LSM6
128614,Maob,MAOB
128629,Psmc2,PSMC2
128647,Xylt2,XYLT2
128655,Spred1,SPRED1
128665,Parm1,PARM1
128673,Trap1,TRAP1
128698,Hilpda,HILPDA
128704,Uvssa,UVSSA
128728,Stk35,STK35
128732,Sema3d,SEMA3D
128737,Kplce,KPLCE
128738,2210017I01Rik,LCE7A
128739,Golm2,GOLM2
128881,Kcnj2,KCNJ2
128885,Mfng,MFNG
128927,Slfn10,SLFN13
128941,Bud23,BUD23
128953,Nifk,NIFK
128964,Emb,EMB
128971,Ppp1r16b,PPP1R16B
128981,Baz2b,BAZ2B
129004,Adsl,ADSL
129066,Prps2,PRPS2
129073,Llgl1,LLGL1
129086,Ythdc2,YTHDC2
129102,Pcdh7,PCDH7
129116,Rest,REST
129138,Csk,CSK
129173,Tmem218,TMEM218
129239,Trib3,TRIB3
129256,Pudp,PUDP
129266,Uckl1,UCKL1
129298,Iqub,IQUB
129306,C1galt1c1,C1GALT1C1
129310,Sh3bgrl,SH3BGRL
129318,Mad2l1,MAD2L1
129325,Rab9b,RAB9B
129329,Anln,ANLN
129348,Gbe1,GBE1
129361,Foxn3,FOXN3
129393,Epb41l5,EPB41L5
129411,Arhgef28,ARHGEF28
129430,Rph3a,RPH3A
129468,Hspa12b,HSPA12B
129490,P4htm,P4HTM
129514,Adal,MAPDA
129534,Xrcc3,XRCC3
129603,Clec16a,CLEC16A
129621,Tmem88,TMEM88
129624,Gdi1,GDI1
129648,L3mbtl2,L3MBTL2
129668,Meioc,MEIOC
129676,Map2k5,MAP2K5
129712,Grb10,GRB10
129751,Oxsm,OXSM
129765,Shbg,SHBG
129792,Dixdc1,DIXDC1
129823,Gyg1,GYG1
129842,Tti2,TTI2
129855,Kremen2,KREMEN2
129862,Vps26a,VPS26A
129880,Abhd12,ABHD12
129913,Arid1a,ARID1A
129930,Gpat4,GPAT4
129960,Gen1,GEN1
129976,Rsu1,RSU1
129986,Sirt3,SIRT3
130041,Map3k1,MAP3K1
130046,Zfp689,ZNF689
130053,Gramd4,GRAMD4
130061,Nudt16l1,NUDT16L1
130069,Cenpo,CENPO
130083,Uba7,UBA7
130126,Rgs10,RGS10
130136,Pfkm,PFKM
130232,B3gnt3,B3GNT3
130241,Txnl4b,TXNL4B
130252,Hdhd5,HDHD5
130274,Myoz3,MYOZ3
130286,Armcx1,ARMCX1
130317,Macrod1,MACROD1
130335,Lipa,LIPA
130373,Rassf2,RASSF2
130391,Cd37,CD37
130410,Glyr1,GLYR1
130439,Zfand2b,ZFAND2B
130463,Nadk2,NADK2
130476,Dnph1,DNPH1
130487,Gas2,GAS2
130503,Tmem242,TMEM242
130506,Dpm1,DPM1
130528,Klc4,KLC4
130578,Mpz,MPZ
130585,Acp5,ACP5
130619,Mcm7,MCM7
130639,Sfxn1,SFXN1
130660,Ccdc42,CCDC42
130665,Tceal1,TCEAL1
130679,Xrcc6,XRCC6
130717,Timm22,TIMM22
130719,Cela2a,CELA2B
130723,Tmem220,TMEM220
130736,Pwwp3b,PWWP3B
130761,Ptpra,PTPRA
130837,Fbxo17,FBXO17
130862,Phyhip,PHYHIP
130871,Flna,FLNA
130902,Aspa,ASPA
130907,Add2,ADD2
130929,LTO1,LTO1
130950,Ccr7,CCR7
130955,Luzp1,LUZP1
130962,Fzd6,FZD6
130974,Selenon,SELENON
130978,Endov,ENDOV
131013,Fbxo38,FBXO38
131047,Jazf1,JAZF1
131058,Pet100,PET100
131072,Zfp219,ZNF219
131106,Ric8a,RIC8A
131133,Selenof,SELENOF
131140,Chmp2a,CHMP2A
131185,Gpc2,GPC2
131192,Slx1b,SLX1B
131199,Naprt,NAPRT
131237,Epha1,EPHA1
131245,Sptlc1,SPTLC1
131286,Nolc1,NOLC1
131318,Bola2,BOLA2
131323,Ccp110,CCP110
131341,Bdh1,BDH1
131379,Paxip1,PAXIP1
131388,Szt2,SZT2
131407,Psen1,PSEN1
131522,Kcnj16,KCNJ16
131549,Tle3,TLE3
131600,Myadml2,MYADML2
131602,Ybx2,YBX2
131611,Adcy1,ADCY1
131617,Ccdc124,CCDC124
131639,Dpysl4,DPYSL4
131650,Arhgap44,ARHGAP44
131665,Usp42,USP42
131675,Fbxl16,FBXL16
131681,Cdc26,CDC26
131718,Trappc5,TRAPPC5
131723,Ndufb10,NDUFB10
131732,Pkn1,PKN1
131755,Tsg101,TSG101
131780,Cad,CAD
131793,Rab26,RAB26
131805,Esyt3,ESYT3
131816,Zc3hav1,ZC3HAV1
131822,Vav2,VAV2
131840,Nrp1,NRP1
131870,Mospd3,MOSPD3
131891,Agrn,AGRN
131901,Glis2,GLIS2
131905,Chst4,CHST4
131911,Tle7,TLE7
131913,Cpne4,CPNE4
131936,Spata2l,SPATA2L
131942,Mmp25,MMP25
131949,Prr5l,PRR5L
132027,Nup205,NUP205
132048,Mc1r,MC1R
132053,Mnt,MNT
132063,9930012K11Rik,C8orf58
132072,Slc9a5,SLC9A5
132089,Tnip1,TNIP1
132138,Misp3,MISP3
132143,Tmem101,TMEM101
132152,Ddx49,DDX49
132170,Mir488,MIR488
132171,Ccdc115,VMA22
132180,4930544D05Rik,C17orf107
132204,Gas7,GAS7
132224,Galc,GALC
132243,Pecr,PECR
132253,Slc7a6os,SLC7A6OS
132261,Igfbp2,IGFBP2
132272,Zdhhc2,ZDHHC2
132280,Gfod2,GFOD2
132289,Tex101,TEX101
132308,Tedc2,TEDC2
132322,Stmn4,STMN4
132333,Ak1,AK1
132357,BC004004,C6orf89
132384,Tm4sf5,TM4SF5
132388,Foxj1,FOXJ1
132391,Limd1,LIMD1
132396,Igfbp7,IGFBP7
132408,Pip4k2b,PIP4K2B
132413,Tmem253,TMEM253
132439,Lhcgr,LHCGR
132446,Pwwp3a,PWWP3A
132470,Krt17,KRT17
132479,Nme6,NME6
132515,Ints12,INTS12
132556,Cdt1,CDT1
132560,Krt222,KRT222
132565,Eif2s1,EIF2S1
132580,Stk16,STK16
132600,Klc2,KLC2
132631,Asgr1,ASGR1
132668,Esrp2,ESRP2
132687,Mrpl32,MRPL32
132693,Pdia4,PDIA4
132708,Zfp7,ZNF7
132740,Sptlc2,SPTLC2
132754,Tymp,TYMP
132792,Asb11,ASB11
132797,Vrk3,VRK3
132837,Slc1a1,SLC1A1
132842,Hivep3,HIVEP3
132849,Slitrk4,SLITRK4
132859,Rnf212b,RNF212B
132871,Sos1,SOS1
132893,Atp6v0c,ATP6V0C
132898,Slc9a6,SLC9A6
132922,Guca2b,GUCA2B
132923,Bmp6,BMP6
132925,Sema3a,SEMA3A
132940,Tmem44,TMEM44
132964,Dbndd1,DBNDD1
132973,Dcaf12,DCAF12
132981,Glul,GLUL
132992,Map3k4,MAP3K4
133017,Vipas39,VIPAS39
133043,Plekha1,PLEKHA1
133078,Rc3h2,RC3H2
133102,Sgf29,SGF29
133117,Sulf1,SULF1
133146,Teddm1a,TEDDM1
133154,Rgsl1,RGSL1
133176,Nudt7,NUDT7
133189,Zfp746,ZNF746
133196,Aasdh,AASDH
133216,Vopp1,VOPP1
133234,Enpp7,ENPP7
133239,Cwf19l2,CWF19L2
133250,Cwf19l1,CWF19L1
133264,Cdh1,CDH1
133277,Ubald2,UBALD2
133281,Rnd3,RND3
133293,Sucnr1,SUCNR1
133306,Alyref,ALYREF
133391,Cfap91,CFAP91
133410,Il13ra1,IL13RA1
133419,Csnk1d,CSNK1D
133448,Parp6,PARP6
133487,Avpi1,AVPI1
133496,Snx5,SNX5
133521,Igf2bp3,IGF2BP3
133540,Trim63,TRIM63
133542,Gfi1b,GFI1B
133555,Gal3st1,GAL3ST1
133604,Gm30191,C1orf232
133606,Sema4c,SEMA4C
133652,Zfp593,ZNF593
133654,Acox2,ACOX2
133689,Yae1d1,YAE1
133697,Nsmce4a,NSMCE4A
133720,Pum3,PUM3
133749,Ndufa4,NDUFA4
133768,Zfp1,ZFP1
133781,Tafazzin,TAFAZZIN
133820,Lpo,LPO
133832,Tra2a,TRA2A
133850,Tbx6,TBX6
133858,Ift52,IFT52
133885,1110065P20Rik,C1orf122
133898,Bmp4,BMP4
133922,Lrrc7,LRRC7
133935,3425401B19Rik,C10orf71
133940,Srcap,SRCAP
133961,Samhd1,SAMHD1
133998,Aatk,AATK
134010,Sergef,SERGEF
134038,Ubn1,UBN1
134073,Frmd6,FRMD6
134114,Eps15l1,EPS15L1
134153,Efcab6,EFCAB6
134165,Btbd8,BTBD8
134172,Gfap,GFAP
134215,Cpz,CPZ
134236,Ptp4a3,PTP4A3
134341,Chtop,CHTOP
134349,Fam13c,FAM13C
134372,Tmc7,TMC7
134381,P3h2,P3H2
134395,Txndc5,TXNDC5
134403,Syt6,SYT6
134413,Pacsin2,PACSIN2
134471,Rab19,RAB19
134479,Jade1,JADE1
134524,Herpud2,HERPUD2
134547,Ppil1,PPIL1
134551,Gemin8,GEMIN8
134572,Sash1,SASH1
134589,Cramp1,CRAMP1
134603,Rps6kb2,RPS6KB2
134621,Dnase1l1,DNASE1L1
134659,Dynlt2b,DYNLT2B
134668,Itih1,ITIH1
134685,Armh3,ARMH3
134719,Wasl,WASL
134722,Ufl1,UFL1
134727,Nrsn2,NRSN2
134760,Med1,MED1
134766,Naa60,NAA60
134808,Snx3,SNX3
134818,Ehd4,EHD4
134825,Dbf4,DBF4
134841,Prrt1b,PRRT1B
134845,E2f5,E2F5
134854,Alad,ALAD
134907,Trpc4ap,TRPC4AP
134943,Flot1,FLOT1
134985,Cyp19a1,CYP19A1
135008,Arel1,AREL1
135034,Tspan10,TSPAN10
135043,Rgs22,RGS22
135062,Wfikkn2,WFIKKN2
135065,Ppm1d,PPM1D
135080,Rbm41,RBM41
135095,Klhl24,KLHL24
135161,Deaf1,DEAF1
135188,Casp2,CASP2
135198,Evpl,EVPL
135205,Porcn,PORCN
135244,Krtcap3,KRTCAP3
135260,Zfyve27,ZFYVE27
135306,Jpt2,JPT2
135340,Rufy3,RUFY3
135356,Ireb2,IREB2
135371,Pqbp1,PQBP1
135400,Rheb,RHEB
135409,Vamp2,VAMP2
135415,Dusp2,DUSP2
135419,Ints4,INTS4
135472,Adck1,ADCK1
135498,Rbis,RBIS
135536,Rpia,RPIA
135542,Wnk4,WNK4
135553,Nudt1,NUDT1
135571,Mrtfb,MRTFB
135606,Hspe1,HSPE1
135618,Dguok,DGUOK
135634,Sclt1,SCLT1
135653,Rskr,RSKR
135667,Wdr72,WDR72
135684,Smo,SMO
135693,Rab37,RAB37
135710,Stk17b,STK17B
135726,Traf3,TRAF3
135752,Tspan6,TSPAN6
135773,Ubr5,UBR5
135792,Ccr1,CCR1
135802,Sncg,SNCG
135811,Npy,NPY
135816,Fcnb,FCN1
135823,Mme,MME
135854,Cfap20,CFAP20
135865,Akap9,AKAP9
135900,Gprin3,GPRIN3
135907,Bard1,BARD1
135927,Zdhhc16,ZDHHC16
135978,Lef1,LEF1
136003,Ahsp,AHSP
136020,Aldh1a3,ALDH1A3
136034,Mrpl28,MRPL28
136060,Exosc2,EXOSC2
136105,Coil,COIL
136108,Zmat1,ZMAT1
136121,Lgmn,LGMN
136165,Septin9,SEPTIN9
136215,Myh7b,MYH7B
136227,Hsd17b6,HSD17B6
136272,Morc4,MORC4
136279,Gcnt3,GCNT3
136297,Cwh43,CWH43
136313,Enpp3,ENPP3
136324,Ap1s1,AP1S1
136337,Tmx4,TMX4
136346,Cd276,CD276
136390,Wdr24,WDR24
136423,Etnk2,ETNK2
136434,Rrbp1,RRBP1
136449,Ppp1r37,PPP1R37
136463,Ptrhd1,PTRHD1
136471,Gngt1,GNGT1
136477,Dph7,DPH7
136493,Cdkal1,CDKAL1
136506,Nox4,NOX4
136523,Nme3,NME3
136538,Vamp8,VAMP8
136544,Rpl3,RPL3
136583,Pdap1,PDAP1
136594,Ski,SKI
136600,Cenpa,CENPA
136607,Ren1,REN
136611,Snx8,SNX8
136624,Asb8,ASB8
136648,Nectin2,NECTIN2
136663,Xylt1,XYLT1
136668,Mcee,MCEE
136674,Slc2a8,SLC2A8
136695,Mcm3,MCM3
136722,Nmnat3,NMNAT3
136758,Cd2,CD2
136763,Aggf1,AGGF1
136777,Add1,ADD1
136837,Kcna2,KCNA2
136858,Necab2,NECAB2
136867,Dock11,DOCK11
136873,Fancl,FANCL
137033,Cdipt,CDIPT
137045,Rfc2,RFC2
137077,Heyl,HEYL
137079,Sh2d1b1,SH2D1B
137085,Map2k2,MAP2K2
137114,Frrs1,FRRS1
137127,Tcerg1,TCERG1
137156,Nr2c1,NR2C1
137191,Itga9,ITGA9
137203,Tmem82,TMEM82
137206,Ntrk3,NTRK3
137238,Ralgps2,RALGPS2
137251,Sh3gl1,SH3GL1
137261,Adnp,ADNP
137278,Cntn2,CNTN2
137313,Pkmyt1,PKMYT1
137364,Sgsh,SGSH
137384,Zdhhc9,ZDHHC9
137407,Cables2,CABLES2
137411,Qki,QKI
137441,Fgf11,FGF11
137455,Anxa1,ANXA1
137484,Mterf3,MTERF3
137500,Tns4,TNS4
137505,Best2,BEST2
137513,Riox2,RIOX2
137537,Id1,ID1
137546,Sel1l,SEL1L
137565,Rnf43,RNF43
137575,Ncoa5,NCOA5
137582,Pdgfb,PDGFB
137589,Tmem59l,TMEM59L
137601,Tefm,TEFM
137609,Tlcd3b,TLCD3B
137617,Snrpd3,SNRPD3
137629,Tmem87a,TMEM87A
137655,Itga3,ITGA3
137674,Ddx25,DDX25
137687,Ino80e,INO80E
137710,Ttc32,TTC32
137715,Tspo,TSPO
137739,Dnaaf10,DNAAF10
137747,Med16,MED16
137762,Gpd1,GPD1
137779,Scrib,SCRIB
137793,Canx,CANX
137885,Slitrk2,SLITRK2
137899,Ankib1,ANKIB1
137914,C8a,C8A
137938,Spink8,SPINK8
137940,Igsf1,IGSF1
137976,Faiml,FAIM
137991,Anapc1,ANAPC1
138012,Tdp1,TDP1
138044,Slc9a1,SLC9A1
138052,Nup43,NUP43
138063,Ppp1r17,PPP1R17
138068,Mcat,MCAT
138076,Rilpl1,RILPL1
138094,Nfe2l3,NFE2L3
138129,Agtr1b,AGTR1
138157,Esam,ESAM
138169,Sfi1,SFI1
138265,Sem1,SEM1
138292,Arhgdia,ARHGDIA
138313,Crym,CRYM
138328,Actc1,ACTC1
138347,Tfdp2,TFDP2
138381,Osbp,OSBP
138388,Ptgds,PTGDS
138415,Hs3st5,HS3ST5
138431,Pals2,PALS2
138452,Acvrl1,ACVRL1
138475,Ptpn7,PTPN7
138500,Rtn4ip1,RTN4IP1
138510,Chtf18,CHTF18
138543,Slc25a4,SLC25A4
138553,Fam118b,FAM118B
138584,Zscan12,ZSCAN12
138588,Ltk,LTK
138610,Vars2,VARS2
138629,Mrps35,MRPS35
138642,Plac8,PLAC8
138664,Smc5,SMC5
138683,P4ha1,P4HA1
138711,Eif3g,EIF3G
138734,Nek4,NEK4
138756,Sox9,SOX9
138758,Mllt6,MLLT6
138770,Eola1,EOLA1
138805,P3h3,P3H3
138821,Zfand2a,ZFAND2A
138842,Lix1l,LIX1L
138846,Apoh,APOH
138869,Zhx1,ZHX1
138895,Coa5,COA5
138903,Cdkn2c,CDKN2C
138908,Zfp513,ZNF513
138913,Tifa,TIFA
138919,Nt5m,NT5M
138927,Fbxo8,FBXO8
138940,Gfus,GFUS
138969,Abi3,ABI3
138981,Dzip3,DZIP3
139010,Ankrd34a,ANKRD34A
139014,Creg1,CREG1
139019,Cemip,CEMIP
139026,Vezt,VEZT
139076,Fam221a,FAM221A
139103,Kif22,KIF22
139148,Ythdf2,YTHDF2
139158,Supt5,SUPT5H
139181,Exoc3l4,EXOC3L4
139207,Atp1b1,ATP1B1
139228,Jpt1,JPT1
139241,Cdca4,CDCA4
139251,Sos2,SOS2
139264,Tspyl2,TSPYL2
139282,Ctsf,CTSF
139336,Abi1,ABI1
139400,Cyp4a10,CYP4A22
139448,Smg6,SMG6
139469,Fbxo25,FBXO25
139496,Nt5c3,NT5C3A
139509,Lamc3,LAMC3
139520,Tars1,TARS1
139543,Arih1,ARIH1
139560,Lrrc8c,LRRC8C
139565,Vtcn1,VTCN1
139575,Nkap,NKAP
139582,Wdr90,WDR90
139616,St6galnac5,ST6GALNAC5
139623,Mettl2,METTL2B
139632,Gtpbp6,GTPBP6
139640,Slfn5,SLFN5
139646,Dctd,DCTD
139687,Mroh7,MROH7
139701,Zzef1,ZZEF1
139713,Slc35d2,SLC35D2
139741,Uprt,UPRT
139752,Irs1,IRS1
139757,Bhlha15,BHLHA15
139760,Zfp638,ZNF638
139797,Lmtk2,LMTK2
139801,Ppm1a,PPM1A
139909,Podnl1,PODNL1
139926,Nedd4,NEDD4
139947,Clic1,CLIC1
139962,Tmem243,TMEM243
139972,Ahrr,AHRR
139985,Tsfm,TSFM
140005,Slc44a2,SLC44A2
140026,Phf14,PHF14
140045,Sp2,SP2
140053,Srpra,SRPRA
140063,Rbm10,RBM10
140108,Mst1r,MST1R
140141,Zfp647,ZNF250
140173,Cd74,CD74
140199,Fam167b,FAM167B
140201,Sh3gl2,SH3GL2
140207,Fbxo2,FBXO2
140216,Hoxb8,HOXB8
140221,Klhl2,KLHL2
140240,Cct6b,CCT6B
140247,Pomt1,POMT1
140329,Arl4a,ARL4A
140341,Gabrd,GABRD
140361,Smurf1,SMURF1
140371,Ppfibp1,PPFIBP1
140432,Rimoc1,RIMOC1
140438,Nop58,NOP58
140453,9330159F19Rik,KIAA0408
140464,Metrn,METRN
140471,Alkbh3,ALKBH3
140488,Rmnd5b,RMND5B
140533,Tal1,TAL1
140541,Mfap4,MFAP4
140547,Smim22,SMIM22
140562,Esr1,ESR1
140580,Uba52,UBA52
140624,Rorc,RORC
140650,Coq7,COQ7
140663,Abraxas1,ABRAXAS1
140678,Rnf13,RNF13
140742,Hap1,HAP1
140750,Sdr16c5,SDR16C5
140757,Ptk2b,PTK2B
140803,Psmd7,PSMD7
140819,Gpatch2l,GPATCH2L
140835,Repin1,REPIN1
140861,Med11,MED11
140866,Slc39a7,SLC39A7
140885,Dkk2,DKK2
140890,Ccdc103,DNAAF19
140896,Nudt21,NUDT21
140906,Iqca1,IQCA1
140919,Baiap2l1,BAIAP2L1
140932,Tmem175,TMEM175
140964,Prkaa2,PRKAA2
140968,Cox10,COX10
140978,Myo6,MYO6
141004,Nip7,NIP7
141013,Kcnk13,KCNK13
141015,Pals1,PALS1
141034,Masp2,MASP2
141056,Rbbp6,RBBP6
141071,Samd4,SAMD4A
141087,Nos2,NOS2
141095,Pms2,PMS2
141167,Prg4,PRG4
141179,Tmem198,TMEM198
141188,Chpf,CHPF
141196,Serpina3b,SERPINA3
141486,1600014C10Rik,C19orf12
141527,Tsn,TSN
141543,Iqgap3,IQGAP3
141548,Lpcat4,LPCAT4
141561,Shroom1,SHROOM1
141601,Gng2,GNG2
141629,Nemp2,NEMP2
141636,Trpc3,TRPC3
141643,Coq8b,COQ8B
141716,Fbxw2,FBXW2
141751,0610030E20Rik,C2orf68
141758,Or1f19,OR1F1
141763,Alg9,ALG9
141785,Bag3,BAG3
141793,Cnot1,CNOT1
141820,Det1,DET1
141838,Rps7,RPS7
141873,Ptpn20,PTPN20
141908,Zmynd12,ZMYND12
141913,Dcaf5,DCAF5
141961,Abca6,ABCA6
141979,Neil1,NEIL1
142027,Kdm6a,KDM6A
142066,Mettl14,METTL14
142099,Pdlim7,PDLIM7
142152,Trp53bp2,TP53BP2
142167,Setd3,SETD3
142198,Tlr3,TLR3
142210,Ccni,CCNI
142240,Tagln,TAGLN
142290,Slc16a14,SLC16A14
142301,Wdfy1,WDFY1
142315,Rhbdl2,RHBDL2
142319,G6pc1,G6PC1
142325,Rere,RERE
142348,Lrrc57,LRRC57
142355,Klf11,KLF11
142362,Myo1d,MYO1D
142388,Stx19,STX19
142394,Tet2,TET2
142404,Katnbl1,KATNBL1
142449,Elavl2,ELAVL2
142486,Atp6v1c2,ATP6V1C2
142495,Pxk,PXK
142520,Nelfe,NELFE
142544,Abhd11,ABHD11
142567,Maoa,MAOA
142582,Mapk10,MAPK10
142784,Pdzd11,PDZD11
142832,Kcnj9,KCNJ9
142838,Arhgap5,ARHGAP5
142853,Cav1,CAV1
142863,Hao2,HAO2
142899,Ddx18,DDX18
142919,Stambpl1,STAMBPL1
142945,Mrps24,MRPS24
142952,Aamdc,AAMDC
142999,Arf5,ARF5
143009,Nubpl,NUBPL
143031,Fsd1l,FSD1L
143040,Ofd1,OFD1
143071,Mapk6,MAPK6
143087,Tmub2,TMUB2
143105,Trmt61a,TRMT61A
143121,Slc16a12,SLC16A12
143143,Cep41,CEP41
143181,Snx1,SNX1
143202,Ankrd9,ANKRD9
143228,Tmem177,TMEM177
143246,Ubap2,UBAP2
143308,Emc6,EMC6
143312,Slc16a11,SLC16A11
143318,Lclat1,LCLAT1
143342,Dhtkd1,DHTKD1
143370,Folr2,FOLR2
143386,Lrfn5,LRFN5
143396,Eif4enif1,EIF4ENIF1
143431,Baiap2,BAIAP2
143463,Bola1,BOLA1
143468,Ckb,CKB
143491,Pcsk1n,PCSK1N
143496,Mroh9,MROH9
143500,Gpank1,GPANK1
143523,Mamld1,MAMLD1
143538,Mab21l3,MAB21L3
143545,Rbbp7,RBBP7
143580,Kcnh1,KCNH1
143600,Ngdn,NGDN
143632,Arb2a,ARB2A
143651,Mgrn1,MGRN1
143678,Ccnt2,CCNT2
143689,Tipin,TIPIN
143709,Ints15,INTS15
143721,Zkscan8,ZKSCAN8
143731,Nup98,NUP98
143788,Ppp2r3c,PPP2R3C
143814,Rsbn1l,RSBN1L
143821,Carnmt1,CARNMT1
143827,Mag,MAG
143843,Colec11,COLEC11
143890,Tapbp,TAPBP
143919,Lsm5,LSM5
143932,Cgnl1,CGNL1
143955,Hbegf,HBEGF
143961,Zng1,ZNG1C
143994,Atp5mk,ATP5MK
144026,Prelid1,PRELID1
144036,Slc26a9,SLC26A9
144043,Ikbkg,IKBKG
144093,Hdac9,HDAC9
144135,Sar1b,SAR1B
144164,Erg28,ERG28
144171,Ptger3,PTGER3
144181,Jdp2,JDP2
144246,Fbh1,FBH1
144274,Them4,THEM4
144280,Txndc16,TXNDC16
144293,Snap91,SNAP91
144339,Ccdc17,CCDC17
144352,Sertad3,SERTAD3
144380,Flt3l,FLT3LG
144403,Gadl1,GADL1
144421,Drd1,DRD1
144424,Irx4,IRX4
144444,Dvl3,DVL3
144477,Sdf2,SDF2
144489,Hacd3,HACD3
144507,C1qtnf2,C1QTNF2
144511,Osgep,OSGEP
144527,Gnpda1,GNPDA1
144563,Evi2a,EVI2A
144567,G6pdx,G6PD
144633,Sox5,SOX5
144659,Rfwd3,RFWD3
144680,Mtarc1,MTARC1
144699,Glp2r,GLP2R
144705,Bub1,BUB1
144726,Ttll7,TTLL7
144742,Flrt2,FLRT2
144758,Apex1,APEX1
144794,Bcl6b,BCL6B
144802,Setd6,SETD6
144819,Plppr3,PLPPR3
144827,Zfp770,ZNF770
144838,Trim55,TRIM55
144864,Ccdc40,CCDC40
144881,Trappc2l,TRAPPC2L
144904,Plxna2,PLXNA2
144913,Pepd,PEPD
144958,Apc,APC
144975,Stt3b,STT3B
144995,Piezo1,PIEZO1
145011,Car10,CA10
145022,Rpa3,RPA3
145032,Sparc,SPARC
145071,C1ra,C1R
145119,Aebp1,AEBP1
145135,Cpa6,CPA6
145142,Cybb,CYBB
145150,Zdhhc15,ZDHHC15
145159,Fabp4,FABP4
145167,Gbp5,GBP5
145176,Klhl25,KLHL25
145186,Ikbkb,IKBKB
145228,Efl1,EFL1
145251,Pllp,PLLP
145260,Trpv3,TRPV3
145273,Rbsn,RBSN
145293,Nmral1,NMRAL1
145321,Syp,SYP
145334,Pla2g4f,PLA2G4F
145349,Ddah1,DDAH1
145354,Smc2,SMC2
145369,Tbx22,TBX22
145376,Ppp2r5c,PPP2R5C
145412,Cfap276,CFAP276
145419,Bcap31,BCAP31
145460,Ate1,ATE1
145539,Gatad2b,GATAD2B
145555,Srpk2,SRPK2
145574,Siah1a,SIAH1
145600,Ccnd2,CCND2
145614,Mrps34,MRPS34
145621,Shtn1,SHTN1
145631,Cldn6,CLDN6
145639,Camkk2,CAMKK2
145668,Shcbp1,SHCBP1
145676,Ccdc141,CCDC141
145684,Elfn1,ELFN1
145705,Mfsd1,MFSD1
145730,Sri,SRI
145746,Adora1,ADORA1
145755,Wdr75,WDR75
145768,Cyp1a1,CYP1A1
145783,Nes,NES
145785,Sqstm1,SQSTM1
145811,I830077J02Rik,C1orf162
145817,Cln3,CLN3
145884,Fam53b,FAM53B
145894,Lhx1,LHX1
145914,Shisa4,SHISA4
145918,Mrpl43,MRPL43
145935,Pemt,PEMT
145952,Ncdn,NCDN
145960,Zbtb1,ZBTB1
146024,Dmpk,DMPK
146068,Usp8,USP8
146102,Crcp,CRCP
146114,Tmem273,TMEM273
146126,Zbtb25,ZBTB25
146159,Erp44,ERP44
146180,Snx4,SNX4
146197,Syap1,SYAP1
146209,Foxk1,FOXK1
146213,Tmco1,TMCO1
146224,Tcf7l1,TCF7L1
146231,Smim15,SMIM15
146242,Tdrd1,TDRD1
146250,Ssbp1,SSBP1
146293,Brf1,BRF1
146324,Rfng,RFNG
146338,Pdgfrb,PDGFRB
146367,Plaur,PLAUR
146391,Exosc3,EXOSC3
146406,Gfra1,GFRA1
146426,Srbd1,SRBD1
146432,Zmpste24,ZMPSTE24
146446,Entrep1,ENTREP1
146459,Pycr3,PYCR3
146468,Sco1,SCO1
146477,Arhgap4,ARHGAP4
146509,Nek10,NEK10
146525,Tmem38b,TMEM38B
146535,Dpy30,DPY30
146557,Lmod1,LMOD1
146559,Atp6v1h,ATP6V1H
146606,Evi2b,EVI2B
146609,Kcnj10,KCNJ10
146620,Krt20,KRT20
146624,Trim14,TRIM14
146644,Zfp3,ZFP3
146646,Col9a2,COL9A2
146663,Ramp2,RAMP2
146670,Kazald1,KAZALD1
146679,Pigf,PIGF
146691,Elof1,ELOF1
146723,P2ry14,P2RY14
146737,Rassf4,RASSF4
146762,Nans,NANS
146778,Dock3,DOCK3
146781,Hps5,HPS5
146797,Cript,CRIPT
146818,Tomm40,TOMM40
146832,Zscan21,ZSCAN21
146849,Nfu1,NFU1
146860,Cavin4,CAVIN4
146862,Hnf1b,HNF1B
146932,Il11ra1,IL11RA
147058,Stag3,STAG3
147080,Parp9,PARP9
147130,Gbp4,GBP6
147134,Entpd1,ENTPD1
147155,Rap1gap2,RAP1GAP2
147206,Nmrk1,NMRK1
147230,Sec16b,SEC16B
147260,Btbd6,BTBD6
147267,Ptger1,PTGER1
147271,Mterf4,MTERF4
147295,Atg4d,ATG4D
147319,Numb,NUMB
147486,S100z,S100Z
147495,Abcd1,ABCD1
147502,4833420G17Rik,C5orf34
147508,Depp1,DEPP1
147513,Akr1e1,AKR1E2
147527,Afap1l1,AFAP1L1
147541,Gramd1b,GRAMD1B
147624,Fbxl20,FBXL20
147676,Tex9,TEX9
147693,Syt5,SYT5
147711,Ssc4d,SSC4D
147720,Mindy3,MINDY3
147728,Cenph,CENPH
147738,Mns1,MNS1
147744,Cyren,CYREN
147767,Calcoco1,CALCOCO1
147817,Tmem200b,TMEM200B
147820,Plin1,PLIN1
147832,Synpo,SYNPO
147841,Trnau1ap,TRNAU1AP
147853,Btrc,BTRC
147867,Zbed3,ZBED3
147877,Dedd2,DEDD2
147899,Fam131b,FAM131B
147909,Lifr,LIFR
147924,Tbx21,TBX21
147927,Nos1ap,NOS1AP
147934,Nags,NAGS
147939,Nmd3,NMD3
147966,Ints14,INTS14
147996,Lrfn1,LRFN1
148004,Slc25a23,SLC25A23
148018,Macc1,MACC1
148028,Pik3r6,PIK3R6
148034,Reg4,REG4
148039,Mterf1b,MTERF1
148063,Mob4,MOB4
148074,Gnat2,GNAT2
148082,Arhgef5,ARHGEF5
148087,Appbp2,APPBP2
148099,Kank3,KANK3
148125,Ppp2r2a,PPP2R2A
148156,Sh3bgrl2,SH3BGRL2
148176,Lamtor5,LAMTOR5
148184,Hbs1l,HBS1L
148206,Atf3,ATF3
148217,Tysnd1,TYSND1
148226,Gpbp1,GPBP1
148279,Hkdc1,HKDC1
148284,Zfp287,ZNF287
148299,Sv2b,SV2B
148314,Il22ra1,IL22RA1
148326,Pithd1,PITHD1
148330,Tspan33,TSPAN33
148340,Mrc1,MRC1
148346,Sf3b6,SF3B6
148354,Slc6a17,SLC6A17
148357,Mpp3,MPP3
148367,Med17,MED17
148400,Sft2d2,SFT2D2
148408,Lyg2,LYG2
148413,Blvra,BLVRA
148430,M1ap,M1AP
148441,Ly9,LY9
148469,Ramac,RAMAC
148480,Nsmaf,NSMAF
148507,Adpgk,ADPGK
148535,Rnf112,RNF112
148542,Eefsec,EEFSEC
148552,Ube2h,UBE2H
148565,Atp1a3,ATP1A3
148584,Morf4l1,MORF4L1
148619,Itgav,ITGAV
148646,Kcnn3,KCNN3
148652,Sf3b2,SF3B2
148686,Ebp,EBP
148706,Tspan15,TSPAN15
148726,B3galnt1,B3GALNT1
148867,Ephb6,EPHB6
148893,Casq2,CASQ2
148939,Serpinc1,SERPINC1
148953,Meox1,MEOX1
148957,Apoo,APOO
148985,Cdr2l,CDR2L
148987,Fn3krp,FN3KRP
148997,Pcp4l1,PCP4L1
148999,Pex10,PEX10
149010,Zmat4,ZMAT4
149022,Fn3k,FN3K
149030,Gprc5a,GPRC5A
149048,Fasl,FASLG
149051,Exoc4,EXOC4
149079,Ssr4,SSR4
149097,Nmt2,NMT2
149108,Hivep2,HIVEP2
149124,C8b,C8B
149142,Scaf11,SCAF11
149161,Agpat5,AGPAT5
149175,Kdm6b,KDM6B
149186,Tnfrsf9,TNFRSF9
149191,Rps28,RPS28
149200,Slco5a1,SLCO5A1
149213,Rmnd1,RMND1
149243,Nsdhl,NSDHL
149271,Ccdc190,CCDC190
149277,Fpr1,FPR1
149288,Gstm1,GSTM1
149344,Upf1,UPF1
149368,Sirt5,SIRT5
149439,Ndufa9,NDUFA9
149459,Rasgef1a,RASGEF1A
149469,Rad21,RAD21
149503,Mycbpap,MYCBPAP
149519,Atp6v0a4,ATP6V0A4
149537,Icam5,ICAM5
149543,Habp4,HABP4
149554,Slc45a1,SLC45A1
149560,Sorbs1,SORBS1
149783,Elk1,ELK1
149797,Plpbp,PLPBP
149812,Edn2,EDN2
149821,Rpl27,RPL27
149837,Dpm2,DPM2
149847,Tmem14a,TMEM14A
149858,Aph1a,APH1A
149869,Duox1,DUOX1
149886,Mrpl11,MRPL11
149899,Ccdc65,CCDC65
149905,Ppp2r5d,PPP2R5D
149924,Srpx,SRPX
149937,Wdr5,WDR5
149951,Nme1,NME1
149974,Atp2a2,ATP2A2
149989,Mpped2,MPPED2
150004,Atad2b,ATAD2B
150017,Gpr141,GPR141
150031,Pls3,PLS3
150082,Fam151a,FAM151A
150087,Tcf3,TCF3
150125,Sell,SELL
150246,Ncapg2,NCAPG2
150276,Rmi1,RMI1
150295,Atp6v1b2,ATP6V1B2
150313,Nrgn,NRGN
150319,Rpl19,RPL19
150344,Sccpdh,SCCPDH
150357,Alkbh8,ALKBH8
150369,Ptges2,PTGES2
150394,Mrpl44,MRPL44
150396,Lgalsl,LGALSL
150412,Lgi2,LGI2
150415,Agap2,AGAP2
150420,Mrps9,MRPS9
150434,Wdr17,WDR17
150447,Smg1,SMG1
150464,Sybu,SYBU
150508,Rhog,RHOG
150519,Cnksr1,CNKSR1
150537,Socs3,SOCS3
150541,Pgghg,PGGHG
150558,1810010H24Rik,C17orf58
150563,Csad,CSAD
150604,Prpf8,PRPF8
150629,Dbn1,DBN1
150650,Papln,PAPLN
150671,Rif1,RIF1
150689,St8sia2,ST8SIA2
150694,Sec24b,SEC24B
150722,Tnnt3,TNNT3
150798,Pak6,PAK6
150832,Hyal2,HYAL2
150852,Plin2,PLIN2
150887,Lrrc31,LRRC31
150897,Sdha,SDHA
150943,Vps35,VPS35
150968,Sec22a,SEC22A
150990,Slamf1,SLAMF1
150995,Trabd2b,TRABD2B
151001,Tcea1,TCEA1
151020,Ifi44,IFI44
151034,Tmem63c,TMEM63C
151048,Cldn7,CLDN7
151069,Clasp2,CLASP2
151101,Znhit6,ZNHIT6
151168,Duoxa1,DUOXA1
151284,Alpl,ALPL
151292,Gid4,GID4
151299,Pck2,PCK2
151326,Rapgef1,RAPGEF1
151344,Cmtr1,CMTR1
151362,Crispld1,CRISPLD1
151372,Hprt1,HPRT1
151382,Zfp266,ZNF266
151415,Polg2,POLG2
151431,Cpne2,CPNE2
151458,Fam163a,FAM163A
151461,Dipk1a,DIPK1A
151468,Mob1a,MOB1A
151480,Map7d2,MAP7D2
151497,Ildr2,ILDR2
151507,Bacc1,BACC1
151522,Rdh14,RDH14
151526,Med21,MED21
151536,Snx14,SNX14
151666,Etaa1,ETAA1
151674,Rapgef6,RAPGEF6
151693,Gdap2,GDAP2
151713,Caskin2,CASKIN2
151734,Wdhd1,WDHD1
151749,Nfkbib,NFKBIB
151757,Gpn1,GPN1
151781,Slc25a3,SLC25A3
151821,Gm57852,ZFTRAF1
151826,Mkln1,MKLN1
151844,Rb1cc1,RB1CC1
151857,Tent5c,TENT5C
151863,Mtf1,MTF1
151867,Cd22,CD22
151907,Sdr42e1,SDR42E1
151916,Ajap1,AJAP1
151920,Spaar,SPAAR
151926,Litaf,LITAF
151969,Spata6l,SPATA6L
151987,Fcgr2b,FCGR2B
152007,Pkia,PKIA
152034,Usp11,USP11
152101,Aoc1,AOC1
152113,Cog7,COG7
152130,Pdgfrl,PDGFRL
152135,Stx17,STX17
152155,Car2,CA2
152161,Helz,HELZ
152180,Clip2,CLIP2
152207,Cops5,COPS5
152250,Ptgfrn,PTGFRN
152254,Ostc,OSTC
152261,2410004B18Rik,C1orf52
152266,Slc25a20,SLC25A20
152273,Gfi1,GFI1
152284,Wbp1,WBP1
152305,Haus4,HAUS4
152350,Gstcd,GSTCD
152373,Il7,IL7
152384,Mrps2,MRPS2
152399,Dnaaf6,DNAAF6
152405,Lrrc58,LRRC58
152408,Myl6b,MYL6B
152444,Ptch2,PTCH2
152448,Cpox,CPOX
152457,Zdhhc12,ZDHHC12
152471,Mtus1,MTUS1
152516,Itgb1bp2,ITGB1BP2
152524,Ccl22,CCL22
152526,Phc2,PHC2
152540,Rps15a,RPS15A
152569,Itsn2,ITSN2
152585,Brinp1,BRINP1
152591,Arpp21,ARPP21
152648,Snrnp70,SNRNP70
152677,Sh3kbp1,SH3KBP1
152733,Nol8,NOL8
152764,Eif4e,EIF4E
152779,Tlcd5,TLCD5
152792,Slc22a21,SLC22A5
152860,Chst12,CHST12
152876,Klrg2,KLRG2
152881,Btbd10,BTBD10
152911,Mrpl12,MRPL12
152914,Aoah,AOAH
152929,Cenpu,CENPU
152936,Kcnt2,KCNT2
152945,Tmtc1,TMTC1
152968,Smg8,SMG8
152977,Kcnh6,KCNH6
152985,Glg1,GLG1
153005,Tmem143,TMEM143
153025,Smad5,SMAD5
153050,Wdr1,WDR1
153090,Dhrs13,DHRS13
153096,Exoc2,EXOC2
153122,Cpq,CPQ
153142,Unc119,UNC119
153152,Tmem119,TMEM119
153160,Fam20c,FAM20C
153172,Kif18b,KIF18B
153180,Srsf7,SRSF7
153209,Morn3,MORN3
153217,Gtf2h2,GTF2H2
153255,Fut8,FUT8
153290,Map4k2,MAP4K2
153310,Trim17,TRIM17
153320,Hsf1,HSF1
153350,Kitl,KITLG
153360,Acsl1,ACSL1
153456,Nipsnap2,NIPSNAP2
153477,St6galnac4,ST6GALNAC4
153492,Cdk10,CDK10
153518,Lsm12,LSM12
153538,Ldlrad1,LDLRAD1
153543,Zfp94,ZNF45
153612,Ftsj3,FTSJ3
153629,Kansl2,KANSL2
153653,Dnaja1,DNAJA1
153675,Fkbp10,FKBP10
153710,Olfm3,OLFM3
153717,Crhr2,CRHR2
153726,Cracr2a,CRACR2A
153739,Agps,AGPS
153772,Extl1,EXTL1
153782,Aqp8,AQP8
153787,Dennd4c,DENND4C
153799,Ccn3,CCN3
153803,Duoxa2,DUOXA2
153905,Fcer1g,FCER1G
153909,Pdp2,PDP2
153931,Snx31,SNX31
153942,Ccndbp1,CCNDBP1
153962,Lrrc8b,LRRC8B
153968,Ldhb,LDHB
153993,Yrdc,YRDC
153995,Gria3,GRIA3
154006,Cped1,CPED1
154021,Asah1,ASAH1
154090,Rab11fip3,RAB11FIP3
154115,S100a1,S100A1
154122,Rbm4b,RBM4B
154138,Lrrc71,LRRC71
154150,Golga1,GOLGA1
154167,Cep57,CEP57
154194,Rab33a,RAB33A
154196,Morf4l2,MORF4L2
154293,Pdcl3,PDCL3
154300,Narf,NARF
154332,Ptn,PTN
154347,Ktn1,KTN1
154453,Pgc,PGC
154460,Ncaph,NCAPH
154530,Hip1r,HIP1R
154549,Psme3ip1,PSME3IP1
154653,Arpp19,ARPP19
154671,Ppard,PPARD
154713,Ech1,ECH1
154743,Tmem168,TMEM168
154765,Ccng1,CCNG1
154786,Eif2ak4,EIF2AK4
154808,Eogt,EOGT
154818,Kdm7a,KDM7A
154824,Mpdz,MPDZ
154852,Fst,FST
154860,Sprtn,SPRTN
154867,Caprin1,CAPRIN1
154895,Mcoln1,MCOLN1
154916,Gabarap,GABARAP
154923,Ap3s1,AP3S1
154938,Adamtsl4,ADAMTSL4
154953,Bbs9,BBS9
154993,Cdk16,CDK16
155047,Appl1,APPL1
155066,Spag5,SPAG5
155089,Ppic,PPIC
155094,Macir,MACIR
155109,Atp5f1b,ATP5F1B
155142,Rars1,RARS1
155169,Tiam2,TIAM2
155194,Akt2,AKT2
155260,Slc30a7,SLC30A7
155265,Stoml1,STOML1
155286,Galnt14,GALNT14
155306,Hmgcs2,HMGCS2
155328,Best3,BEST3
155341,Slc29a2,SLC29A2
155358,Ryk,RYK
155387,Tmem104,TMEM104
155399,Slc30a10,SLC30A10
155407,Cib2,CIB2
155419,Dennd1b,DENND1B
155437,Cd63,CD63
155483,Dcbld2,DCBLD2
155498,Mpdu1,MPDU1
155535,Mrps11,MRPS11
155563,Tmem45b,TMEM45B
155596,Bahd1,BAHD1
155618,Agbl5,AGBL5
155659,Rpl32,RPL32
155690,Zfp697,ZNF697
155692,Entpd4,ENTPD4
155732,Cfhr1,CFHR1
155760,Hace1,HACE1
155783,Spry4,SPRY4
155796,Ap3s2,AP3S2
155820,Mre11a,MRE11
155844,Macroh2a1,MACROH2A1
155896,Ost4,OST4
155905,Crispld2,CRISPLD2
155920,Id2,ID2
155926,Crtap,CRTAP
155935,Spc25,SPC25
155948,Arrb2,ARRB2
155974,Arhgef26,ARHGEF26
155990,Pars2,PARS2
155992,Amigo1,AMIGO1
155995,Sike1,SIKE1
156008,Skic8,SKIC8
156045,Aida,AIDA
156057,Gpt,GPT
156085,Agtr2,AGTR2
156089,Armcx2,ARMCX2
156182,Zbtb37,ZBTB37
156190,Tsc2,TSC2
156278,Tprg1l,TPRG1L
156281,Cd247,CD247
156324,Timp4,TIMP4
156326,Mrpl19,MRPL19
156336,Cdv3,CDV3
156348,Dnaja4,DNAJA4
156373,Mycn,MYCN
156379,Cdc40,CDC40
156388,St3gal6,ST3GAL6
156457,Apoa2,APOA2
156474,Pask,PASK
156506,Adap1,ADAP1
156532,Penk,PENK
156545,Acap1,ACAP1
156565,Commd5,COMMD5
156579,Taf11,TAF11
156595,Virma,VIRMA
156609,Zfp281,ZNF281
156614,Rnf115,RNF115
156618,Nfib,NFIB
156652,Cdan1,CDAN1
156662,Agpat4,AGPAT4
156799,Pold4,POLD4
156812,Pusl1,PUSL1
156821,Nr5a2,NR5A2
156830,Ttc12,TTC12
156860,Alox12,ALOX12
156864,Slc26a8,SLC26A8
156873,Tcf24,TCF24
156880,Gfpt2,GFPT2
156898,Zbtb10,ZBTB10
156906,G6pc3,G6PC3
156930,Itfg2,ITFG2
156957,Adgrg2,ADGRG2
156982,Npm2,NPM2
156999,Ubb,UBB
157017,Prkacb,PRKACB
157038,Pnisr,PNISR
157061,Slc28a2,SLC28A2
157073,B3gntl1,B3GNTL1
157090,Serpinb6a,SERPINB6
157560,Abcc9,ABCC9
157593,Ezh2,EZH2
157631,Ccnyl1,CCNYL1
157644,Mrps27,MRPS27
157678,Tubgcp5,TUBGCP5
157693,Chmp7,CHMP7
157709,Nmi,NMI
157719,Mroh1,MROH1
157763,Ska2,SKA2
157774,Rbm47,RBM47
157821,Cops8,COPS8
157832,Atp2a3,ATP2A3
157854,Gal3st3,GAL3ST3
157861,Zfp317,ZNF317
157877,Unc13b,UNC13B
157899,Top6bl,TOP6BL
157982,Paqr5,PAQR5
157995,Tmem184a,TMEM184A
158016,Sdhc,SDHC
158031,Dqx1,DQX1
158040,Fah,FAH
158074,Zkscan7,ZKSCAN7
158091,Ckmt2,CKMT2
158123,Eif4e2,EIF4E2
158144,Lrif1,LRIF1
158148,Gsap,GSAP
158163,Msrb3,MSRB3
158189,F13b,F13B
158198,Herc3,HERC3
158213,Angptl3,ANGPTL3
158227,Flnb,FLNB
158256,Nos3,NOS3
158269,Vwa1,VWA1
158275,Alpk1,ALPK1
158300,Kcnd3,KCND3
158310,Spred2,SPRED2
158319,Rufy1,RUFY1
158341,Nudt4,NUDT4
158353,Polr1a,POLR1A
158369,Psmd3,PSMD3
158384,Fmo3,FMO3
158404,Cc2d2a,CC2D2A
158432,R3hdm2,R3HDM2
158483,Snupn,SNUPN
158513,Gimap4,GIMAP4
158522,Madd,MADD
158627,Rrm2,RRM2
158650,Prkrip1,PRKRIP1
158662,Sncaip,SNCAIP
158715,Lamb1,LAMB1
158757,Rnd2,RND2
158761,Plag1,PLAG1
158770,Mrps23,MRPS23
158777,Lrrcc1,LRRCC1
158786,Pde6g,PDE6G
158796,Taok1,TAOK1
158805,Ptprk,PTPRK
158840,Igsf3,IGSF3
158847,Mfsd14b,MFSD14B
158862,Tmem276,TMEM276
158870,Tbc1d19,TBC1D19
158882,Asap1,ASAP1
158902,Afg2b,AFG2B
158911,Tmem102,TMEM102
158915,Naa38,NAA38
158923,AA467197,C15orf48
158928,Dapk1,DAPK1
158963,Tex14,TEX14
158970,Scamp2,SCAMP2
158990,Plbd1,PLBD1
158999,Mphosph10,MPHOSPH10
159008,Ttc39a,TTC39A
159030,Rmnd5a,RMND5A
159036,Copz1,COPZ1
159057,Spast,SPAST
159084,Ip6k2,IP6K2
159143,Snap23,SNAP23
159180,Anxa13,ANXA13
159191,Vbp1,VBP1
159200,Plrg1,PLRG1
159219,Six2,SIX2
159221,Tmem37,TMEM37
159227,Birc5,BIRC5
159239,Prkd3,PRKD3
159256,Mlxip,MLXIP
159274,Akap17a,AKAP17A
159282,Ly96,LY96
159285,Stard4,STARD4
159304,Enpp2,ENPP2
159322,Csnk1g2,CSNK1G2
159349,1810030O07Rik,CXorf38
159364,Dhrs7b,DHRS7B
159376,Nsun7,NSUN7
159390,Bgn,BGN
159416,Pyy,PYY
159420,Ncor1,NCOR1
159469,Senp5,SENP5
159482,Cdh12,CDH12
159492,Erp29,ERP29
159506,Maco1,MACO1
159516,Grk6,GRK6
159538,Sec31a,SEC31A
159647,Sh3bp5,SH3BP5
159667,Itga5,ITGA5
159689,Camk2b,CAMK2B
159816,Usp9x,USP9X
159836,Alg14,ALG14
159840,Top2a,TOP2A
159847,Elapor1,ELAPOR1
159866,Fcho1,FCHO1
159943,Tyw5,TYW5
159957,Homer2,HOMER2
159976,Cdc27,CDC27
160000,Tmem18,TMEM18
160014,Tbx5,TBX5
160030,Dnajb2,DNAJB2
160051,Islr2,ISLR2
160065,Atad2,ATAD2
160077,Paip2,PAIP2
160100,Adamts17,ADAMTS17
160110,Eif4g1,EIF4G1
160169,Tepsin,TEPSIN
160187,Sumo1,SUMO1
160203,Taf9b,TAF9B
160210,Nr2f2,NR2F2
160216,Las1l,LAS1L
160260,Fsd2,FSD2
160276,Rgs1,RGS1
160283,Pwp1,PWP1
160295,Odad4,ODAD4
160301,Isoc1,ISOC1
160308,Efna1,EFNA1
160321,Fgf1,FGF1
160368,Sh2d4a,SH2D4A
160377,Dennd2d,DENND2D
160387,Ugp2,UGP2
160432,Ppy,PPY
160439,Secisbp2,SECISBP2
160461,Ift20,IFT20
160482,Ubfd1,UBFD1
160496,Tnfaip8l2,TNFAIP8L2
160499,Slc35d1,SLC35D1
160503,Ppp1r16a,PPP1R16A
160550,Itga7,ITGA7
160607,Klhl15,KLHL15
160615,Nphs2,NPHS2
160618,Pola1,POLA1
160639,Eef2k,EEF2K
160661,Vps39,VPS39
160688,Tmem11,TMEM11
160696,Gjb3,GJB3
160699,Ankfy1,ANKFY1
160714,Cap2,CAP2
160742,Rasal2,RASAL2
160751,Cyfip2,CYFIP2
160804,Ranbp10,RANBP10
160820,Gpa33,GPA33
160834,Inpp5e,INPP5E
160852,Srebf1,SREBF1
160885,Ccdc180,CCDC180
160900,Zfp711,ZNF711
160932,Lcn6,LCN6
160939,Ttc22,TTC22
160947,Cnot9,CNOT9
160959,Susd1,SUSD1
160978,2310022B05Rik,C1orf198
160986,F5,F5
160991,Orc6,ORC6
161005,Chn1,CHN1
161049,Bcar1,BCAR1
161080,Atp6ap2,ATP6AP2
161121,Nr1i3,NR1I3
161161,Ttc23,TTC23
161202,Atp5pd,ATP5PD
161222,Fancg,FANCG
161255,Retreg2,RETREG2
161266,Sh2b1,SH2B1
161286,Kansl1,KANSL1
161329,Erlin2,ERLIN2
161350,Zfp322a,ZNF322
161367,Tmem214,TMEM214
161389,Cnksr3,CNKSR3
161398,Anks3,ANKS3
161433,Zfp382,ZNF382
161447,Zfand6,ZFAND6
161605,Mapk14,MAPK14
161623,Dhps,DHPS
161657,Zer1,ZER1
161691,Puf60,PUF60
161741,Atraid,ATRAID
161749,Nubp2,NUBP2
161767,Fam222b,FAM222B
161801,Rab11b,RAB11B
161809,Gli2,GLI2
161825,Hnrnpa1,HNRNPA1
161926,Epcam,EPCAM
161939,Slc25a10,SLC25A10
161994,Gtpbp2,GTPBP2
162006,Map1s,MAP1S
162038,Itfg1,ITFG1
162059,F13a1,F13A1
162068,Zfp385c,ZNF385C
162075,Gcnt1,GCNT1
162103,Tax1bp3,TAX1BP3
162109,Cd79b,CD79B
162118,Dhx57,DHX57
162138,Gmds,GMDS
162155,Spin1,SPIN1
162233,Lrrc45,LRRC45
162247,Dse,DSE
162274,Tmem9,TMEM9
162288,Flywch2,FLYWCH2
162304,Cox7a2l,COX7A2L
162316,Zscan26,ZSCAN26
162348,Cd2bp2,CD2BP2
162357,Ppp5c,PPP5C
162379,C4a,C4B
162449,Rbm12b2,RBM12B
162501,Itgam,ITGAM
162513,Crlf3,CRLF3
162522,Tmem71,TMEM71
162542,Fpgt,FPGT
162551,Dpp7,DPP7
162589,Ccdc88a,CCDC88A
162660,Taco1,TACO1
162665,Nt5c1a,NT5C1A
162667,Erich5,ERICH5
162673,Pde6h,PDE6H
162675,Cacng4,CACNG4
162677,2310009B15Rik,C1orf53
162681,Fam83g,FAM83G
162687,Dusp26,DUSP26
162699,Cyp2j13,CYP2J2
162724,Dnm1l,DNM1L
162779,Sharpin,SHARPIN
162811,Ctnnd2,CTNND2
162832,Cbx1,CBX1
162849,Smim7,SMIM7
162874,Mapkap1,MAPKAP1
162910,Slc5a9,SLC5A9
162922,Cdk12,CDK12
162932,Rhbdl1,RHBDL1
162942,Baalc,BAALC
162952,Maf1,MAF1
162979,Etv4,ETV4
162999,Phlpp2,PHLPP2
163011,Jkamp,JKAMP
163049,Rex1bd,REX1BD
163064,Clcnkb,CLCNKB
163130,Ffar1,FFAR1
163132,Zfp358,ZNF358
163141,Ubxn6,UBXN6
163153,Serpina1e,SERPINA1
163433,Pycr1,PYCR1
163451,Spag1,SPAG1
163462,Cox6a2,COX6A2
163465,Gle1,GLE1
163496,Wfdc1,WFDC1
163517,Mccc1,MCCC1
163543,Rhpn1,RHPN1
163587,Qprt,QPRT
163611,Lsm4,LSM4
163626,4833439L19Rik,KIAA1191
163659,Akt1,AKT1
163749,Tcf25,TCF25
163793,Pgpep1,PGPEP1
163805,Trim28,TRIM28
163833,Samd12,SAMD12
163844,Col14a1,COL14A1
163855,Pmpcb,PMPCB
163894,Cfap126,CFAP126
163896,Mrs2,MRS2
163909,Dcdc2b,DCDC2B
163912,Capza2,CAPZA2
163931,Zfp286,ZNF286A
163953,Ampd2,AMPD2
164010,Mccc2,MCCC2
164059,Pex3,PEX3
164065,Sub1,SUB1
164097,Usp32,USP32
164113,Neu1,NEU1
164125,Zyx,ZYX
164143,Dnajc16,DNAJC16
164154,Nsmf,NSMF
164180,Man1a,MAN1A1
164185,Ppp1r10,PPP1R10
164200,Matcap1,MATCAP1
164216,Sbspon,SBSPON
164219,Nup62,NUP62
164291,Brip1,BRIP1
164321,Ly6e,LY6E
164371,Cyb5b,CYB5B
164389,Ltf,LTF
164402,Nol3,NOL3
164441,Tmod3,TMOD3
164462,Cdca7l,CDCA7L
164486,Ngrn,NGRN
164493,Emc7,EMC7
164501,Apbb3,APBB3
164524,Cox5a,COX5A
164536,Eloa,ELOA
164541,Cnr1,CNR1
164560,Rhbdf1,RHBDF1
164594,Otud7b,OTUD7B
164603,Igdcc4,IGDCC4
164612,Lca5,LCA5
164618,Mrpl45,MRPL45
164625,Ddx39a,DDX39A
164655,Serinc1,SERINC1
164665,Mgat5b,MGAT5B
164676,Mctp2,MCTP2
164692,Klhl32,KLHL32
164703,Fcgr4,FCGR3B
164712,Nek2,NEK2
164718,Cluh,CLUH
164739,Qtrt1,QTRT1
164758,Lama4,LAMA4
164790,Chn2,CHN2
164826,Prickle1,PRICKLE1
164868,Ift57,IFT57
164882,Dis3l,DIS3L
164906,Eya1,EYA1
164937,Lcn12,LCN12
164955,Otulinl,OTULINL
164962,Hacl1,HACL1
164996,Il21r,IL21R
165006,Ralgds,RALGDS
165033,Sra1,SRA1
165043,Tent4a,TENT4A
165054,Mrps17,MRPS17
165070,Cyp4a30b,CYP4A11
165250,Adprm,ADPRM
165256,Gmpr2,GMPR2
165312,Pimreg,PIMREG
165333,Flywch1,FLYWCH1
165373,Thop1,THOP1
165405,Pdk4,PDK4
165420,Ndufs8,NDUFS8
165449,Pde8a,PDE8A
165477,Msh6,MSH6
165511,Rac3,RAC3
165520,Pcyox1l,PCYOX1L
165530,Asb15,ASB15
165583,Wdr41,WDR41
165620,Zbtb39,ZBTB39
165622,C2cd2l,C2CD2L
165650,Unk,UNK
165662,Dctn2,DCTN2
165705,Il4ra,IL4R
165754,Igf2bp1,IGF2BP1
165766,Cdhr3,CDHR3
165781,Mapk7,MAPK7
165805,Josd2,JOSD2
165822,Braf,BRAF
165849,Actr1b,ACTR1B
165862,Dok2,DOK2
165871,Pdzk1ip1,PDZK1IP1
165880,Dnase2a,DNASE2
165889,Ddx55,DDX55
165905,Dynlt5,DYNLT5
165913,Arap3,ARAP3
165928,Med30,MED30
165936,Smcr8,SMCR8
165938,Celf6,CELF6
165947,Wdr45b,WDR45B
165969,Ak2,AK2
165995,Nsmce2,NSMCE2
166025,Rnaset2a,RNASET2
166089,Myo1f,MYO1F
166121,Tmeff2,TMEFF2
166129,Cabp1,CABP1
166136,Zbtb43,ZBTB43
166159,Sin3a,SIN3A
166200,Syt12,SYT12
166216,Rimkla,RIMKLA
166219,Acads,ACADS
166232,Rgs13,RGS13
166237,Ckap2l,CKAP2L
166245,Cyc1,CYC1
166269,Spata46,SPATA46
166279,Degs1,DEGS1
166284,Fzd5,FZD5
166288,Cntn6,CNTN6
166300,Draxin,DRAXIN
166305,Uxs1,UXS1
166334,Lrrc59,LRRC59
166344,Psmb2,PSMB2
166348,Dpagt1,DPAGT1
166400,Esyt2,ESYT2
166426,Scnm1,SCNM1
166438,Ints13,INTS13
166466,Tmem107,TMEM107
166480,Adcy9,ADCY9
166491,Nmt1,NMT1
166512,Zfp251,ZNF251
166526,Tmem35b,TMEM35B
166528,Gpatch2,GPATCH2
166538,Cplane1,CPLANE1
166560,Ebf2,EBF2
166566,Plekhj1,PLEKHJ1
166587,Fam72a,FAM72B
166595,Cenpv,CENPV
166603,Prkab2,PRKAB2
166609,Tprn,TPRN
166614,Map2k6,MAP2K6
166624,Gapvd1,GAPVD1
166662,Prpf31,PRPF31
166680,Cln8,CLN8
166713,Gtf3c1,GTF3C1
166736,Ndufa5,NDUFA5
166766,Cyb561a3,CYB561A3
166807,Sptbn1,SPTBN1
166819,Nuf2,NUF2
166836,Camk4,CAMK4
166854,Rpl38,RPL38
166871,Washc5,WASHC5
166891,Ddx47,DDX47
166907,Rarb,RARB
166957,Mrpl27,MRPL27
166965,Otulin,OTULIN
166976,Gpatch8,GPATCH8
166990,Matr3,MATR3
167060,Dync1i1,DYNC1I1
167091,Dtx3,DTX3
167122,Scrn2,SCRN2
167141,Sema6d,SEMA6D
167178,Abhd8,ABHD8
167183,Czib,CZIB
167196,Il18,IL18
167207,Dusp23,DUSP23
167212,Gna13,GNA13
167218,Kdf1,KDF1
167227,Per1,PER1
167270,Slc6a9,SLC6A9
167291,Mnat1,MNAT1
167306,Prkcsh,PRKCSH
167354,Pcbp2,PCBP2
167420,Nr1d2,NR1D2
167429,Rnf121,RNF121
168505,Ddo,DDO
168516,Actr10,ACTR10
168544,Stx11,STX11
168561,Abcc10,ABCC10
168576,Ackr2,ACKR2
168601,Sfxn5,SFXN5
168631,Slc41a3,SLC41A3
168667,Tbc1d10c,TBC1D10C
168688,Zdhhc21,ZDHHC21
168727,Dlk2,DLK2
168737,Gphn,GPHN
168773,Decr1,DECR1
168805,Phb1,PHB1
168840,Irx6,IRX6
168852,Ppp1r14c,PPP1R14C
168855,Frmd3,FRMD3
168866,Bnipl,BNIPL
168874,Yipf3,YIPF3
168906,Nat10,NAT10
168921,Rpgrip1l,RPGRIP1L
168939,Vil1,VIL1
168958,Cep78,CEP78
168987,Pnrc2,PNRC2
169000,Taf5l,TAF5L
169005,Pcnx2,PCNX2
169028,Plpp2,PLPP2
169039,Slc7a2,SLC7A2
169057,Znhit3,ZNHIT3
169106,Serpinb1a,SERPINB1
169124,Cul7,CUL7
169151,Rps5,RPS5
169181,Ttc14,TTC14
169199,Rnf167,RNF167
169228,Cdip1,CDIP1
169266,Rprd2,RPRD2
169273,Dctn3,DCTN3
169289,Tbc1d7,TBC1D7
169341,Zcchc7,ZCCHC7
169373,Pla2g4c,PLA2G4C
169415,Dennd4b,DENND4B
169439,Ccdc82,CCDC82
169523,Pde6d,PDE6D
169529,Pfn1,PFN1
169540,Por,POR
169594,Aldh6a1,ALDH6A1
169610,Dgat1,DGAT1
169627,Rgs9,RGS9
169641,Fndc3b,FNDC3B
169697,Adgrg3,ADGRG3
169706,Cebpz,CEBPZ
169714,Flad1,FLAD1
169727,Mlst8,MLST8
169786,Rnase1,RNASE1
169801,Gkap1,GKAP1
169820,Cdhr2,CDHR2
169838,Rpl23,RPL23
169858,Pole2,POLE2
169873,E2f6,E2F6
169889,Mpzl2,MPZL2
169899,Mrpl46,MRPL46
169907,Rit1,RIT1
169920,Dohh,DOHH
169930,Fam83h,FAM83H
169940,Far2,FAR2
169972,Nusap1,NUSAP1
170002,P2rx3,P2RX3
170011,Nsrp1,NSRP1
170030,Ctu1,CTU1
170034,Fgfr1,FGFR1
170107,Cacfd1,CACFD1
170116,Babam1,BABAM1
170180,Krt8,KRT8
170231,Cdc7,CDC7
170252,Nfkbia,NFKBIA
170275,Zfand5,ZFAND5
170293,Lrp10,LRP10
170309,Cd151,CD151
170372,Asap2,ASAP2
170382,Cdk5rap3,CDK5RAP3
170422,Srsf5,SRSF5
170475,Aco1,ACO1
170512,Cks1b,CKS1B
170521,Ankrd34b,ANKRD34B
170540,Mettl5,METTL5
170556,Tmem79,TMEM79
170566,Adamtsl3,ADAMTSL3
170575,Smap2,SMAP2
170585,Ocln,OCLN
170617,Ccdc149,CCDC149
170631,Aimp1,AIMP1
170663,Orc2,ORC2
170687,Ncstn,NCSTN
170747,Phf12,PHF12
170766,Kif23,KIF23
170797,Hrh2,HRH2
170803,Larp1,LARP1
170827,Wars1,WARS1
170913,Krt18,KRT18
170936,Wnt3,WNT3
170946,Apbb1,APBB1
170977,Egf,EGF
170997,Psmb3,PSMB3
171008,Flt4,FLT4
171024,Heatr6,HEATR6
171042,Metap2,METAP2
171065,Polr1f,POLR1F
171068,Ica1,ICA1
171133,Mfsd12,MFSD12
171148,Rims3,RIMS3
171155,Itpripl1,ITPRIPL1
171162,Clhc1,CLHC1
171177,Slc25a36,SLC25A36
171201,Ufc1,UFC1
171210,Fzr1,FZR1
171235,Rsl1d1,RSL1D1
171252,Atp10d,ATP10D
171265,Bcl10,BCL10
171271,Dtymk,DTYMK
171285,Aim2,AIM2
171295,Ccdc77,CCDC77
171320,Wdtc1,WDTC1
171339,Nle1,NLE1
171347,Rbm6,RBM6
171373,Lmbrd2,LMBRD2
171380,Fmnl2,FMNL2
171390,Hagh,HAGH
171408,Arfgap2,ARFGAP2
171460,Vsir,VSIR
171471,Tspan5,TSPAN5
171489,Gm94,C5orf46
171494,Dab2,DAB2
171525,Mybbp1a,MYBBP1A
171549,Sfxn2,SFXN2
171582,Aspm,ASPM
171591,Slc27a4,SLC27A4
171611,Slco1c1,SLCO1C1
171621,Ppm1k,PPM1K
171638,Fes,FES
171699,Rfx8,RFX8
171714,Btc,BTC
171720,Cs,CS
171798,Sod3,SOD3
171806,Gspt1,GSPT1
171831,Hs3st1,HS3ST1
171838,Rxfp1,RXFP1
171854,Acsl5,ACSL5
171892,Bola3,BOLA3
171900,Rabif,RABIF
171902,Zbtb18,ZBTB18
171910,Syde2,SYDE2
171914,Tmem163,TMEM163
171919,Mrpl20,MRPL20
171932,Scly,SCLY
171958,Prdx1,PRDX1
171989,Nqo2,NQO2
172079,Psmd5,PSMD5
172139,Mbtd1,MBTD1
172159,Cdk5rap2,CDK5RAP2
172207,Immp1l,IMMP1L
172237,Gjb5,GJB5
172240,E2f2,E2F2
172243,Mrps14,MRPS14
172248,Utp25,UTP25
172253,Yipf5,YIPF5
172260,Dtx2,DTX2
172308,Haao,HAAO
172325,Snx32,SNX32
172337,Aurkb,AURKB
172370,Prkci,PRKCI
172388,Cfap90,CFAP90
172396,Sec14l5,SEC14L5
172401,Astn1,ASTN1
172408,Mtmr12,MTMR12
172426,Ctso,CTSO
172439,Sntg2,SNTG2
172457,Pld3,PLD3
172545,St3gal2,ST3GAL2
172565,Faim2,FAIM2
172575,Enpp6,ENPP6
172580,Prdm8,PRDM8
172596,Hdac2,HDAC2
172624,Ppp1cb,PPP1CB
172658,Sptb,SPTB
172669,Abcb9,ABCB9
172695,Commd8,COMMD8
172701,Ciao3,CIAO3
172728,Slbp,SLBP
172740,Ppie,PPIE
172764,Vwa5b2,VWA5B2
172796,Rad1,RAD1
172810,Thra,THRA
172823,Rps6kl1,RPS6KL1
172898,Fam13b,FAM13B
172917,Usp10,USP10
172951,Zw10,ZW10
172958,Srsf11,SRSF11
172992,Jmjd6,JMJD6
173002,Inpp4a,INPP4A
173040,Tmem200a,TMEM200A
173057,Tnfrsf21,TNFRSF21
173062,Mrpl58,MRPL58
173070,Slc22a8,SLC22A8
173082,Rnf8,RNF8
173101,Sfxn3,SFXN3
173122,Prpf39,PRPF39
173143,Atad5,ATAD5
173148,Abcc6,ABCC6
173175,Irak3,IRAK3
173182,Ndufb5,NDUFB5
173203,Sfxn4,SFXN4
173212,Dgkz,DGKZ
173253,Vps25,VPS25
173262,Fcho2,FCHO2
173275,Srpk1,SRPK1
173297,Cd9,CD9
173330,Tmem229b,TMEM229B
173359,Snd1,SND1
173397,Eif4a1,EIF4A1
173444,Lin52,LIN52
173457,Asb13,ASB13
173465,Umps,UMPS
173482,Armh4,ARMH4
173526,Txndc12,TXNDC12
173535,Ankra2,ANKRA2
173547,Ahsa1,AHSA1
173575,Nrg2,NRG2
173585,Sepsecs,SEPSECS
173602,Ppp4r3a,PPP4R3A
173628,Tmem222,TMEM222
173641,Igsf11,IGSF11
173655,Slc20a2,SLC20A2
173718,Cmas,CMAS
173729,Acox3,ACOX3
173768,Pter,PTER
173792,Map3k21,MAP3K21
173800,Tspan17,TSPAN17
173826,Adprh,ADPRH
173839,Suz12,SUZ12
173847,Cry1,CRY1
173857,Efcc1,EFCC1
173861,Rab13,RAB13
173875,Mtfr2,MTFR2
173884,Got1,GOT1
173894,Tnik,TNIK
173911,Morn4,MORN4
173919,Rxylt1,RXYLT1
173937,Mindy2,MINDY2
173955,Tubd1,TUBD1
173978,Marchf6,MARCHF6
174002,Idi2,IDI2
174006,Vps72,VPS72
174018,Mrpl18,MRPL18
174034,Sec31b,SEC31B
174055,Fam229b,FAM229B
174066,Hal,HAL
174090,Tmem120a,TMEM120A
174145,Zbtb42,ZBTB42
174148,Serpina11,SERPINA11
174153,Syt11,SYT11
174157,Bag5,BAG5
174162,Syne4,SYNE4
174197,Wdr25,WDR25
174214,Cth,CTH
174227,Lpl,LPL
174241,Lrrc75a,LRRC75A
174246,Ormdl3,ORMDL3
174276,Ccdc32,CCDC32
174295,Atp5mc3,ATP5MC3
174310,Sipa1l1,SIPA1L1
174394,Khdc4,KHDC4
174406,Zfp383,ZNF383
174426,Kifc2,KIFC2
174443,Med20,MED20
174452,Gm19935,CHD9NB
174457,Atmin,ATMIN
174464,Ptma,PTMA
174506,Nufip2,NUFIP2
174510,Kbtbd2,KBTBD2
174527,Tmed3,TMED3
174534,Cep43,CEP43
174590,Exoc3l2,EXOC3L2
174593,Pgap6,PGAP6
174609,Med13,MED13
174616,Aven,AVEN
174622,Smim19,SMIM19
174642,Zfp260,ZNF260
174659,Man2c1,MAN2C1
174755,Cda,CDA
174762,Ddx50,DDX50
174779,Adgre5,ADGRE5
174805,Zmiz2,ZMIZ2
174837,Bcan,BCAN
174850,Zfr,ZFR
174865,Hrob,HROB
174895,Wrn,WRN
174909,Efhc1,EFHC1
174952,Slc38a8,SLC38A8
174983,Tnfrsf1a,TNFRSF1A
175008,Traf1,TRAF1
175021,Inppl1,INPPL1
175050,Blmh,BLMH
175070,Otud3,OTUD3
175077,C1d,C1D
175102,Bpnt1,BPNT1
175118,Bsg,BSG
175145,Cntrl,CNTRL
175182,Trmt9b,TRMT9B
175195,Adamts14,ADAMTS14
175200,Drc1,DRC1
175210,Rnf40,RNF40
175234,Smurf2,SMURF2
175243,Eif3h,EIF3H
175259,Dis3l2,DIS3L2
175279,Prune1,PRUNE1
175294,St8sia4,ST8SIA4
175301,Jak2,JAK2
175316,Rpl7l1,RPL7L1
175329,Prkcq,PRKCQ
175345,Atp5mc2,ATP5MC2
175378,Erbin,ERBIN
175418,Polh,POLH
175424,Tnfrsf11b,TNFRSF11B
175431,Gipc1,GIPC1
175457,Snrpe,SNRPE
175466,Aarsd1,AARSD1
175497,Epha2,EPHA2
175504,Tox,TOX
175508,Mmut,MMUT
175528,Isy1,ISY1
175542,Hmbox1,HMBOX1
175616,Dpy19l1,DPY19L1
175637,Sinhcaf,SINHCAF
175655,Mettl25b,METTL25B
175675,Twist2,TWIST2
175680,Tekt4,TEKT4
175683,Drd5,DRD5
175686,Nfrkb,NFRKB
175703,Dhx15,DHX15
175725,Nhej1,NHEJ1
175751,Nr4a1,NR4A1
175810,Lrrc4,LRRC4
175815,Pln,PLN
175821,Tmf1,TMF1
175835,Pik3r5,PIK3R5
175855,Vash2,VASH2
175880,Cldn12,CLDN12
175924,Hpn,HPN
175978,Sobp,SOBP
175986,2810459M11Rik,C2orf72
175990,Fam13a,FAM13A
176017,Hes6,HES6
176029,Fam135a,FAM135A
176068,Dpep1,DPEP1
176090,Lyplal1,LYPLAL1
176109,Tnrc6c,TNRC6C
176126,Mrpl30,MRPL30
176136,Fubp3,FUBP3
176159,Rbak,RBAK
176169,Eif4e3,EIF4E3
176181,Ppif,PPIF
176189,Cryba2,CRYBA2
176197,Dennd2a,DENND2A
176213,Rtkn2,RTKN2
176218,Trp73,TP73
176236,Cdk3,CDK3
176241,Ap2a2,AP2A2
176284,Laptm4a,LAPTM4A
176292,Cltc,CLTC
176327,Cep63,CEP63
176407,Arhgap12,ARHGAP12
176442,AU021092,C16orf89
176452,Frs2,FRS2
176478,Lipt1,LIPT1
176508,Arpc5l,ARPC5L
176514,Ccdc78,CCDC78
176540,Tor4a,TOR4A
176544,Myorg,MYORG
176561,Bcl7b,BCL7B
176581,Lamtor1,LAMTOR1
176594,Ggcx,GGCX
176633,Etfdh,ETFDH
176686,Vstm2b,VSTM2B
176695,Rsrc1,RSRC1
176734,Klk15,KLK15
176748,Ctnnal1,CTNNAL1
176761,Ttc9c,TTC9C
176775,Fgl1,FGL1
176830,Kcnh2,KCNH2
176843,Gnptg,GNPTG
176869,Tmem25,TMEM25
176916,Ncan,NCAN
176926,Abitram,ABITRAM
176934,Kyat1,KYAT1
176985,Vasp,VASP
177014,Mien1,MIEN1
177022,Arl4d,ARL4D
177027,Mmd,MMD
177033,Rsrp1,RSRP1
177059,Pros1,PROS1
177086,Krba1,KRBA1
177110,Srp68,SRP68
177125,Acad10,ACAD10
177269,Angel2,ANGEL2
177280,Dnaaf3,DNAAF3
177300,Ppid,PPID
177309,Bcl7c,BCL7C
177317,Prpf4b,PRP4K
177330,Axin2,AXIN2
177345,Plppr4,PLPPR4
177350,Ddx60,DDX60
177366,Gnrh1,GNRH1
177369,Micos10,MICOS10
177383,Vdac3,VDAC3
177413,Plcg2,PLCG2
177464,Map2k7,MAP2K7
177497,Ppt1,PPT1
177517,Ncbp3,NCBP3
177527,Wwp2,WWP2
177559,Cenpq,CENPQ
177565,Dclk2,DCLK2
177579,Hspa1l,HSPA1L
177586,Usp43,USP43
177599,Tdp2,TDP2
177607,Mical2,MICAL2
177687,Cirbp,CIRBP
177743,Hadha,HADHA
177778,Elovl5,ELOVL5
177806,Smpdl3b,SMPDL3B
177816,Tax1bp1,TAX1BP1
177864,Cdc6,CDC6
177882,Cox6c,COX6C
177928,Coq6,COQ6
177955,Yipf7,YIPF7
177968,Dlg1,DLG1
178070,Tbc1d14,TBC1D14
178092,Map3k5,MAP3K5
178102,Gata3,GATA3
178110,Parp10,PARP10
178144,Nfe2l1,NFE2L1
178176,Lpcat2,LPCAT2
178187,Samd8,SAMD8
178208,Klhdc9,KLHDC9
178218,Golga2,GOLGA2
178248,Mrps15,MRPS15
178262,Psmb10,PSMB10
178269,Or13a1,OR13A1
178275,Supv3l1,SUPV3L1
178293,Map2k4,MAP2K4
178315,Trerf1,TRERF1
178366,B230219D22Rik,C5orf24
178376,Focad,FOCAD
178413,Ttc7b,TTC7B
178433,Dcun1d3,DCUN1D3
178447,Sema5a,SEMA5A
178461,Guf1,GUF1
178471,Rpusd1,RPUSD1
178485,Col11a1,COL11A1
178501,Atp1b2,ATP1B2
178507,Sp6,SP6
178510,Senp3,SENP3
178521,Kctd10,KCTD10
178539,Areg,AREG
178543,Ptpn13,PTPN13
178567,Armc5,ARMC5
178577,Pigw,PIGW
178581,Mrm3,MRM3
178589,Caly,CALY
178605,Dennd5b,DENND5B
178621,Psca,PSCA
178627,Efs,EFS
178632,Rab11fip1,RAB11FIP1
178641,Dcxr,DCXR
178686,Ica1l,ICA1L
178729,Trip11,TRIP11
178742,Xrcc4,XRCC4
178755,Cfap43,CFAP43
178763,Tln2,TLN2
178781,Dctn4,DCTN4
178799,Orc3,ORC3
178826,Adam9,ADAM9
178859,Stk32c,STK32C
178868,Slc18a2,SLC18A2
178878,Ppp2cb,PPP2CB
178893,Iscu,ISCU
178907,Cnot8,CNOT8
178998,Clu,CLU
179065,Strn3,STRN3
179080,Efemp2,EFEMP2
179119,Pdlim1,PDLIM1
179128,Ube3c,UBE3C
179153,Chst15,CHST15
179172,Fbxo21,FBXO21
179185,Pias1,PIAS1
179199,Styx,STYX
179219,Sgta,SGTA
179259,Ero1a,ERO1A
179275,Clcn6,CLCN6
179287,Vstm4,VSTM4
179291,Fam222a,FAM222A
179296,Rlig1,RLIG1
179312,Tctn3,TCTN3
179347,Ap4s1,AP4S1
179366,Mfap1b,MFAP1
179374,Pomc,POMC
179380,Tmod2,TMOD2
179388,Mars1,MARS1
179438,Sec61g,SEC61G
179462,Nmnat2,NMNAT2
179467,Lrrc8a,LRRC8A
179507,Aftph,AFTPH
179530,Tnfaip2,TNFAIP2
179550,Tbkbp1,TBKBP1
179563,Pfdn2,PFDN2
179569,Ankdd1a,ANKDD1A
179589,Slc18b1,SLC18B1
179602,Kcnk1,KCNK1
179609,Gimap1,GIMAP1
179618,Nnmt,NNMT
179644,Coch,COCH
179665,Myo1g,MYO1G
179679,Pcgf2,PCGF2
179701,Ror2,ROR2
179712,Fars2,FARS2
179742,Tdrd5,TDRD5
179751,Entpd7,ENTPD7
179759,Serpinh1,SERPINH1
179791,Zmiz1,ZMIZ1
179806,Npr2,NPR2
179841,Cct4,CCT4
179863,Wdr76,WDR76
179871,Calm3,CALM3
179890,Lin9,LIN9
179902,Gba2,GBA2
179916,Tmem139,TMEM139
179930,Mapk13,MAPK13
179940,Tgfb3,TGFB3
179996,Cisd3,CISD3
180003,Mpp7,MPP7
180029,Slc25a35,SLC25A35
180040,St7,ST7
180076,Ncln,NCLN
180093,Smco4,SMCO4
180139,Rangrf,RANGRF
180148,Psma3,PSMA3
180166,Psmb6,PSMB6
180175,Galt,GALT
180230,Tmem258,TMEM258
180241,Txndc17,TXNDC17
180253,Adck5,ADCK5
180277,Nt5e,NT5E
180287,Utp6,UTP6
180304,Siae,SIAE
180313,Ascc1,ASCC1
180346,Vps52,VPS52
180369,Cttn,CTTN
180404,Mllt11,MLLT11
180412,Dffb,DFFB
180425,Fignl2,FIGNL2
180428,Tmed2,TMED2
180437,Txndc15,TXNDC15
180451,Vwa5b1,VWA5B1
180461,Tpi1,TPI1
180482,Wipf1,WIPF1
180519,Nudcd1,NUDCD1
180537,Rai14,RAI14
180570,Nin,NIN
180604,Stpg3,STPG3
180612,Magoh,MAGOH
180619,Gjb4,GJB4
180621,Anapc16,ANAPC16
180655,Pou2f1,POU2F1
180673,Slc25a11,SLC25A11
180684,C3,C3
180717,Rgp1,RGP1
180723,Mtfmt,MTFMT
180742,Hvcn1,HVCN1
180776,Dnajb14,DNAJB14
180792,Hgsnat,HGSNAT
180811,Snapc3,SNAPC3
180822,Washc2,WASHC2A
180915,Fam184b,FAM184B
180917,Mfge8,MFGE8
180950,Mrm1,MRM1
180954,Elmod2,ELMOD2
180972,Fasn,FASN
180991,Dnm1,DNM1
181023,Cc2d1a,CC2D1A
181098,Bicral,BICRAL
181105,Arhgap9,ARHGAP9
181136,Vps37a,VPS37A
181166,Nfya,NFYA
181218,Dnajc8,DNAJC8
181229,Hadhb,HADHB
181281,Mtch2,MTCH2
181304,S100a10,S100A10
181314,Cdc20,CDC20
181328,Rnf111,RNF111
181358,Pop7,POP7
181371,Crot,CROT
181382,Kat6a,KAT6A
181402,Klhdc8b,KLHDC8B
181416,Atp6v1a,ATP6V1A
181437,Usp28,USP28
181486,Il20ra,IL20RA
181499,Tmem129,TMEM129
181507,Utp11,UTP11
181514,Kctd8,KCTD8
181518,Tns3,TNS3
181539,Manba,MANBA
181570,Snx27,SNX27
181594,Tmem106c,TMEM106C
181634,Ehd2,EHD2
181644,Sec63,SEC63
181664,Parp2,PARP2
181682,Nrtn,NRTN
181688,Shd,SHD
181698,Pam,PAM
181808,Lsmem2,LSMEM2
181812,Ip6k1,IP6K1
181829,Rpl23a,RPL23A
181840,Gpaa1,GPAA1
181937,Ppip5k1,PPIP5K1
181975,Arf4,ARF4
181988,Eif1,EIF1
181996,Xrcc1,XRCC1
182019,Msi2,MSI2
182057,Ifrd2,IFRD2
182085,Heatr3,HEATR3
182104,Map3k12,MAP3K12
182117,Mafk,MAFK
182124,Pex19,PEX19
182139,Syne3,SYNE3
182155,Myo5c,MYO5C
182168,Pus7,PUS7
182192,Mdga1,MDGA1
182206,Etv6,ETV6
182216,Ube2i,UBE2I
182307,Stom,STOM
182314,Smug1,SMUG1
182400,Cdk19,CDK19
182411,Pdgfc,PDGFC
182421,Grin2c,GRIN2C
182431,Smg7,SMG7
182460,Pdcd1lg2,PDCD1LG2
182464,Sbk3,SBK3
182470,Pcgf3,PCGF3
182498,Tmem260,TMEM260
182523,Arhgef1,ARHGEF1
182587,Mlh1,MLH1
182631,C9orf72,C9orf72
182654,Nedd9,NEDD9
182673,Tmed4,TMED4
182679,Adamts2,ADAMTS2
182686,Crhr1,CRHR1
182707,Strip2,STRIP2
182712,Uaca,UACA
182729,Acbd4,ACBD4
182779,Lyn,LYN
182832,Pot1a,POT1
182874,Syt16,SYT16
182884,Pgf,PGF
182895,Echdc1,ECHDC1
182925,Pmpca,PMPCA
182962,Rab30,RAB30
182993,Tmem165,TMEM165
183010,Irf9,IRF9
183091,Gsdmd,GSDMD
183119,Slc34a2,SLC34A2
183135,Smad6,SMAD6
183142,Arf3,ARF3
183168,Rad17,RAD17
183225,Parp16,PARP16
183240,Hexa,HEXA
183305,Zfta,ZFTA
183312,Akap10,AKAP10
183334,Elp4,ELP4
183367,Nckap5l,NCKAP5L
183378,Ttc5,TTC5
183389,Setd7,SETD7
183399,Afg1l,AFG1L
183414,Stx2,STX2
183432,Trappc9,TRAPPC9
183466,Fgfbp1,FGFBP1
183470,Begain,BEGAIN
183482,Tec,TEC
183491,Hirip3,HIRIP3
183508,Inhba,INHBA
183518,Myh7,MYH7
183559,Slc35a1,SLC35A1
183572,Luc7l2,LUC7L2
183595,Spout1,SPOUT1
183605,Prpsap1,PRPSAP1
183621,Tppp3,TPPP3
183632,Mmrn1,MMRN1
183639,Tctn1,TCTN1
183720,Retsat,RETSAT
183739,Tube1,TUBE1
183754,Arfip1,ARFIP1
183809,Nagpa,NAGPA
183838,Birc2,BIRC2
183860,Zbtb9,ZBTB9
183867,Recql5,RECQL5
183894,Daglb,DAGLB
183921,Kat5,KAT5
183940,Ciz1,CIZ1
183989,Gnai3,GNAI3
183996,Rnf144a,RNF144A
184014,Car3,CA3
184019,Gipr,GIPR
184031,Pik3c2b,PIK3C2B
184042,Stk25,STK25
184088,Me1,ME1
184101,Ints9,INTS9
184128,Ces4a,CES4A
184150,Cracr2b,CRACR2B
184172,Mon1a,MON1A
184194,Tubgcp4,TUBGCP4
184215,Klk11,KLK11
184239,Zfp777,ZNF777
184244,Slc25a13,SLC25A13
184261,Zdhhc18,ZDHHC18
184268,Fkbp5,FKBP5
184341,Adamts15,ADAMTS15
184343,Nme2,NME2
184370,Plxnb1,PLXNB1
184406,Akr1b7,AKR1B10
184439,Sde2,SDE2
184441,Usp47,USP47
184474,Rab25,RAB25
184482,Hcfc1r1,HCFC1R1
184525,Ndufb2,NDUFB2
184554,Rgs16,RGS16
184557,Ilvbl,ILVBL
184593,Pnma2,PNMA2
184605,Fus,FUS
184652,Atp8b4,ATP8B4
184679,Ppp3cc,PPP3CC
184708,D630045J12Rik,KIAA1549
184714,Abcc3,ABCC3
184756,Fgfr3,FGFR3
184779,Cert1,CERT1
184816,Ddr1,DDR1
184942,Ivd,IVD
184965,Zc3hc1,ZC3HC1
184992,Epb41,EPB41
185080,Pgm2,PGM2
185094,AI597479,C2orf49
185100,Atf1,ATF1
185126,Sgce,SGCE
185239,Slc8a2,SLC8A2
185248,Trp53bp1,TP53BP1
185271,Ppp1r21,PPP1R21
185291,Nop53,NOP53
185309,Sdcbp,SDCBP
185348,Pafah1b2,PAFAH1B2
185376,Mmp17,MMP17
185388,Syt1,SYT1
185440,Lap3,LAP3
185452,Odam,ODAM
185460,Gng8,GNG8
185468,Mri1,MRI1
185477,Slc25a22,SLC25A22
185535,Epn1,EPN1
185627,Herc6,HERC6
185640,Sez6l2,SEZ6L2
185658,Peli1,PELI1
185674,Slc8a3,SLC8A3
185688,Sec11a,SEC11A
185703,Zfp330,ZNF330
185729,Rhobtb3,RHOBTB3
185748,Sumf1,SUMF1
185764,Glrx,GLRX
185780,Slc27a6,SLC27A6
185790,Rnf170,RNF170
185831,Zfp410,ZNF410
185878,Pkd2,PKD2
185889,Sbno1,SBNO1
185900,G3bp1,G3BP1
185988,Kif1a,KIF1A
186043,Ctdspl,CTDSPL
186053,Vps28,VPS28
186102,Ucp1,UCP1
186111,Lpar1,LPAR1
186155,Irf2,IRF2
186185,Mvp,MVP
186211,Bltp3b,BLTP3B
186223,Ulk3,ULK3
186273,Phldb2,PHLDB2
186338,Coro1a,CORO1A
186368,Keap1,KEAP1
186387,Gfm2,GFM2
186412,D3Ertd751e,C4orf33
186431,Tm7sf3,TM7SF3
186472,Egfl7,EGFL7
186563,Sugp2,SUGP2
186601,Jag2,JAG2
186618,Slc35g1,SLC35G1
186628,Emcn,EMCN
186661,Hacd1,HACD1
186673,Echdc3,ECHDC3
186682,Cep83,CEP83
186728,Zfp612,ZNF23
186743,Uhrf1,UHRF1
186755,Kcnj11,KCNJ11
186763,Add3,ADD3
186853,Tmc5,TMC5
186872,Rbm4,RBM4
186904,Ankrd13a,ANKRD13A
186927,Wfs1,WFS1
186956,Loxl2,LOXL2
186980,Snx2,SNX2
187006,Tmem38a,TMEM38A
187013,Bbox1,BBOX1
187033,Rtn1,RTN1
187044,Pcm1,PCM1
187120,Eml2,EML2
187158,Smim5,SMIM5
187181,Itpka,ITPKA
187186,Paqr3,PAQR3
187199,Mpi,MPI
187226,Cwc25,CWC25
187236,Ubr7,UBR7
187249,Fnip2,FNIP2
187257,Thyn1,THYN1
187267,Mtrfr,MTRFR
187286,Fbf1,FBF1
187304,Evc2,EVC2
187315,Ddx54,DDX54
187344,Zfp354c,ZNF354C
187348,Cpne6,CPNE6
187369,Fer,FER
187391,Serping1,SERPING1
187436,Gabra1,GABRA1
187458,Mrps7,MRPS7
187470,Ppp2r5e,PPP2R5E
187492,Ctns,CTNS
187507,Anp32a,ANP32A
187546,Sema3g,SEMA3G
187550,Tbc1d17,TBC1D17
187568,Chmp1a,CHMP1A
187596,Parp3,PARP3
187630,Bmpr1b,BMPR1B
187646,Mif4gd,MIF4GD
187681,Vps4a,VPS4A
187704,Slc22a18,SLC67A1
187748,Mylpf,MYL11
187761,Avl9,AVL9
187782,Tmem43,TMEM43
187792,Cfap73,CFAP73
187801,Tle5,TLE5
187821,Smagp,SMAGP
187831,Tjp2,TJP2
187867,Acly,ACLY
187920,Srfbp1,SRFBP1
187925,Tnrc6a,TNRC6A
187950,Cpe,CPE
187959,Rhno1,RHNO1
187971,Zfp879,ZNF879
187982,Spata18,SPATA18
188003,Tmt1a2,TMT1A
188027,Fan1,FAN1
188075,Hsp90b1,HSP90B1
188120,Fbxl18,FBXL18
188124,Smad1,SMAD1
188162,Bzw2,BZW2
188184,Ece2,ECE2
188213,Atp13a1,ATP13A1
188243,Vrk1,VRK1
188323,Lcmt1,LCMT1
188341,Acsl6,ACSL6
188378,Mycbp,MYCBP
188385,Abhd18,ABHD18
188409,Art1,ART1
188413,Disp3,DISP3
188419,Il18bp,IL18BP
188449,Plxna4,PLXNA4
188455,Drc7,DRC7
188470,Parp12,PARP12
188491,Nrde2,NRDE2
188503,Tekt2,TEKT2
188514,Letm1,LETM1
188537,Slc25a38,SLC25A38
188553,Gem,GEM
188571,Ccdc9b,CCDC9B
188580,Ubap1,UBAP1
188621,Zfp385a,ZNF385A
188648,Shisa5,SHISA5
188671,Pigh,PIGH
188686,Peak1,PEAK1
188707,Tmem179b,TMEM179B
188720,Wtip,WTIP
188726,Efna3,EFNA3
188731,Tcp11l1,TCP11L1
188746,Ankmy2,ANKMY2
188758,Emc9,EMC9
188770,Atp5if1,ATP5IF1
188777,Top1mt,TOP1MT
188801,Cbr4,CBR4
188813,Ntn5,NTN5
188817,Chsy1,CHSY1
188824,Tsacc,TSACC
188835,Fam227b,FAM227B
188851,Gcdh,GCDH
188890,Ccng2,CCNG2
188901,Psme1,PSME1
188917,Luc7l,LUC7L
188947,Prdx6,PRDX6
188967,Lmod3,LMOD3
188971,Exog,EXOG
188992,Letmd1,LETMD1
189054,Casp9,CASP9
189066,Spg21,SPG21
189128,Usp38,USP38
189139,Rapsn,RAPSN
189151,Gtf2i,GTF2I
189262,Krtcap2,KRTCAP2
189276,Gar1,GAR1
189296,Celf1,CELF1
189329,Tyw3,TYW3
189343,Fam110b,FAM110B
189459,Prkcd,PRKCD
189501,Pacs2,PACS2
189549,Zfat,ZFAT
189568,Cd53,CD53
189592,Rbl2,RBL2
189617,Scoc,SCOC
189651,Dapk3,DAPK3
189661,Tle4,TLE4
189693,Lrrk2,LRRK2
189715,Ppp1r12c,PPP1R12C
189737,Klf3,KLF3
189745,Sdad1,SDAD1
189758,Mast2,MAST2
189780,Des,DES
189815,Decr2,DECR2
189845,Ddx11,DDX11
189899,Prcp,PRCP
189938,Nbn,NBN
189982,Sbno2,SBNO2
190001,Aktip,AKTIP
190046,Cdh18,CDH18
190061,Myoz2,MYOZ2
190069,Ankrd16,ANKRD16
190078,Pdgfra,PDGFRA
190101,Dele1,DELE1
190116,Brsk2,BRSK2
190136,Sec24c,SEC24C
190166,Sigmar1,SIGMAR1
190187,2610528J11Rik,C1orf210
190197,Galk2,GALK2
190225,Surf4,SURF4
190239,Setdb1,SETDB1
190266,Jakmip2,JAKMIP2
190275,Asf1b,ASF1B
190283,Akap8,AKAP8
190300,Smu1,SMU1
190315,Klhl36,KLHL36
190329,Als2,ALS2
190408,Ap1g1,AP1G1
190444,Rnft1,RNFT1
190696,Igfbp4,IGFBP4
190701,Zmynd15,ZMYND15
190712,Osmr,OSMR
190721,Eif1ad,EIF1AD
190742,Mettl3,METTL3
190770,Zhx2,ZHX2
190785,Ifnlr1,IFNLR1
190792,Clpx,CLPX
190805,Ppp1r26,PPP1R26
190874,Xkr9,XKR9
190896,Lcn8,LCN8
190902,Aldh1a1,ALDH1A1
190950,Ddhd2,DDHD2
190997,Psap,PSAP
191036,Gak,GAK
191100,Cand2,CAND2
191110,Trim44,TRIM44
191118,Sgcd,SGCD
191128,Mettl17,METTL17
191156,Ggn,GGN
191164,Scaper,SCAPER
191196,Atg16l2,ATG16L2
191225,Prdx2,PRDX2
191235,Atpaf1,ATPAF1
191258,Ell,ELL
191266,Ddx41,DDX41
191328,Nepro,NEPRO
191358,Loxl4,LOXL4
191372,Pag1,PAG1
191399,Tnni3,TNNI3
191419,C2cd4d,C2CD4D
191429,Srm,SRM
191438,Pex14,PEX14
191446,Scara3,SCARA3
191458,Lrrc20,LRRC20
191476,Lgals4,LGALS4
191489,Plekhg3,PLEKHG3
191505,Gpr160,GPR160
191560,Osbpl7,OSBPL7
191575,Park7,PARK7
191610,Ubtd1,UBTD1
191613,Tram2,TRAM2
191625,Arhgap21,ARHGAP21
191649,Chrac1,CHRAC1
191655,Ubxn2b,UBXN2B
191668,Kdm3b,KDM3B
191693,Emsy,EMSY
191735,Fam50b,FAM50B
191739,Cacng6,CACNG6
191743,Gemin2,GEMIN2
191770,Ros1,ROS1
191775,Hapln3,HAPLN3
191788,Zfp28,ZFP28
191794,Piwil2,PIWIL2
191803,Wdr93,WDR93
191810,Dpp9,DPP9
191844,Popdc2,POPDC2
191855,Hsd3b7,HSD3B7
191880,Lpp,LPP
191973,Rpl26,RPL26
192023,Slc17a4,SLC17A4
192041,Arpin,ARPIN
192045,Snrpn,SNRPN
192059,Gng5,GNG5
192066,Cideb,CIDEB
192090,Atxn7l2,ATXN7L2
192101,Pcsk9,PCSK9
192113,Ccar1,CCAR1
192150,Aldh9a1,ALDH9A1
192159,Ap3b1,AP3B1
192194,Ptgr2,PTGR2
192226,Ap1m1,AP1M1
192250,Slc17a5,SLC17A5
192258,Scara5,SCARA5
192269,Sf3b3,SF3B3
192307,Snrnp40,SNRNP40
192316,Hmgn3,HMGN3
192337,Slc46a1,SLC46A1
192348,Cpne3,CPNE3
192378,Trappc3,TRAPPC3
192392,Ube2o,UBE2O
192403,Mras,MRAS
192424,Vav3,VAV3
192440,Pkm,PKM
192532,Acsf2,ACSF2
192577,Noxa1,NOXA1
192597,Erc1,ERC1
192649,Tm9sf1,TM9SF1
192675,Plg,PLG
192703,Cidec,CIDEC
192720,Haus5,HAUS5
192736,Zfp687,ZNF687
192754,Rab44,RAB44
192756,Tprg1,TPRG1
192790,Akirin2,AKIRIN2
192795,Ifngr1,IFNGR1
192818,Tdrd9,TDRD9
192827,Aldh7a1,ALDH7A1
192883,Notch2,NOTCH2
192896,Carf,CARF
192921,Fbxo10,FBXO10
192928,Mybl1,MYBL1
192942,Ap2a1,AP2A1
192952,Hmgcll1,HMGCLL1
192964,Atrip,ATRIP
192978,Gskip,GSKIP
192998,Entpd8,ENTPD8
193019,Api5,API5
193039,Chga,CHGA
193052,Coq10a,COQ10A
193065,Ankrd45,ANKRD45
193068,Cacybp,CACYBP
193082,Angptl4,ANGPTL4
193095,Smim29,SMIM29
193114,Alkbh2,ALKBH2
193137,Antxr2,ANTXR2
193160,Srp54c,SRP54
193262,Tyk2,TYK2
193307,Card9,CARD9
193327,Camsap2,CAMSAP2
193334,Gfra2,GFRA2
193345,Racgap1,RACGAP1
193395,Mthfsd,MTHFSD
193416,Hmces,HMCES
193445,Srp9,SRP9
193487,Ano5,ANO5
193512,Rspo2,RSPO2
193526,Gpr3,GPR3
193528,Rrp15,RRP15
193535,Fsaf1,FSAF1
193544,Mtfr1,MTFR1
193574,Prmt7,PRMT7
193658,Gpc1,GPC1
193671,Chad,CHAD
193675,Mul1,MUL1
193678,Stxbp4,STXBP4
193690,Cox20,COX20
193701,Psmc6,PSMC6
193730,Scn1b,SCN1B
193741,Nol9,NOL9
193758,Ldah,LDAH
193774,Fuz,FUZ
193806,Fktn,FKTN
193846,Qtrt2,QTRT2
193867,Faap20,FAAP20
193886,Thg1l,THG1L
193892,Ddx5,DDX5
193953,Scube2,SCUBE2
193984,Mideas,MIDEAS
193998,Tonsl,TONSL
194005,Fbxo36,FBXO36
194010,Ankdd1b,ANKDD1B
194032,Grb14,GRB14
194049,Kifc3,KIFC3
194100,Mtpap,MTPAP
194112,Bdkrb2,BDKRB2
194119,Rasa2,RASA2
194133,Tnfrsf25,TNFRSF25
194156,Clint1,CLINT1
194191,Myh6,MYH6
194235,Stk3,STK3
194262,Bdh2,BDH2
194286,Acbd5,ACBD5
194316,Mcm6,MCM6
194328,Ppp1r14a,PPP1R14A
194335,St6galnac6,ST6GALNAC6
194361,Oscar,OSCAR
194372,Eif2b5,EIF2B5
194416,Frs3,FRS3
194428,Triqk,TRIQK
194481,Atg5,ATG5
194502,Plekha4,PLEKHA4
194538,Map6,MAP6
194544,Acvr2a,ACVR2A
194558,Bbs7,BBS7
194569,Nucb2,NUCB2
194648,Ecpas,ECPAS
194663,Thoc3,THOC3
194683,Wdr37,WDR37
194710,Glt8d2,GLT8D2
194728,Sdhb,SDHB
194747,Cnga1,CNGA1
194760,Alkbh6,ALKBH6
194792,Ppip5k2,PPIP5K2
194827,Ctsh,CTSH
194902,Ankrd66,ANKRD66
194906,Scyl2,SCYL2
194926,Reep1,REEP1
194951,Heca,HECA
194954,Sidt1,SIDT1
194976,Foxp4,FOXP4
195000,Wdr19,WDR19
195022,Utp18,UTP18
195038,Ift25,IFT25
195057,Hnrnpf,HNRNPF
195127,Rnf220,RNF220
195145,Slc38a2,SLC38A2
195165,Arpc2,ARPC2
195203,Lrrc8e,LRRC8E
195213,Rarres1,RARRES1
195222,Tnpo2,TNPO2
195251,Ppp1r27,PPP1R27
195256,Gnl1,GNL1
195269,Rbp2,RBP2
195286,Map3k13,MAP3K13
195306,Ndufc1,NDUFC1
195373,Vdac2,VDAC2
195399,Parva,PARVA
195416,Bckdk,BCKDK
195439,Zfp706,ZNF706
195484,Ipo9,IPO9
195504,Rsad1,RSAD1
195519,Tmem268,TMEM268
195532,Clk3,CLK3
195568,Vat1,VAT1
195584,Mob3b,MOB3B
195594,Rtp2,RTP2
195596,Trim9,TRIM9
195612,Nap1l1,NAP1L1
195647,Pknox2,PKNOX2
195672,Tmem45a,TMEM45A
195742,Rnf182,RNF182
195756,Msantd3,MSANTD3
195768,Ankrd40,ANKRD40
195772,Armc1,ARMC1
195787,Fkbpl,FKBPL
195793,Ralgps1,RALGPS1
195815,Nt5dc1,NT5DC1
195823,Asb2,ASB2
195871,Als2cl,ALS2CL
195904,Gask1b,GASK1B
195920,Nrn1,NRN1
195928,Abhd16a,ABHD16A
195963,Slc20a1,SLC20A1
195979,Ugdh,UGDH
196007,Pitpnm1,PITPNM1
196031,Ash2l,ASH2L
196065,Camta2,CAMTA2
196095,Anxa9,ANXA9
196119,Hdhd3,HDHD3
196135,Plpp7,PLPP7
196140,Fanca,FANCA
196187,Usp3,USP3
196215,Zfp618,ZNF618
196271,Sftpa1,SFTPA2
196333,Plcd4,PLCD4
196353,Gatad2a,GATAD2A
196403,Ndnf,NDNF
196416,Tmem51,TMEM51
196427,Slu7,SLU7
196441,Cds1,CDS1
196451,Lamtor2,LAMTOR2
196462,Nlrp12,NLRP12
196474,Itpkb,ITPKB
196478,Scn3b,SCN3B
196495,Pdcd1,PDCD1
196502,Atxn2l,ATXN2L
196531,Tnc,TNC
196562,Exo1,EXO1
196580,Csf1r,CSF1R
196599,Arhgap10,ARHGAP10
196619,Oplah,OPLAH
196653,Pacsin3,PACSIN3
196717,Tyrobp,TYROBP
196731,Adam23,ADAM23
196748,Tjp3,TJP3
196769,Fbln5,FBLN5
196789,Aifm2,AIFM2
196845,Cdc42ep4,CDC42EP4
196861,Atp2c1,ATP2C1
196903,Adgrf4,ADGRF4
196909,Ntpcr,NTPCR
196949,Eif4a3,EIF4A3
196963,Nptn,NPTN
196983,Ip6k3,IP6K3
197005,Zfp362,ZNF362
197011,Ccnb1,CCNB1
197037,Crabp2,CRABP2
197051,Fra10ac1,FRA10AC1
197132,Mapk1ip1l,MAPK1IP1L
197152,Ndufs5,NDUFS5
197162,Kctd20,KCTD20
197196,Fbxo34,FBXO34
197217,Bmf,BMF
197240,Mark3,MARK3
197367,Fosl1,FOSL1
197375,Kif2c,KIF2C
197434,Clmp,CLMP
197445,Stx4a,STX4
197467,Anpep,ANPEP
197486,Zfp2,ZFP2
197512,Pcsk7,PCSK7
197547,Fam53c,FAM53C
197569,Ccdc74a,CCDC74A
197603,Zkscan4,ZKSCAN4
197611,Casp7,CASP7
197636,Glrb,GLRB
197652,Dmgdh,DMGDH
197670,Fxyd3,FXYD3
197726,Carmil3,CARMIL3
197733,Zfp276,ZNF276
197750,Gabra2,GABRA2
197775,Sltm,SLTM
197818,Gne,GNE
197825,Sirt1,SIRT1
197838,Serpina5,SERPINA5
197866,Sap30l,SAP30L
197877,Mtres1,MTRES1
197900,Recql4,RECQL4
197915,Mgl2,CLEC10A
197943,Mgat4b,MGAT4B
197975,Ciapin1,CIAPIN1
198003,Tent5a,TENT5A
198012,Paqr8,PAQR8
198025,Nr4a2,NR4A2
198045,Cep57l1,CEP57L1
198080,Fam149b,FAM149B1
198094,Rab15,RAB15
198106,Kcnt1,KCNT1
198139,Rcc2,RCC2
198162,Aldh2,ALDH2
198204,Dcun1d4,DCUN1D4
198232,Cyth1,CYTH1
198250,Exd2,EXD2
198281,Me3,ME3
198298,Prxl2a,PRXL2A
198329,Star,STAR
198335,Phf20l1,PHF20L1
198369,Ehf,EHF
198424,Ankrd40cl,ANKRD40CL
198440,Fermt2,FERMT2
198493,Dock2,DOCK2
198514,Hsdl1,HSDL1
198530,Stat3,STAT3
198624,Heatr1,HEATR1
198630,Ppl,PPL
198640,Txk,TXK
198655,Rpap1,RPAP1
198684,Cyp17a1,CYP17A1
198705,Hycc2,HYCC2
198747,Art3,ART3
198794,Phactr2,PHACTR2
198823,Ddx19a,DDX19A
198845,Bpnt2,BPNT2
198851,Inava,INAVA
198873,Rcn3,RCN3
198887,Rbp4,RBP4
198909,Eef1d,EEF1D
199064,Vdac1,VDAC1
199117,Gemin7,GEMIN7
199143,Adk,ADK
199161,Jph4,JPH4
199170,Pip5k1a,PIP5K1A
199213,Calr,CALR
199230,Rassf3,RASSF3
199266,Gdpgp1,GDPGP1
199278,Csrp3,CSRP3
199296,Exoc5,EXOC5
199314,Haus2,HAUS2
199329,Kcnj8,KCNJ8
199344,Pitrm1,PITRM1
199389,Pde3a,PDE3A
199393,Lpar2,LPAR2
199446,Cib1,CIB1
199459,S1pr3,S1PR3
199471,Atg9a,ATG9A
199517,Ptbp3,PTBP3
199541,Osbpl8,OSBPL8
199560,Insyn1,INSYN1
199566,Lrrc1,LRRC1
199571,Tmprss4,TMPRSS4
199597,Ube3a,UBE3A
199637,Golph3,GOLPH3
199643,Kcnk10,KCNK10
199659,Spdl1,SPDL1
199682,Tmc4,TMC4
199708,Exoc3l,EXOC3L1
199729,Mlh3,MLH3
199750,Gnpda2,GNPDA2
199759,Smoc2,SMOC2
199776,Spon2,SPON2
199802,Ppp3cb,PPP3CB
199823,Ppa2,PPA2
199857,Pla2g7,PLA2G7
199862,Rfx3,RFX3
199881,Pik3r1,PIK3R1
199921,Gmnn,GMNN
199941,Prr14,PRR14
199958,Mipol1,MIPOL1
200021,Vangl1,VANGL1
200071,Gsg1l,GSG1L
200079,Nfil3,NFIL3
200093,Marchf8,MARCHF8
200116,Auh,AUH
200134,Mtf2,MTF2
200153,Sppl2b,SPPL2B
200179,Herpud1,HERPUD1
200204,Dcbld1,DCBLD1
200220,Scfd1,SCFD1
200296,Pcx,PC
200354,Mdm2,MDM2
200394,Wapl,WAPL
200416,Arrdc1,ARRDC1
200437,Ankrd6,ANKRD6
200508,Hopx,HOPX
200531,Tc2n,TC2N
200558,Aldh1b1,ALDH1B1
200564,Ino80,INO80
200603,Vcp,VCP
200649,Evc,EVC
200656,Ddx19b,DDX19B
200680,Arhgef2,ARHGEF2
200704,Fgfr4,FGFR4
200763,Ccdc9,CCDC9
200779,Arhgap15,ARHGAP15
200797,Mfap3l,MFAP3L
200822,Prmt9,PRMT9
200833,Dnm2,DNM2
200891,Btd,BTD
200951,Bend7,BEND7
200973,Taf1b,TAF1B
200985,Rnase4,RNASE4
201004,Cipc,CIPC
201026,Cavin2,CAVIN2
201030,Fam241b,FAM241B
201049,Ubxn4,UBXN4
201070,Tecpr2,TECPR2
201079,Ankrd2,ANKRD2
201089,Sel1l3,SEL1L3
201113,Lrrc28,LRRC28
201144,Uros,UROS
201192,Usp24,USP24
201201,Abi3bp,ABI3BP
201287,Klhdc1,KLHDC1
201301,Rccd1,RCCD1
201325,Eml5,EML5
201334,Svbp,SVBP
201342,Hdlbp,HDLBP
201459,Cdh16,CDH16
201491,Mfap5,MFAP5
201511,Tmem201,TMEM201
201519,Cenpe,CENPE
201532,Timm44,TIMM44
201552,Rigi,RIGI
201571,Trim69,TRIM69
201588,Rragc,RRAGC
201598,Cyp21a1,CYP21A2
201626,4931414P19Rik,C14orf93
201666,Dmbx1,DMBX1
201669,Wars2,WARS2
201679,Yap1,YAP1
201696,Mettl13,METTL13
201707,Cln6,CLN6
201737,Slc25a42,SLC25A42
201760,Slc47a1,SLC47A1
201807,Nudt2,NUDT2
201825,Kif14,KIF14
201830,Usp35,USP35
201840,Rcn2,RCN2
201850,Zc3h12a,ZC3H12A
201858,Tex10,TEX10
201879,Hspbp1,HSPBP1
201903,Sarm1,SARM1
201934,Iffo1,IFFO1
201948,Dck,DCK
201956,Grk2,GRK2
201986,Unc45a,UNC45A
202022,Lhx8,LHX8
202028,Tk1,TK1
202040,Ttc8,TTC8
202069,Ssu72,SSU72
202078,Cep44,CEP44
202098,Smap1,SMAP1
202116,Kri1,KRI1
202136,Rpl22,RPL22
202148,Alox8,ALOX15B
202155,Spats2,SPATS2
202194,Agtrap,AGTRAP
202212,Alox5,ALOX5
202232,Aptx,APTX
202295,Tbc1d1,TBC1D1
202332,Plin3,PLIN3
202357,Grn,GRN
202396,Aurkaip1,AURKAIP1
202413,Bag6,BAG6
202525,Nod2,NOD2
202544,Entpd5,ENTPD5
202603,Ppp1r8,PPP1R8
202610,Pdpr,PDPR
202630,Ptdss2,PTDSS2
202652,Fam83e,FAM83E
202667,Zranb2,ZRANB2
202680,Rnf126,RNF126
202697,Bscl2,BSCL2
202760,Tbc1d2b,TBC1D2B
202777,Anxa7,ANXA7
202825,Ptprb,PTPRB
202837,Galns,GALNS
202854,Lhx4,LHX4
202858,Cavin1,CAVIN1
202862,Lonp1,LONP1
202881,Pgs1,PGS1
202904,Spata6,SPATA6
202922,Gtf2h1,GTF2H1
202948,Myo9a,MYO9A
202970,Galnt12,GALNT12
202980,Rab40c,RAB40C
202997,Engase,ENGASE
203012,Rwdd3,RWDD3
203026,Aqp3,AQP3
203034,Plaa,PLAA
203054,Jtb,JTB
203061,Aars1,AARS1
203123,Ptges3l,PTGES3L
203138,Prr7,PRR7
203146,Rbm8a,RBM8A
203168,Fem1c,FEM1C
203174,Ranbp17,RANBP17
203198,Gng3,GNG3
203209,Ulk2,ULK2
203224,Leo1,LEO1
203230,Agmat,AGMAT
203234,Dusp8,DUSP8
203241,Eri3,ERI3
203262,4931406C07Rik,C11orf54
203335,Anxa2,ANXA2
203418,Abca2,ABCA2
203442,Uchl1,UCHL1
203461,Zc3h14,ZC3H14
203509,Mysm1,MYSM1
203580,Syt2,SYT2
203586,Hip1,HIP1
203595,Zbtb8b,ZBTB8B
203612,Naa35,NAA35
203629,Tmem267,TMEM267
203671,Nras,NRAS
203675,Cck,CCK
203682,Elane,ELANE
203685,Camkv,CAMKV
203707,Klhl8,KLHL8
203729,Enah,ENAH
203755,Abhd17a,ABHD17A
203774,Dhx29,DHX29
203787,Rad52,RAD52
203818,Cyth3,CYTH3
203834,Rbm20,RBM20
203840,Fbxw5,FBXW5
203872,Polrmt,POLRMT
203914,Col17a1,COL17A1
203932,Gsdme,GSDME
203951,Phyhd1,PHYHD1
203986,Uqcrc1,UQCRC1
204021,Cfap69,CFAP69
204040,Rasa1,RASA1
204050,Rassf6,RASSF6
204063,Ttf2,TTF2
204077,Vac14,VAC14
204098,Brca1,BRCA1
204145,Stat6,STAT6
204192,Nck1,NCK1
204224,Tmem128,TMEM128
204238,Kel,KEL
204248,Hipk1,HIPK1
204268,Rasgef1b,RASGEF1B
204286,Uqcrc2,UQCRC2
204319,Plscr4,PLSCR4
204341,Dock1,DOCK1
204354,Zfp316,ZNF316
204367,Umad1,UMAD1
204385,Zfp131,ZNF131
204420,Serpine1,SERPINE1
204428,Corin,CORIN
204460,Calm1,CALM1
204478,Strbp,STRBP
204507,Fam185a,FAM185A
204522,Ilk,ILK
204557,Syndig1l,SYNDIG1L
204564,Hectd1,HECTD1
204616,Ccnh,CCNH
204637,Flnc,FLNC
204646,Wwtr1,WWTR1
204672,Dlg5,DLG5
204692,Zfp160,ZNF665
204703,Dynll2,DYNLL2
204709,Slc6a6,SLC6A6
204727,Dus3l,DUS3L
204747,Csnk1g3,CSNK1G3
204798,Acadvl,ACADVL
204881,Igsf21,IGSF21
204888,Nae1,NAE1
204921,Rassf5,RASSF5
204931,Mrpl37,MRPL37
204942,Mzf1,MZF1
204969,Tbxas1,TBXAS1
204991,Eeig2,EEIG2
205000,Slc44a1,SLC44A1
205019,Insyn2a,INSYN2A
205024,Il10ra,IL10RA
205038,Lrrc2,LRRC2
205056,Lrrc27,LRRC27
205074,Tle2,TLE2
205100,Camk1g,CAMK1G
205107,Slc15a3,SLC15A3
205125,Cnbp,CNBP
205179,Stim1,STIM1
205214,Exosc9,EXOSC9
205237,Pwwp2b,PWWP2B
205241,Ago1,AGO1
205254,Ebf3,EBF3
205261,Myl7,MYL7
205288,Ncoa4,NCOA4
205326,Cd81,CD81
205354,Syk,SYK
205370,Trappc14,TRAPPC14
205393,Cdk11b,CDK11B
205412,Bpgm,BPGM
205424,Thumpd3,THUMPD3
205464,Met,MET
205474,Acad8,ACAD8
205504,Elavl1,ELAVL1
205552,Gfra3,GFRA3
205557,Fbxw11,FBXW11
205581,Rhbdd1,RHBDD1
205623,Fkbp8,FKBP8
205675,Iqck,IQCK
205694,Actb,ACTB
205737,Tmem232,TMEM232
205754,1700030J22Rik,C16orf46
205760,Tirap,TIRAP
205786,Vasn,VASN
205790,Tmem17,TMEM17
205794,Zfp764,ZNF764
205802,N4bp3,N4BP3
205819,Coq4,COQ4
205834,Csnk2a2,CSNK2A2
205856,Htra1,HTRA1
205863,Ehd3,EHD3
205868,Kcnmb1,KCNMB1
205871,Fam3d,FAM3D
205898,Phykpl,PHYKPL
205947,Slc4a4,SLC4A4
205964,Bud13,BUD13
205969,Rock2,ROCK2
205984,Tesk1,TESK1
205992,Gpt2,GPT2
206017,Pdhx,PDHX
206039,Zdhhc6,ZDHHC6
206093,Stac2,STAC2
206099,Ecm2,ECM2
206111,Wnt2,WNT2
206117,Cnot2,CNOT2
206166,Gaa,GAA
206187,Skap2,SKAP2
206205,Cripto,CRIPTO
206262,Rusc2,RUSC2
206269,Plcd3,PLCD3
206291,Pbx3,PBX3
206306,Vps11,VPS11
206318,Mphosph6,MPHOSPH6
206330,Slc26a11,SLC26A11
206377,Crtac1,CRTAC1
206386,Thada,THADA
206422,Tango6,TANGO6
206441,Olfm1,OLFM1
206454,Cftr,CFTR
206498,Tmem134,TMEM134
206522,Tgfbr1,TGFBR1
206549,Il15ra,IL15RA
206581,Il34,IL34
206598,Kdm4b,KDM4B
206626,Arap1,ARAP1
206656,Plekhg4,PLEKHG4
206680,Ccdc171,CCDC171
206695,Coro2b,CORO2B
206700,Nab2,NAB2
206707,Rhoh,RHOH
206736,Tomm20,TOMM20
206743,Adamts7,ADAMTS7
206754,Cadps2,CADPS2
206780,Depdc1a,DEPDC1
206788,Cemip2,CEMIP2
206805,Unc119b,UNC119B
206813,Snrnp35,SNRNP35
206831,Cd2ap,CD2AP
206844,Scamp1,SCAMP1
206855,Mon2,MON2
206876,Nicol1,NICOL1
206880,Gpd1l,GPD1L
206893,Rbpj,RBPJ
206950,Golga7b,GOLGA7B
206957,Lzts2,LZTS2
206989,Ccdc50,CCDC50
206999,Fndc7,FNDC7
207002,Mtrex,MTREX
207028,Usp31,USP31
207032,S100a11,S100A11
207038,Ubqln4,UBQLN4
207046,Knop1,KNOP1
207060,Dazap1,DAZAP1
207095,Atosb,ATOSB
207124,Ulk4,ULK4
207138,Nrbf2,NRBF2
207143,Mlip,MLIP
207162,Rad54l,RAD54L
207192,Ldhd,LDHD
207206,Pard3,PARD3
207270,Idua,IDUA
207292,Zg16,ZG16
207300,Masp1,MASP1
207322,Csf3,CSF3
207332,Foxl1,FOXL1
207335,Btn2a2,BTN2A2
207368,Exoc7,EXOC7
207399,Slc25a25,SLC25A25
207414,Marcksl1,MARCKSL1
207419,Meaf6,MEAF6
207429,Suclg2,SUCLG2
207437,Myadm,MYADM
207461,Tceanc2,TCEANC2
207468,Fezf2,FEZF2
207472,Tut7,TUT7
207484,Gpn2,GPN2
207490,Faxdc2,FAXDC2
207512,Uqcr11,UQCR11
207522,Setd2,SETD2
207552,Rps8,RPS8
207565,Chst8,CHST8
207578,Tmem59,TMEM59
207599,Slc26a1,SLC26A1
207608,Ttc9b,TTC9B
207612,Wwc2,WWC2
207632,Cdc23,CDC23
207648,Coq3,COQ3
207655,Ccdc113,CFAP263
207662,Ppil6,PPIL6
207676,Eps8l1,EPS8L1
207703,Cpne7,CPNE7
207717,Rabepk,RABEPK
207757,Plpp1,PLPP1
207771,Pcbp4,PCBP4
207868,Nsun5,NSUN5
207882,Rnf14,RNF14
207935,Etv3l,ETV3L
207943,Arrb1,ARRB1
207966,Pard6a,PARD6A
207978,Tfb1m,TFB1M
207995,Cnih3,CNIH3
208011,Uap1l1,UAP1L1
208021,Got2,GOT2
208044,Rngtt,RNGTT
208054,Tmem209,TMEM209
208067,Trim61,TRIM61
208079,Zbtb8os,ZBTB8OS
208106,Clock,CLOCK
208128,Nek6,NEK6
208167,Cep89,CEP89
208182,Rnf25,RNF25
208200,Pon2,PON2
208229,Zmym4,ZMYM4
208238,Rrp36,RRP36
208244,Carhsp1,CARHSP1
208321,Rpl10a,RPL10A
208337,Phldb3,PHLDB3
208349,Daam2,DAAM2
208374,Ptger4,PTGER4
208380,Nfic,NFIC
208397,Apaf1,APAF1
208414,Rhoq,RHOQ
208424,Slc1a3,SLC1A3
208493,Fbxo11,FBXO11
208514,Fam3c,FAM3C
208548,Gsn,GSN
208822,Ucp2,UCP2
208844,Kpnb1,KPNB1
208873,Olfml3,OLFML3
208880,Fnbp1l,FNBP1L
208892,Vps41,VPS41
208918,Slc39a3,SLC39A3
208932,Cnih4,CNIH4
208946,Slc30a9,SLC30A9
208963,Ccdc61,CCDC61
208988,Dennd2b,DENND2B
209108,Eif2b4,EIF2B4
209143,Psmb4,PSMB4
209153,Ttc1,TTC1
209179,Zdhhc7,ZDHHC7
209201,Cfb,CFB
209259,Ppcs,PPCS
209268,Mmachc,MMACHC
209272,Siglecg,SIGLEC11
209277,Nudt12,NUDT12
209289,Ppp4c,PPP4C
209324,Nvl,NVL
209352,Trim65,TRIM65
209366,Nme5,NME5
209376,Capns1,CAPNS1
209401,Nkd2,NKD2
209414,Ccdc43,CCDC43
209421,Klhl5,KLHL5
209434,Nt5c3b,NT5C3B
209457,Paics,PAICS
209494,Mocs1,MOCS1
209511,Rps14,RPS14
209539,Lin7b,LIN7B
209548,Hnrnpa2b1,HNRNPA2B1
209640,Smpd3,SMPD3
209666,Stat5a,STAT5A
209693,Psma5,PSMA5
209706,Sh3tc2,SH3TC2
209789,Gys1,GYS1
209801,Pi4k2b,PI4K2B
209808,Ring1,RING1
209817,Fabp1,FABP1
209827,Rpl5,RPL5
209850,Npnt,NPNT
209872,Trim38,TRIM38
209885,Prss36,PRSS36
209895,Cxxc5,CXXC5
209945,Skic2,SKIC2
209984,Gnptab,GNPTAB
210000,Bcl2l12,BCL2L12
210029,Mrto4,MRTO4
210034,Septin2,SEPTIN2
210137,Bfar,BFAR
210158,Ank,ANKH
210172,Rassf8,RASSF8
210200,Col16a1,COL16A1
210220,Cct5,CCT5
210260,Irf8,IRF8
210286,Cfi,CFI
210308,Dera,DERA
210323,Msmo1,MSMO1
210336,Aplp1,APLP1
210373,Zswim7,ZSWIM7
210433,Mthfd2l,MTHFD2L
210450,Pan2,PAN2
210494,Creld1,CRELD1
210580,Stx18,STX18
210596,Clgn,CLGN
210606,Cdca8,CDCA8
210612,Nsg1,NSG1
210631,Ebf1,EBF1
210643,Mtor,MTOR
210673,Ranbp9,RANBP9
210679,Trmt10a,TRMT10A
210689,Ccnc,CCNC
210719,Gpat3,GPAT3
210733,Trmt1,TRMT1
210769,Tapt1,TAPT1
210792,Itgal,ITGAL
210818,Sh3bp2,SH3BP2
210879,Glcci1,GLCCI1
210897,Abhd14a,ABHD14A
210906,R3hcc1l,R3HCC1L
210948,Ap2s1,AP2S1
210965,Eif2a,EIF2A
210987,Zfp467,ZNF467
211021,Slc35e1,SLC35E1
211035,Tpsb2,TPSB2
211055,Mia,MIA
211064,B4galnt1,B4GALNT1
211083,Flot2,FLOT2
211116,Wipi2,WIPI2
211136,Prss33,PRSS33
211143,Nhlh2,NHLH2
211148,Ube2t,UBE2T
211166,Siglece,SIGLEC8
211174,Katnb1,KATNB1
211202,Dhx32,DHX32
211210,Srgap2,SRGAP2
211228,Podxl2,PODXL2
211233,Caprin2,CAPRIN2
211321,Zfp324,ZNF324
211332,Fbln2,FBLN2
211350,Anxa11,ANXA11
211413,Ppp3ca,PPP3CA
211423,Kank2,KANK2
211466,Pex1,PEX1
211487,Folh1,FOLH1
211505,Drc3,DRC3
211545,Rsbn1,RSBN1
211551,Trdn,TRDN
211594,Gabrg1,GABRG1
211596,Sh3bgrl3,SH3BGRL3
211603,Gucy1a1,GUCY1A1
211649,Cenpf,CENPF
211660,Syf2,SYF2
211669,Mrps21,MRPS21
211683,Klc3,KLC3
211696,B4galt4,B4GALT4
211751,AU022252,C1orf50
211766,Tbc1d10b,TBC1D10B
211777,Tmed5,TMED5
211787,Nsl1,NSL1
211796,Atxn1l,ATXN1L
211803,Kctd5,KCTD5
211810,Rps9,RPS9
211843,Rpa2,RPA2
211854,Rexo5,REXO5
211885,Kcna4,KCNA4
211890,Ddx6,DDX6
211920,Fam171a2,FAM171A2
211929,Dtl,DTL
211943,Tnfsf12,TNFSF12
211964,Pdss2,PDSS2
211977,Rilp,RILP
211988,Nnt,NNT
212076,Mcm9,MCM9
212088,Lasp1,LASP1
212101,Ppp2r1a,PPP2R1A
212135,Cep162,CEP162
212143,Ywhae,YWHAE
212162,Nav1,NAV1
212191,Nsf,NSF
212221,Enpp4,ENPP4
212226,Ehmt2,EHMT2
212262,Pamr1,PAMR1
212275,Nbeal2,NBEAL2
212294,Pgls,PGLS
212304,Creb3l3,CREB3L3
212317,Atp6v0d1,ATP6V0D1
212344,Tfb2m,TFB2M
212353,Snca,SNCA
212387,B3gat3,B3GAT3
212396,Atad3a,ATAD3A
212410,Aldh18a1,ALDH18A1
212443,Lrrfip2,LRRFIP2
212764,Ints1,INTS1
212781,Ppp6r3,PPP6R3
212911,Nprl3,NPRL3
212987,Aldh3a1,ALDH3A1
213013,Hnrnpl,HNRNPL
213034,Phgdh,PHGDH
213072,Pdcd4,PDCD4
213103,Adam17,ADAM17
213136,Frg1,FRG1
213150,Sars2,SARS2
213170,Krt19,KRT19
213184,Trappc11,TRAPPC11
213203,Tsen54,TSEN54
213234,Rsph10b,RSPH10B
213248,Basp1,BASP1
213255,Zfp366,ZNF366
213260,Polk,POLK
213284,Fmnl1,FMNL1
213296,Mpc2,MPC2
213309,C1galt1,C1GALT1
213359,Samd4b,SAMD4B
213380,Bmi1,BMI1
213402,Wif1,WIF1
213413,Unc50,UNC50
213437,Golt1a,GOLT1A
213441,Rpl13a,RPL13A
213475,Enoph1,ENOPH1
213480,Ssbp3,SSBP3
213500,Ppat,PPAT
213507,Tob1,TOB1
213516,Rasa4,RASA4B
213526,Rap1b,RAP1B
213584,Msl1,MSL1
213596,Ift172,IFT172
213634,Spns2,SPNS2
213645,Marchf2,MARCHF2
213675,Gabrb2,GABRB2
213694,Tfec,TFEC
213707,Top3a,TOP3A
213731,Mmp23,MMP23B
213744,Nudt9,NUDT9
213760,Mgmt,MGMT
213806,Tes,TES
213828,Hook2,HOOK2
213868,Crebrf,CREBRF
213886,Wdr59,WDR59
213927,Fance,FANCE
213948,Ppa1,PPA1
213961,Gipc2,GIPC2
213969,Bend5,BEND5
213976,Taf15,TAF15
214004,Dpm3,DPM3
214009,Nucks1,NUCKS1
214015,Slc49a3,SLC49A3
214032,Wasf1,WASF1
214067,Creb5,CREB5
214083,Ppp6r1,PPP6R1
214123,Irf1,IRF1
214177,Sdc3,SDC3
214182,Bbip1,BBIP1
214200,Crocc,CROCC
214216,Lancl2,LANCL2
214226,Ociad1,OCIAD1
214304,Pfkp,PFKP
214333,Rabep1,RABEP1
214363,Traf7,TRAF7
214396,Orai2,ORAI2
214406,Ndst1,NDST1
214436,Gusb,GUSB
214485,Dr1,DR1
214489,Ddx20,DDX20
214523,Vgll2,VGLL2
214527,Ddx39b,DDX39B
214595,Ssbp2,SSBP2
214636,Firrm,FIRRM
214658,Bambi,BAMBI
214662,Acvr1,ACVR1
214714,Zfp9,ZNF25
214726,Opalin,OPALIN
214735,Pde1c,PDE1C
214750,Srr,SRR
214762,Nebl,NEBL
214800,Cog1,COG1
214815,Tnfaip8l1,TNFAIP8L1
214836,Rnf166,RNF166
214849,Eva1b,EVA1B
214853,Tsr1,TSR1
214865,E4f1,E4F1
214919,Tapbpl,TAPBPL
214935,Dennd10,DENND10
214952,Trp53i13,TP53I13
214973,Suox,SUOX
215031,Paox,PAOX
215046,Fcgrt,FCGRT
215108,Usp36,USP36
215140,Bcs1l,BCS1L
215216,Sgms1,SGMS1
215263,Mettl18,METTL18
215272,Spata17,SPATA17
215279,Baiap3,BAIAP3
215312,Tut4,TUT4
215338,Lmo3,LMO3
215396,Bak1,BAK1
215411,Asl,ASL
215475,Slc38a10,SLC38A10
215594,Dnajc1,DNAJC1
215608,2310011J03Rik,C19orf25
215630,Lpcat3,LPCAT3
215654,Rcan3,RCAN3
215667,Fkrp,FKRP
215708,Hps1,HPS1
215788,Ube2d2a,UBE2D2
215807,Toe1,TOE1
215817,Tlr6,TLR6
215820,Zfp518b,ZNF518B
215836,Trim26,TRIM26
215879,Clspn,CLSPN
215887,Ddit4l,DDIT4L
215891,Ctnna1,CTNNA1
215982,Gpm6a,GPM6A
216021,Plvap,PLVAP
216028,Nosip,NOSIP
216064,Plekha5,PLEKHA5
216134,Rad51c,RAD51C
216176,Xpo1,XPO1
216454,Nfkb1,NFKB1
216496,Slc16a3,SLC16A3
216523,Cfap206,CFAP206
216534,Sox13,SOX13
216557,Mog,MOG
216578,Vav1,VAV1
216592,Tstd1,TSTD1
216600,Kif17,KIF17
216611,Styk1,STYK1
216630,Primpol,PRIMPOL
216669,Ehbp1,EHBP1
216703,Cep350,CEP350
216731,Fbrsl1,FBRSL1
216757,Clasrp,CLASRP
216779,Tbc1d32,TBC1D32
216798,Stpg1,STPG1
216813,Nop14,NOP14
216823,Med8,MED8
216831,Spag9,SPAG9
216871,Pgam5,PGAM5
216878,Coa7,COA7
216881,Klhl7,KLHL7
216900,Cnn3,CNN3
216911,Ybx3,YBX3
216957,Rras,RRAS
216962,Ppt2,PPT2
216990,Tlr2,TLR2
217058,Mt3,MT3
217065,Maea,MAEA
217098,Osbpl6,OSBPL6
217160,Mettl26,METTL26
217189,Grm3,GRM3
217196,Cnn1,CNN1
217212,Orc5,ORC5
217232,Extl2,EXTL2
217251,Mob3a,MOB3A
217270,Ptpru,PTPRU
217285,Tsr3,TSR3
217291,Pgap2,PGAP2
217339,Mboat7,MBOAT7
217360,Slc39a5,SLC39A5
217405,Rrad,RRAD
217422,Nrcam,NRCAM
217454,Cdh10,CDH10
217459,Sh3d19,SH3D19
217503,Foxo3,FOXO3
217514,Dok3,DOK3
217535,Tpmt,TPMT
217553,Tpm4,TPM4
217594,B4galt7,B4GALT7
217610,Nt5c2,NT5C2
217672,Slf1,SLF1
217687,Gopc,GOPC
217699,E2f4,E2F4
217722,Atp6v0b,ATP6V0B
217737,Bcl2l14,BCL2L14
217760,Micu1,MICU1
217796,Nelfa,NELFA
217818,Fau,FAU
217833,Fgf18,FGF18
217835,Npr3,NPR3
217844,Evi5l,EVI5L
217870,Acd,ACD
217921,Map7,MAP7
217940,Tiprl,TIPRL
217945,Gdpd5,GDPD5
217979,Fam114a1,FAM114A1
217990,Fastkd3,FASTKD3
218000,Pmvk,PMVK
218008,Clptm1l,CLPTM1L
218035,Uck2,UCK2
218045,Naaa,NAAA
218058,Rasal1,RASAL1
218107,Slc38a7,SLC38A7
218134,Ank2,ANK2
218266,Egln2,EGLN2
218293,Acot7,ACOT7
218305,Calhm2,CALHM2
218340,Inpp5f,INPP5F
218367,Abca8b,ABCA8
218394,Eci1,ECI1
218407,Dnajc21,DNAJC21
218426,Dmwd,DMWD
218435,Sf3b4,SF3B4
218439,Stxbp5,STXBP5
218468,Nat14,NAT14
218483,Trpm4,TRPM4
218503,Capn9,CAPN9
218511,Zfp771,ZNF771
218520,Rab18,RAB18
218566,Nfat5,NFAT5
218589,Nit1,NIT1
218610,Jmy,JMY
218618,Cfap300,CFAP300
218626,Znrf2,ZNRF2
218631,Birc3,BIRC3
218639,Rasgef1c,RASGEF1C
218649,Crppa,CRPPA
218657,Gpam,GPAM
218672,Adck2,ADCK2
218691,Senp1,SENP1
218709,Ambra1,AMBRA1
218733,Cyp4b1,CYP4B1
218757,Gabrr1,GABRR1
218763,Gtf2h5,GTF2H5
218778,Rab23,RAB23
218798,Pik3cg,PIK3CG
218805,Cd320,CD320
218822,Slc38a1,SLC38A1
218935,Dmtf1,DMTF1
218989,Fbl,FBL
219017,P4ha3,P4HA3
219027,Amfr,AMFR
219050,Ubr2,UBR2
219059,Ap3m1,AP3M1
219087,Tlcd4,TLCD4
219103,Ackr3,ACKR3
219112,Marchf10,MARCHF10
219126,D130043K22Rik,KIAA0319
219136,Cobll1,COBLL1
219182,Slc35c1,SLC35C1
219187,Isl1,ISL1
219191,Tcea3,TCEA3
219213,Anapc15,ANAPC15
219285,Mettl22,METTL22
219317,Ltc4s,LTC4S
219327,Ecsit,ECSIT
219367,Camk2g,CAMK2G
219468,Lpcat1,LPCAT1
219480,Mprip,MPRIP
219503,Senp6,SENP6
219539,Ccnl2,CCNL2
219567,Cnot6,CNOT6
219577,Cfap119,CFAP119
219594,Fabp6,FABP6
219611,Atp2c2,ATP2C2
219639,Ppp2ca,PPP2CA
219657,Szrd1,SZRD1
219672,Adgrl1,ADGRL1
219682,Hspa4,HSPA4
219703,Fbxw9,FBXW9
219712,Tmem100,TMEM100
219744,Il27ra,IL27RA
219752,P4hb,P4HB
219836,Adgrl2,ADGRL2
219921,Stard10,STARD10
219973,Hmg20b,HMG20B
220004,Otx1,OTX1
220011,Usp39,USP39
220040,Rab14,RAB14
220052,Bicdl2,BICDL2
220067,Man2a1,MAN2A1
220083,Eme1,EME1
220097,Borcs8,BORCS8
220111,Pdxdc1,PDXDC1
220143,Sema3c,SEMA3C
220200,Cdc5l,CDC5L
220228,Rasip1,RASIP1
220241,Pacsin1,PACSIN1
220249,Neurl4,NEURL4
220265,Phip,PHIP
220285,B3gnt2,B3GNT2
220292,Sik3,SIK3
220322,Ppm1b,PPM1B
220347,Smg9,SMG9
220368,Krt7,KRT7
220392,Myot,MYOT
220403,Bag2,BAG2
220405,Phf10,PHF10
220417,Eln,ELN
220596,Slc30a5,SLC30A5
220615,Cdc37,CDC37
220640,Rffl,RFFL
220685,Irak4,IRAK4
220709,Aars2,AARS2
220719,Loxl3,LOXL3
220741,Pias4,PIAS4
220753,Skp1,SKP1
220780,Klhdc3,KLHDC3
220805,Zbtb7a,ZBTB7A
220823,Mlx,MLX
220842,Kcnk6,KCNK6
220846,R3hdm4,R3HDM4
220862,Dnajc14,DNAJC14
220872,Lcp2,LCP2
220895,Rpl6,RPL6
220932,Itgb4,ITGB4
220972,Pak4,PAK4
221043,Marchf3,MARCHF3
221055,Msh3,MSH3
221068,Capn13,CAPN13
221081,Ddb1,DDB1
221152,Pdpk1,PDPK1
221175,Popdc3,POPDC3
221190,Ager,AGER
221228,Dok1,DOK1
221248,Klhl41,KLHL41
221255,Bzw1,BZW1
221317,Skic3,SKIC3
221389,Axin1,AXIN1
221401,Commd3,COMMD3
221421,C1s1,C1S
221515,Tspan14,TSPAN14
221584,Lyrm1,LYRM1
221666,Man2b1,MAN2B1
221703,Sntb2,SNTB2
221710,Cmc2,CMC2
221742,Lyg1,LYG1
221750,Ube2f,UBE2F
221801,Cdh8,CDH8
221816,Fchsd1,FCHSD1
221831,Fuca2,FUCA2
221844,Dock7,DOCK7
221891,Git2,GIT2
221930,L3mbtl3,L3MBTL3
221954,Tmem219,TMEM219
221980,Cenpn,CENPN
221991,Pla2g12b,PLA2G12B
221997,Galnt10,GALNT10
222012,Gbf1,GBF1
222138,Ssbp4,SSBP4
222161,Zfp821,ZNF821
222199,Atg10,ATG10
222229,Uqcc2,UQCC2
222241,Pak1ip1,PAK1IP1
222251,Fam120b,FAM120B
222277,Ankrd27,ANKRD27
222305,Psd2,PSD2
222312,Hmgcr,HMGCR
222350,Rhot2,RHOT2
222386,Osr1,OSR1
222396,Lypd6,LYPD6
222404,Dll1,DLL1
222417,Rbm5,RBM5
222463,Tssc4,TSSC4
222485,Msh2,MSH2
222511,Nup88,NUP88
222555,Fyn,FYN
222637,Tkfc,TKFC
222674,Itgax,ITGAX
222683,Cstf3,CSTF3
222695,Cntnap4,CNTNAP4
222709,Ano4,ANO4
222744,Sbk2,SBK2
222748,Arhgap45,ARHGAP45
222770,Arcn1,ARCN1
222778,Kif1c,KIF1C
222811,Cast,CAST
222892,Dhodh,DHODH
222908,Frmd8,FRMD8
222922,Pomgnt2,POMGNT2
222934,Cbfb,CBFB
222953,Nme9,NME9
222964,Fggy,FGGY
223024,Zdhhc5,ZDHHC5
223044,Phkg2,PHKG2
223064,A2m,A2M
223094,Itih4,ITIH4
223170,Syt3,SYT3
223186,Bad,BAD
223204,Wdpcp,WDPCP
223227,Fstl3,FSTL3
223236,Cyb5r2,CYB5R2
223268,Kars1,KARS1
223288,Vcl,VCL
223307,Aldh3a2,ALDH3A2
223361,Akap8l,AKAP8L
223405,Calm2,CALM2
223422,Abcc1,ABCC1
223460,Cavin3,CAVIN3
223466,Gpr137,GPR137
223494,Pyroxd2,PYROXD2
223504,BC005537,C6orf62
223515,Zc3h15,ZC3H15
223535,Kat6b,KAT6B
223583,Robo4,ROBO4
223603,Calb2,CALB2
223611,Camk2n1,CAMK2N1
223614,Vsnl1,VSNL1
223665,Exo5,EXO5
223702,Adamtsl5,ADAMTSL5
223714,Ipcef1,IPCEF1
223734,Enpep,ENPEP
223742,Aspscr1,ASPSCR1
223771,Tnnt1,TNNT1
223798,Palmd,PALMD
223807,Xpo6,XPO6
223839,Gmeb1,GMEB1
223865,C1qtnf4,C1QTNF4
223869,Cers6,CERS6
223874,Naa40,NAA40
223890,Thnsl2,THNSL2
223908,Cdhr5,CDHR5
223943,Gpr162,GPR162
223962,Rab3b,RAB3B
223967,Prdm1,PRDM1
223978,Mfsd10,MFSD10
224008,Plekhh3,PLEKHH3
224025,Wnt2b,WNT2B
224033,Arid2,ARID2
224047,Cnnm3,CNNM3
224057,Rps6ka2,RPS6KA2
224079,Ints11,INTS11
224133,Inca1,INCA1
224153,Zfp174,ZNF174
224159,Tradd,TRADD
224171,Slc4a10,SLC4A10
224184,Csrnp2,CSRNP2
224203,Cog4,COG4
224235,Mmp19,MMP19
224251,Trp53,TP53
224290,Slc2a9,SLC2A9
224309,Strap,STRAP
224323,Rfc1,RFC1
224349,Xrcc5,XRCC5
224377,Paf1,PAF1
224391,Gpr182,GPR182
224396,Pa2g4,PA2G4
224413,Gmpr,GMPR
224426,Tmem135,TMEM135
224448,Edrf1,EDRF1
224464,Hsbp1,HSBP1
224477,Nlrc5,NLRC5
224509,Polr2e,POLR2E
224551,Osbpl11,OSBPL11
224560,Npy1r,NPY1R
224574,Grk4,GRK4
224587,Btnl9,BTNL9
224608,Lima1,LIMA1
224635,Dph3,DPH3
224641,Wdr43,WDR43
224693,Noc3l,NOC3L
224701,Mettl15,METTL15
224718,Lhfpl2,LHFPL2
224751,Cers4,CERS4
224851,Stx3,STX3
224866,Sult1c2,SULT1C2
224878,Myoz1,MYOZ1
224881,Nudcd2,NUDCD2
224893,Nup155,NUP155
224910,Smc3,SMC3
224930,Tbck,TBCK
224960,Cops7a,COPS7A
225012,Zfyve9,ZFYVE9
225022,Fhip1b,FHIP1B
225100,Senp2,SENP2
225166,Fbxl8,FBXL8
225176,Znrf1,ZNRF1
225200,Polr2g,POLR2G
225213,Vps35l,VPS35L
225257,Sgip1,SGIP1
225319,Cat,CAT
225339,Mcmbp,MCMBP
225355,Lemd2,LEMD2
225372,Slc25a28,SLC25A28
225384,Riok1,RIOK1
225396,Liph,LIPH
225410,Itgb1,ITGB1
225499,Npy5r,NPY5R
225517,Ctnnd1,CTNND1
225601,Nmu,NMU
225615,Brix1,BRIX1
225629,Apod,APOD
225639,Ripk1,RIPK1
225675,Topbp1,TOPBP1
225691,Dusp14,DUSP14
225710,Tmem63b,TMEM63B
225743,Uimc1,UIMC1
225767,Uba6,UBA6
225782,Itgae,ITGAE
225796,Slc25a16,SLC25A16
225809,Pbld1,PBLD
225851,Thbs4,THBS4
225862,Lars2,LARS2
225893,Bhlhe41,BHLHE41
225897,Chd4,CHD4
225966,Fbxo4,FBXO4
225978,Rab5c,RAB5C
226015,Bms1,BMS1
226030,Tnfrsf1b,TNFRSF1B
226044,Il15,IL15
226093,Unc5a,UNC5A
226098,Has1,HAS1
226104,Homer1,HOMER1
226112,Emp3,EMP3
226132,Slc29a1,SLC29A1
226249,Klhl12,KLHL12
226260,Lars1,LARS1
226308,Foxk2,FOXK2
226324,Prpf18,PRPF18
226396,2310022A10Rik,C19orf47
226413,Msto1,MSTO1
226448,Cpsf3,CPSF3
226459,St6galnac1,ST6GALNAC1
226472,Nomo1,NOMO1
226487,Ap3d1,AP3D1
226522,Acox1,ACOX1
226544,Spsb4,SPSB4
226554,Snx25,SNX25
226580,Acy1,ACY1
226633,Ptpn22,PTPN22
226654,Slc13a5,SLC13A5
226799,Map2k3,MAP2K3
226818,Ccdc102a,CCDC102A
226830,Cfap97,CFAP97
226845,Rpl34,RPL34
226870,Parn,PARN
226923,Palld,PALLD
226945,Ccdc57,CCDC57
226972,Slc2a5,SLC2A5
226985,Ogfod3,OGFOD3
227002,Hhip,HHIP
227013,Cc2d1b,CC2D1B
227037,Spint2,SPINT2
227059,Pdlim5,PDLIM5
227099,Itga2b,ITGA2B
227112,Hk3,HK3
227127,Zfp652,ZNF652
227143,Zfp146,ZNF146
227198,Spag7,SPAG7
227212,Klhdc8a,KLHDC8A
227242,Palm,PALM
227254,Hmgxb3,HMGXB3
227273,Zbtb4,ZBTB4
227288,Utp4,UTP4
227328,Mpnd,MPND
227342,Rasl10b,RASL10B
227350,Daw1,DAW1
227356,Hexd,HEXD
227382,Golga4,GOLGA4
227408,Sting1,STING1
227433,Uchl5,UCHL5
227474,Il6st,IL6ST
227506,Aldoc,ALDOC
227525,Rtbdn,RTBDN
227552,Dnai7,DNAI7
227572,Bin1,BIN1
227680,Nherf2,NHERF2
227695,Dhx34,DHX34
227705,Ltbr,LTBR
227732,Fam8a1,FAM8A1
227740,Pnkp,PNKP
227786,Carmil1,CARMIL1
227799,Cblb,CBLB
227830,Mvd,MVD
227853,Htra3,HTRA3
227860,Sh3pxd2b,SH3PXD2B
227868,Rab40b,RAB40B
227880,Pdik1l,PDIK1L
227889,Lrrn2,LRRN2
227903,Slc2a13,SLC2A13
227911,Cybc1,CYBC1
227986,Drgx,DRGX
227989,Cplx2,CPLX2
228006,Clcc1,CLCC1
228160,Dnajb12,DNAJB12
228232,Larp7,LARP7
228293,Usp15,USP15
228322,Pla2g15,PLA2G15
228346,Itga8,ITGA8
228351,Nr3c1,NR3C1
228381,Mrpl14,MRPL14
228405,Hnrnph3,HNRNPH3
228471,Nubp1,NUBP1
228561,Lin54,LIN54
228585,5730455P16Rik,C17orf75
228599,Igsf8,IGSF8
228622,Tom1l2,TOM1L2
228661,Vipr1,VIPR1
228694,Ogdhl,OGDHL
228740,Slc5a8,SLC5A8
228743,Dynll1,DYNLL1
228772,Tbl3,TBL3
228788,Ercc2,ERCC2
228815,Aadat,AADAT
228829,Tafa2,TAFA2
228848,Inpp5a,INPP5A
228865,Cop1,COP1
228912,Spsb2,SPSB2
228928,C7,C7
228957,Srsf9,SRSF9
228977,Myf6,MYF6
228979,Zcchc10,ZCCHC10
228998,Metap1,METAP1
229020,Zfp605,ZNF605
229037,Cacna1d,CACNA1D
229068,Gramd2b,GRAMD2B
229093,Slc16a7,SLC16A7
229126,5730480H06Rik,PACRGL
229209,Mfsd13a,MFSD13A
229235,Cyp4f15,CYP4F2
229304,Coq9,COQ9
229329,Tspan31,TSPAN31
229350,Septin8,SEPTIN8
229368,Dus1l,DUS1L
229393,Emp1,EMP1
229411,Snn,SNN
229430,Slc5a11,SLC5A11
229444,Ccdc91,CCDC91
229494,Cutc,CUTC
229598,Nup133,NUP133
229615,Rundc3a,RUNDC3A
229631,Plk2,PLK2
229650,Rgs11,RGS11
229660,Gabbr1,GABBR1
229681,Aldh16a1,ALDH16A1
229703,Tubg1,TUBG1
229724,Samd14,SAMD14
229737,Etf1,ETF1
229753,Pccb,PCCB
229789,Pigr,PIGR
229830,C1qtnf1,C1QTNF1
229862,Kctd15,KCTD15
229892,Zfp454,ZNF454
229901,Eif2b1,EIF2B1
229912,Oxct1,OXCT1
229931,Wipf2,WIPF2
229965,Fkbp4,FKBP4
229990,Lpar3,LPAR3
230002,Sae1,SAE1
230032,Ctcf,CTCF
230059,Gpsm2,GPSM2
230095,Dvl2,DVL2
230120,Glt1d1,GLT1D1
230132,Pik3r2,PIK3R2
230158,Anxa5,ANXA5
230193,Reps1,REPS1
230239,Pex5,PEX5
230313,Nup93,NUP93
230359,Fsd1,FSD1
230379,Dhrs11,DHRS11
230399,Cept1,CEPT1
230424,Pecam1,PECAM1
230466,Ushbp1,USHBP1
230479,Mobp,MOBP
230504,Cfd,CFD
230513,Prelp,PRELP
230518,Timm50,TIMM50
230540,Cep85,CEP85
230562,Smarce1,SMARCE1
230615,Ppp2r3a,PPP2R3A
230630,Wdr18,WDR18
230651,Nap1l4,NAP1L4
230731,Dmap1,DMAP1
230752,Cnep1r1,CNEP1R1
230767,Hsd17b11,HSD17B11
230781,Dync1li1,DYNC1LI1
230795,Dgkq,DGKQ
230804,Nsmce1,NSMCE1
230834,Tor1aip2,TOR1AIP2
230892,Snrk,SNRK
230910,Exoc1,EXOC1
230945,Cdr2,CDR2
230953,Zdhhc23,ZDHHC23
230965,S100a4,S100A4
230997,Ccr3,CCR3
231008,Lmln,LMLN
231024,Grem2,GREM2
231029,Fmo5,FMO5
231064,Cope,COPE
231109,Stat5b,STAT5B
231154,Pik3r4,PIK3R4
231165,Ptpre,PTPRE
231190,Rara,RARA
231212,Ndrg4,NDRG4
231281,Katna1,KATNA1
231304,Rpusd3,RPUSD3
231331,Ssx2ip,SSX2IP
231361,Atp11b,ATP11B
231377,Mthfd1l,MTHFD1L
231391,Slc39a12,SLC39A12
231396,Tbc1d9,TBC1D9
231402,Hif1an,HIF1AN
231410,Stk19,WHR1
231433,Papss1,PAPSS1
231450,Dgke,DGKE
231459,Tubgcp2,TUBGCP2
231513,Pi16,PI16
231527,Stx8,STX8
231540,Anks1,ANKS1A
231559,Ccdc13,CCDC13
231591,Slfn9,SLFN11
231639,Rassf1,RASSF1
231650,Fam193a,FAM193A
231665,Arhgap22,ARHGAP22
231682,Gp9,GP9
231688,Shmt1,SHMT1
231754,Dhx30,DHX30
231789,Cap1,CAP1
231882,Atl3,ATL3
231887,Rdx,RDX
231911,Rufy2,RUFY2
231934,Coro1c,CORO1C
231978,Dxo,DXO
232110,Zfp511,ZNF511
232119,Slc35b3,SLC35B3
232160,Mkx,MKX
232168,Slc43a3,SLC43A3
232230,Ier2,IER2
232237,Pik3cb,PIK3CB
232274,Yme1l1,YME1L1
232296,Tmem91,TMEM91
232323,Qrfpr,QRFPR
232328,Ap1ar,AP1AR
232339,Mybpc2,MYBPC2
232352,Pds5a,PDS5A
232388,Alg1,ALG1
232421,Larp4,LARP4
232459,Smim8,SMIM8
232482,AI467606,C16orf54
232484,Cep20,CEP20
232499,Adgrg6,ADGRG6
232515,Mastl,MASTL
232532,Prmt1,PRMT1
232578,Rusf1,RUSF1
232592,Plcl2,PLCL2
232597,Tmcc1,TMCC1
232643,Eno4,ENO4
232668,Bmerb1,BMERB1
232683,Upf2,UPF2
232697,Scnn1b,SCNN1B
232729,Dhx16,DHX16
232740,Pik3ca,PIK3CA
232755,Cd3g,CD3G
232764,Clpb,CLPB
232796,Hoga1,HOGA1
232802,Scgn,SCGN
232805,Sec23ip,SEC23IP
232848,Tgfb1,TGFB1
232856,Ccdc51,CCDC51
232877,Khdrbs2,KHDRBS2
232882,Hrc,HRC
232890,Rgl2,RGL2
232918,Rpain,RPAIN
232942,Eif3c,EIF3CL
232950,Hgd,HGD
232976,Rcc1l,RCC1L
232992,Rnf41,RNF41
233016,Ankrd24,ANKRD24
233032,Ift140,IFT140
233050,Scpep1,SCPEP1
233072,Hk1,HK1
233115,Coro1b,CORO1B
233141,Usp53,USP53
233159,Gna12,GNA12
233175,Hdgfl2,HDGFL2
233199,Ptges3,PTGES3
233212,Slc29a4,SLC29A4
233231,Meltf,MELTF
233244,Pafah2,PAFAH2
233264,Pgcka1,PGCKA1
233277,Amz2,AMZ2
233304,Slc9b2,SLC9B2
233334,Slc13a1,SLC13A1
233341,Rnf123,RNF123
233378,Tspan18,TSPAN18
233410,Telo2,TELO2
233443,Get4,GET4
233456,Zfp641,ZNF641
233477,Mrap2,MRAP2
233489,Cdk18,CDK18
233529,Bach2,BACH2
233545,Nostrin,NOSTRIN
233569,Smarcd2,SMARCD2
233605,Nabp2,NABP2
233620,Amz1,AMZ1
233640,Smarcad1,SMARCAD1
233654,Brpf3,BRPF3
233675,Asrgl1,ASRGL1
233697,Plin4,PLIN4
233708,Gimap8,GIMAP8
233718,Gars1,GARS1
233755,Cntn1,CNTN1
233770,Igflr1,IGFLR1
233797,Jhy,JHY
233811,Slc43a2,SLC43A2
233840,Cul2,CUL2
233903,Pdgfd,PDGFD
233907,Hyal4,HYAL4
233915,Rbm7,RBM7
233924,Fis1,FIS1
233941,Anapc4,ANAPC4
233975,Adgrf5,ADGRF5
234001,Tsen34,TSEN34
234018,Trp53i11,TP53I11
234067,Nup42,NUP42
234082,Ppm1g,PPM1G
234089,Atxn2,ATXN2
234169,Pip5k1c,PIP5K1C
234197,Sgca,SGCA
234229,Septin10,SEPTIN10
234257,Scin,SCIN
234271,Neto2,NETO2
234283,Dhcr7,DHCR7
234318,Gimap7,GIMAP7
234321,F11r,F11R
234329,Steap1,STEAP1
234338,N4bp1,N4BP1
234348,Calu,CALU
234373,Slc39a11,SLC39A11
234400,Vps9d1,VPS9D1
234619,Trmt1l,TRMT1L
234630,Adam11,ADAM11
234636,Mboat1,MBOAT1
234640,Nupr1,NUPR1
234646,Bckdha,BCKDHA
234665,Hsf4,HSF4
234701,Epb41l2,EPB41L2
234791,Traf5,TRAF5
234809,Echs1,ECHS1
234825,Prom1,PROM1
234868,Cep112,CEP112
234917,Rasgrp2,RASGRP2
234959,Ing5,ING5
234979,Klk12,KLK12
234988,Pcgf6,PCGF6
234996,Impdh1,IMPDH1
235021,Plk3,PLK3
235032,Slc7a6,SLC7A6
235060,1700019D03Rik,C2orf88
235077,Eef2,EEF2
235104,Vps8,VPS8
235148,Plxdc2,PLXDC2
235158,Cflar,CFLAR
235202,Gstm7,GSTM2
235224,Spn,SPN
235233,Mlkl,MLKL
235247,Dffa,DFFA
235255,Hoxb6,HOXB6
235265,Stn1,STN1
235292,Doc2b,DOC2B
235298,Dnaaf1,DNAAF1
235313,Usp22,USP22
235330,Lad1,LAD1
235345,Jsrp1,JSRP1
235356,Zfp655,ZNF655
235388,Zfp667,ZNF667
235420,Myh11,MYH11
235446,Cnnm2,CNNM2
235451,Tbc1d12,TBC1D12
235463,Rcor3,RCOR3
235491,Spata20,SPATA20
235535,Acaa1b,ACAA1
235595,Prrg2,PRRG2
235608,Mms19,MMS19
235655,Cops6,COPS6
235703,Thy1,THY1
235727,Clk1,CLK1
235745,Nr1h2,NR1H2
235787,Kdm2a,KDM2A
235803,Slc45a3,SLC45A3
235821,Rarg,RARG
235849,Klf7,KLF7
235868,Scrn1,SCRN1
235886,Tsen15,TSEN15
235907,Cxcr2,CXCR2
235920,Nod1,NOD1
235953,Dynlt4,DYNLT4
235964,Kansl3,KANSL3
236001,Clns1a,CLNS1A
236032,Rnf2,RNF2
236048,Fstl1,FSTL1
236067,Adipor1,ADIPOR1
236121,Rpn1,RPN1
236139,Clec4d,CLEC4D
236142,Hibadh,HIBADH
236161,Rfx4,RFX4
236175,Aatf,AATF
236208,Tmem144,TMEM144
236246,Gmppb,GMPPB
236265,Pak1,PAK1
236318,Mafg,MAFG
236338,Mfsd2a,MFSD2A
236354,Nkiras2,NKIRAS2
236374,Pdgfa,PDGFA
236382,Os9,OS9
236603,Rpl28,RPL28
236633,Tmem235,TMEM235
236640,Ciao1,CIAO1
236649,Igf2bp2,IGF2BP2
236678,Ace,ACE
236708,Lnpk,LNPK
236727,Mindy1,MINDY1
236761,Ccm2,CCM2
236802,Ptgir,PTGIR
236823,Napsa,NAPSA
236844,Mgst2,MGST2
236858,Zfp512,ZNF512
236871,Apbb2,APBB2
236948,Fam131c,FAM131C
236953,Rph3al,RPH3AL
237005,Tmem238,TMEM238
237007,Tuft1,TUFT1
237021,Myo9b,MYO9B
237046,Adcy3,ADCY3
237082,St6gal1,ST6GAL1
237153,Map3k8,MAP3K8
237171,Wee2,WEE2
237174,Hoxa3,HOXA3
237189,Ide,IDE
237233,Malsu1,MALSU1
237240,Ache,ACHE
237268,Slc35f2,SLC35F2
237278,Gstm4,GSTM4
237295,Tpk1,TPK1
237317,Tsku,TSKU
237333,Fcsk,FCSK
237356,Ptpn5,PTPN5
237370,Dedd,DEDD
237428,Apoc2,APOC2
237449,Erlin1,ERLIN1
237453,Mrps12,MRPS12
237462,Ddx21,DDX21
237480,Mcrip1,MCRIP1
237514,Lig1,LIG1
237580,Znhit1,ZNHIT1
237586,Afg2a,AFG2A
237596,P2ry12,P2RY12
237601,Ccdc191,CCDC191
237614,Ndufs1,NDUFS1
237647,Tmem176b,TMEM176B
237735,Gucy1b1,GUCY1B1
237753,A330040F15Rik,FAM111A
237903,Mustn1,MUSTN1
237906,Ndel1,NDEL1
237942,Tmem39a,TMEM39A
237966,Pih1d2,PIH1D2
237979,Zfp672,ZNF672
238003,Mitf,MITF
238131,Trim5,TRIM5
238147,Taf1c,TAF1C
238193,Bmal2,BMAL2
238206,Pmp22,PMP22
238250,Oat,OAT
238282,Tmem131l,TMEM131L
238310,Plekha6,PLEKHA6
238375,Bmal1,BMAL1
238444,Actr1a,ACTR1A
238463,Bicdl1,BICDL1
238483,Nudt13,NUDT13
238494,Lmbr1,LMBR1
238533,Lgals3bp,LGALS3BP
238574,Eps8,EPS8
238624,Gdi2,GDI2
238645,Ncoa7,NCOA7
238662,Zdhhc1,ZDHHC1
238678,Plcd1,PLCD1
238696,Tjap1,TJAP1
238772,Fxyd7,FXYD7
238781,Casp3,CASP3
238813,Gps1,GPS1
238873,Kptn,KPTN
238885,Zmynd11,ZMYND11
238972,Msln,MSLN
239040,Nmrk2,NMRK2
239062,Irf5,IRF5
239096,Zfp566,ZNF566
239138,Rpl37a,RPL37A
239156,Kat2b,KAT2B
239164,Gmfg,GMFG
239178,Cyp1b1,CYP1B1
239191,Rfx5,RFX5
239223,Actrt3,ACTRT3
239225,Itih3,ITIH3
239239,Zfp36l2,ZFP36L2
239243,Pcgf1,PCGF1
239257,Ush1c,USH1C
239269,Ddx51,DDX51
239282,Ercc1,ERCC1
239354,Mto1,MTO1
239436,Dnajb6,DNAJB6
239487,Rab35,RAB35
239498,Pfkfb4,PFKFB4
239519,Rev1,REV1
239549,Lpar5,LPAR5
239582,Stk38l,STK38L
239606,Otub1,OTUB1
239620,Pi4kb,PI4KB
239669,Kcnj5,KCNJ5
239678,Amotl1,AMOTL1
239687,Cd163,CD163
239709,Slc35b1,SLC35B1
239736,Mcam,MCAM
239764,Rpsa,RPSA
239804,Limd2,LIMD2
239830,Tmem176a,TMEM176A
239896,Armc7,ARMC7
239902,Cldn18,CLDN18
239907,Rundc1,RUNDC1
239913,Mettl24,METTL24
239916,Vps54,VPS54
239930,B4galnt2,B4GALNT2
239935,Thbs2,THBS2
239961,Prpf40b,PRPF40B
239989,Nde1,NDE1
240025,Plod2,PLOD2
240066,Ltbp4,LTBP4
240123,Anapc11,ANAPC11
240185,Ncapd3,NCAPD3
240220,Ubr3,UBR3
240233,Prep,PREP
240244,Atp5mf,ATP5MF
240265,Lmf1,LMF1
240283,Dcaf6,DCAF6
240356,Pdcd10,PDCD10
240404,Wdr91,WDR91
240429,Gas8,GAS8
240454,Mgst1,MGST1
240504,Clip4,CLIP4
240562,Prss8,PRSS8
240569,Filip1,FILIP1
240576,Pex6,PEX6
240590,Sstr5,SSTR5
240599,Trim50,TRIM50
240604,Slc12a4,SLC12A4
240638,Lrrc32,LRRC32
240649,C2cd5,C2CD5
240701,Cd36,CD36
240821,Wdr74,WDR74
240841,Nt5c,NT5C
240859,Ppan,PPAN
240875,Serpinb9c,SERPINB9
240939,Myo18a,MYO18A
240971,Vps26b,VPS26B
240983,Ddah2,DDAH2
241004,Cdc42ep5,CDC42EP5
241009,Zfp787,ZNF787
241019,Gpr108,GPR108
241046,Rcor2,RCOR2
241055,B4galnt4,B4GALNT4
241064,Stk38,STK38
241072,H2-DMa,HLA-DMA
241094,Mical1,MICAL1
241149,Ext2,EXT2
241181,Dnajb11,DNAJB11
241192,Rad18,RAD18
241204,Zfp583,ZNF583
241247,Kcnn4,KCNN4
241262,Hmox2,HMOX2
241315,Adipoq,ADIPOQ
241319,Ttc21a,TTC21A
241345,Clptm1,CLPTM1
241364,Vtn,VTN
241378,Galnt18,GALNT18
241394,Nceh1,NCEH1
241402,Pigs,PIGS
241441,Abcc5,ABCC5
241464,Dkk3,DKK3
241532,Zfp444,ZNF444
241579,Dhx58,DHX58
241599,Ckm,CKM
241617,Mmadhc,MMADHC
241631,Pglyrp2,PGLYRP2
241645,Pdia2,PDIA2
241657,Zkscan2,ZKSCAN2
241662,Actg1,ACTG1
241706,Arrdc2,ARRDC2
241730,Tbc1d24,TBC1D24
241747,Rmdn2,RMDN2
241774,Tgfb1i1,TGFB1I1
241797,Pold1,POLD1
241841,Paqr7,PAQR7
241845,Dcp1a,DCP1A
241863,Mapkapk2,MAPKAPK2
241887,Taf6l,TAF6L
241912,Slc35g2,SLC35G2
241924,Arhgef16,ARHGEF16
241936,Eif4a2,EIF4A2
241976,Rnf103,RNF103
241986,Stat2,STAT2
242036,Farp2,FARP2
242069,Fbxo3,FBXO3
242084,Hdac1,HDAC1
242105,Spsb3,SPSB3
242133,Cops3,COPS3
242166,Bco2,BCO2
242208,Zdhhc14,ZDHHC14
242227,Uap1,UAP1
242258,Ltv1,LTV1
242265,Gorasp1,GORASP1
242344,Jmjd8,JMJD8
242373,Mtch1,MTCH1
242417,Emg1,EMG1
242431,Ssb,SSB
242453,Tcf19,TCF19
242471,Adcy6,ADCY6
242498,Ptk7,PTK7
242531,Stard7,STARD7
242546,Picalm,PICALM
242600,Armh1,ARMH1
242629,Espl1,ESPL1
242640,Stub1,STUB1
242657,Slc2a4,SLC2A4
242665,B3gnt5,B3GNT5
242691,Atp2b4,ATP2B4
242703,Rel,REL
242716,Myl4,MYL4
242746,Acap2,ACAP2
242777,Etnk1,ETNK1
242793,Polr3e,POLR3E
242829,Rita1,RITA1
242843,Eif2ak2,EIF2AK2
242870,Poldip2,POLDIP2
242882,Atp2b1,ATP2B1
242905,Rfx2,RFX2
242940,Smyd4,SMYD4
242952,Golph3l,GOLPH3L
242961,Slfnl1,SLFNL1
242975,Rbfox3,RBFOX3
243014,Ift122,IFT122
243143,Capzb,CAPZB
243169,Slc17a7,SLC17A7
243177,Dpy19l2,DPY19L2
243198,Kcnab3,KCNAB3
243355,Lgals12,LGALS12
243366,Sars1,SARS1
243389,Tnfaip1,TNFAIP1
243403,Ccdc170,CCDC170
243411,Suclg1,SUCLG1
243429,Cmtr2,CMTR2
243445,Zbtb16,ZBTB16
243499,Qrsl1,QRSL1
243508,Tomm70a,TOMM70
243516,Spg7,SPG7
243622,Abcf1,ABCF1
243642,Anapc7,ANAPC7
243667,Sugp1,SUGP1
243692,Supt6,SUPT6H
243715,Lmcd1,LMCD1
243727,Sestd1,SESTD1
243750,Acat1,ACAT1
243791,Top2b,TOP2B
243821,Tor3a,TOR3A
243835,Cep68,CEP68
243878,Cacna2d1,CACNA2D1
243896,Tarbp1,TARBP1
243916,Unc93b1,UNC93B1
243931,Gpr155,GPR155
243950,Cpm,CPM
243976,Stap2,STAP2
244018,Ssh3,SSH3
244046,Snx9,SNX9
244073,Ovgp1,OVGP1
244078,Sec22b,SEC22B
244106,Ermard,ERMARD
244152,Lta4h,LTA4H
244174,Brinp2,BRINP2
244188,Zfp398,ZNF398
244194,Dld,DLD
244217,Ttc13,TTC13
244246,Arpc4,ARPC4
244259,Higd1b,HIGD1B
244269,Prdm11,PRDM11
244276,Rab17,RAB17
244292,Ctsw,CTSW
244303,Prpsap2,PRPSAP2
244379,Tada3,TADA3
244400,Yjefn3,YJEFN3
244410,Wtap,WTAP
244422,Elmod1,ELMOD1
244431,Pnpt1,PNPT1
244455,Hmbs,HMBS
244501,Lsm14a,LSM14A
244522,Edn1,EDN1
244560,Ephb3,EPHB3
244566,Prkcb,PRKCB
244585,Tnfaip3,TNFAIP3
244602,Upp1,UPP1
244634,Psmd6,PSMD6
244697,Sirt6,SIRT6
244714,Myl3,MYL3
244767,Emc8,EMC8
244780,Urb2,URB2
244787,Itgb7,ITGB7
244807,Gprc5b,GPRC5B
244828,Isg15,ISG15
244832,Ggps1,GGPS1
244855,Gamt,GAMT
244869,Sv2a,SV2A
244876,Ripor1,RIPOR1
244916,Bcap29,BCAP29
244941,Slmap,SLMAP
244999,Isyna1,ISYNA1
245031,Pla2g4a,PLA2G4A
245039,Etfbkmt,ETFBKMT
245052,Atg13,ATG13
245154,Sppl3,SPPL3
245169,Rala,RALA
245187,Tgfbr3,TGFBR3
245216,Abcd2,ABCD2
245219,Mpv17,MPV17
245256,Tmem263,TMEM263
245281,Safb,SAFB
245341,Vipr2,VIPR2
245350,Eea1,EEA1
245357,Tfr2,TFR2
245441,Usp30,USP30
245461,Lrrc46,LRRC46
245467,Myh10,MYH10
245524,Itgb1bp1,ITGB1BP1
245600,Ikbke,IKBKE
245615,Arhgdig,ARHGDIG
245622,Ube3b,UBE3B
245641,Acsf3,ACSF3
245664,Smco1,SMCO1
245668,Xirp1,XIRP1
245673,Csrnp1,CSRNP1
245702,Tsen2,TSEN2
245771,Gstm5,GSTM3
245778,Pmm2,PMM2
245814,Fbxl2,FBXL2
245839,Nfasc,NFASC
245868,Adat1,ADAT1
245882,Capn15,CAPN15
245904,Azi2,AZI2
245930,Slc5a7,SLC5A7
245933,Bbs2,BBS2
246049,Kdelr2,KDELR2
246061,Ecel1,ECEL1
246072,Kcnc2,KCNC2
246084,Fblim1,FBLIM1
246158,Hbp1,HBP1
246197,Cox17,COX17
246213,Noc4l,NOC4L
246229,Slc27a1,SLC27A1
246261,Sfmbt1,SFMBT1
246281,Strn,STRN
246290,Cox14,COX14
246296,Arl6ip4,ARL6IP4
246380,Mtmr14,MTMR14
246408,Etfb,ETFB
246424,Gls,GLS
246592,Fam133b,FAM133B
246610,Hlx,HLX
246614,Prkaca,PRKACA
246631,Ncoa1,NCOA1
246692,Rela,RELA
246723,Ilf3,ILF3
246758,Ahctf1,AHCTF1
246769,Ldaf1,LDAF1
246798,Scarf1,SCARF1
246811,Zcwpw1,ZCWPW1
246837,Ogfod1,OGFOD1
246853,Serpini1,SERPINI1
246871,Retreg3,RETREG3
246887,Fxyd2,FXYD2
246904,Myog,MYOG
246907,Dram2,DRAM2
246970,Gosr1,GOSR1
246985,Terf2,TERF2
247000,Cacna2d3,CACNA2D3
247012,Clcn1,CLCN1
247018,Acsm3,ACSM3
247072,Bbs5,BBS5
247082,Eef1g,EEF1G
247106,Senp7,SENP7
247127,Sp4,SP4
247133,Sec14l1,SEC14L1
247169,Sirt4,SIRT4
247178,Gtpbp10,GTPBP10
247195,Iffo2,IFFO2
247199,Greb1,GREB1
247211,Wsb2,WSB2
247227,Fam76a,FAM76A
247238,Mphosph9,MPHOSPH9
247271,Harbi1,HARBI1
247283,Col1a2,COL1A2
247302,Fchsd2,FCHSD2
247326,Heatr5b,HEATR5B
247344,Cryz,CRYZ
247393,Gnb4,GNB4
247409,Ethe1,ETHE1
247425,Ppp1r12a,PPP1R12A
247450,Rrp9,RRP9
247461,Colgalt1,COLGALT1
247476,Tbrg1,TBRG1
247490,Kxd1,KXD1
247545,Hrh1,HRH1
247560,Plekhb2,PLEKHB2
247596,Elmo3,ELMO3
247615,Pth1r,PTH1R
247642,Nlk,NLK
247651,Chst1,CHST1
247679,Fastk,FASTK
247712,Mief2,MIEF2
247729,Stt3a,STT3A
247770,Pced1b,PCED1B
247798,Rai1,RAI1
247807,Galnt6,GALNT6
247839,Slc25a39,SLC25A39
247892,Lat,LAT
247910,Nub1,NUB1
247951,Plppr2,PLPPR2
247962,Icmt,ICMT
247968,C3ar1,C3AR1
247973,Thumpd1,THUMPD1
247982,Mecr,MECR
248003,Nop2,NOP2
248041,Smarca4,SMARCA4
248143,Nfe2l2,NFE2L2
248210,Mmp15,MMP15
248219,Phf7,PHF7
248235,Dnaja3,DNAJA3
248254,Prdm10,PRDM10
248265,Csf3r,CSF3R
248289,Colq,COLQ
248349,Ndc1,NDC1
248367,Dcakd,DCAKD
248407,Stat1,STAT1
248457,Gtf2e1,GTF2E1
248480,P2ry6,P2RY6
248508,Mettl27,METTL27
248516,Snx13,SNX13
248543,Zxdc,ZXDC
248553,Pfas,PFAS
248600,Rplp2,RPLP2
248625,Odf2l,ODF2L
248666,Phf21a,PHF21A
248732,Zbtb20,ZBTB20
249092,Asgr2,ASGR2
249176,Gnai1,GNAI1
249215,Amigo2,AMIGO2
249247,Twf1,TWF1
249263,Hnrnpu,HNRNPU
249307,Cpvl,CPVL
249347,Vstm5,VSTM5
249351,Nxpe4,NXPE4
249362,Slc41a2,SLC41A2
249433,Dgat2,DGAT2
249447,Zfp664,ZNF664
249507,Wnt11,WNT11
249525,Tspan32,TSPAN32
249545,Fhod1,FHOD1
249571,Tspan8,TSPAN8
249594,Gga3,GGA3
249631,Zfp786,ZNF786
249645,Elf5,ELF5
249654,Ccdc92,CCDC92
249711,Ddx56,DDX56
249731,Slc35f5,SLC35F5
249758,Brms1,BRMS1
249774,Golim4,GOLIM4
249793,Zc3h18,ZC3H18
249816,Rapgef3,RAPGEF3
249845,Ndufs3,NDUFS3
249870,Ptgfr,PTGFR
249878,Ensa,ENSA
249898,Trim54,TRIM54
249913,Ahcyl2,AHCYL2
249931,Rtn3,RTN3
249964,Nbr1,NBR1
249994,Atp1a1,ATP1A1
250016,Cmtm3,CMTM3
250041,Gmppa,GMPPA
250123,Slc26a6,SLC26A6
250162,Sptbn2,SPTBN2
250184,Foxp2,FOXP2
250232,Cdh15,CDH15
250238,Lbr,LBR
250268,6430548M08Rik,KIAA0513
250279,Cdon,CDON
250305,Amhr2,AMHR2
250315,Spire2,SPIRE2
250329,Gpatch3,GPATCH3
250333,Fmo2,FMO2
250343,Anapc5,ANAPC5
250386,Lonp2,LONP2
250399,Sema4f,SEMA4F
250416,Mtmr4,MTMR4
250428,Tanc1,TANC1
250480,Lrp8,LRP8
250558,Fnbp4,FNBP4
250577,Cep19,CEP19
250590,Abca3,ABCA3
250605,Nol11,NOL11
250626,Pld1,PLD1
250651,Eps8l2,EPS8L2
250705,Ntsr2,NTSR2
250707,Plscr3,PLSCR3
250742,Nif3l1,NIF3L1
250770,Smpd4,SMPD4
250802,Lum,LUM
250808,Mlf2,MLF2
250830,Osbpl10,OSBPL10
250854,Jup,JUP
250898,Clec5a,CLEC5A
250910,Gpr22,GPR22
250916,Arpc1a,ARPC1A
250933,Chdh,CHDH
250981,Tollip,TOLLIP
250999,Cyba,CYBA
251018,Ccr9,CCR9
251025,Insc,INSC
251039,Acad9,ACAD9
251079,Irx5,IRX5
251084,Eepd1,EEPD1
251094,Cyld,CYLD
251149,Sart3,SART3
251188,Sfrp4,SFRP4
251194,Cct6a,CCT6A
251218,Mlph,MLPH
251282,Lrrn4cl,LRRN4CL
251284,Zfp575,ZNF575
251310,Slc36a4,SLC36A4
251320,Rab4b,RAB4B
251336,Slc35a5,SLC35A5
251357,Bltp2,BLTP2
251457,Bcat2,BCAT2
251512,Tmem94,TMEM94
251576,Grm5,GRM5
251582,Apeh,APEH
251622,Pthlh,PTHLH
251635,Dram1,DRAM1
251647,Men1,MEN1
251689,Denr,DENR
251701,Foxj2,FOXJ2
251728,Tmem116,TMEM116
251763,Klhl20,KLHL20
251773,Ctsd,CTSD
251798,Abcb1a,ABCB1
251842,Atg4c,ATG4C
251875,Ifi30,IFI30
251881,Cdk17,CDK17
251906,Snapc2,SNAPC2
251915,Tecr,TECR
251956,Prmt3,PRMT3
251969,Boc,BOC
252022,Trafd1,TRAFD1
252052,St14,ST14
252166,Lypd6b,LYPD6B
252192,Bsdc1,BSDC1
252227,Rundc3b,RUNDC3B
252244,Slc15a4,SLC15A4
252263,Trim21,TRIM21
252268,Wiz,WIZ
252290,Mettl21a,METTL21A
252312,Pak2,PAK2
252324,Fermt3,FERMT3
252369,Nat9,NAT9
252435,Cobl,COBL
252461,Adgrd1,ADGRD1
252483,Mgll,MGLL
252504,Il18r1,IL18R1
252519,Yipf2,YIPF2
252559,Imp4,IMP4
252583,Cep15,CEP15
252591,Myo7a,MYO7A
252606,Hjv,HJV
252616,Zfp148,ZNF148
252667,Cplane2,CPLANE2
252670,S1pr1,S1PR1
252680,Mcoln2,MCOLN2
252692,Slc13a2,SLC13A2
252704,Fndc4,FNDC4
252710,Memo1,MEMO1
252730,Pink1,PINK1
252747,Cers5,CERS5
252780,Ccdc136,CCDC136
252812,Cdk5r1,CDK5R1
252819,Def8,DEF8
252869,Tmod4,TMOD4
252882,Gtf3c3,GTF3C3
252904,Strada,STRADA
252981,Shfl,SHFL
252999,Sdsl,SDSL
253030,Dpp3,DPP3
253061,Ephx1,EPHX1
253134,Dync2i1,DYNC2I1
253148,Olfm2,OLFM2
253156,Capg,CAPG
253209,Ssr3,SSR3
253222,Zfp558,ZNF558
253246,Asic1,ASIC1
253260,Rabgef1,RABGEF1
253304,Lamb2,LAMB2
253353,Klk6,KLK6
253361,Ubc,UBC
253380,Rgl3,RGL3
253408,Rnf34,RNF34
253424,Rpl3l,RPL3L
253439,Scarb1,SCARB1
253484,Mapk3,MAPK3
253501,Tmem248,TMEM248
253532,Cars1,CARS1
253558,Hps3,HPS3
253576,Cdk6,CDK6
253588,Cox4i1,COX4I1
253622,Sbds,SBDS
253639,Scamp3,SCAMP3
253675,Llgl2,LLGL2
253729,Gfm1,GFM1
253752,Agap3,AGAP3
253780,Rogdi,ROGDI
253810,Ubxn11,UBXN11
253830,Rimbp2,RIMBP2
253850,Scap,SCAP
253893,Tnni3k,TNNI3K
253904,Yipf4,YIPF4
253911,Ramp1,RAMP1
253918,Pradc1,PRADC1
253922,Trpt1,TRPT1
253988,Pyroxd1,PYROXD1
254003,Agrp,AGRP
254006,Insig2,INSIG2
254022,Dnaja2,DNAJA2
254030,Atg4b,ATG4B
254070,Crlf1,CRLF1
254080,Gigyf1,GIGYF1
254102,Pigq,PIGQ
254139,Ecm1,ECM1
254154,Zfp426,ZNF426
254171,Homer3,HOMER3
254191,Ptpmt1,PTPMT1
254201,Trpc6,TRPC6
254211,Gapdh,GAPDH
254331,B4galt3,B4GALT3
254387,Cd47,CD47
254405,Tnpo3,TNPO3
254431,Lsp1,LSP1
254460,Hemk1,HEMK1
254491,Klhdc4,KLHDC4
254537,Irgq,IRGQ
254542,Fiz1,FIZ1
254558,Zfp524,ZNF524
254566,Efemp1,EFEMP1
254620,Zdhhc3,ZDHHC3
254649,Cachd1,CACHD1
254660,Tmigd1,TMIGD1
254664,Rps2,RPS2
254696,Rhbdf2,RHBDF2
254731,Padi2,PADI2
254742,6430571L13Rik,C3orf18
254770,Zbtb44,ZBTB44
254784,Hpcal4,HPCAL4
254794,Slc49a4,SLC49A4
254800,Srsf10,SRSF10
254821,Sigirr,SIGIRR
254861,Rhoa,RHOA
254893,Lrrn3,LRRN3
254899,Recql,RECQL
254915,Agk,AGK
254955,AA986860,C1orf116
254960,Kbtbd4,KBTBD4
254972,Slc39a1,SLC39A1
254997,Usp13,USP13
255074,D2hgdh,D2HGDH
255112,Ucp3,UCP3
255117,Slc25a19,SLC25A19
255162,Cluap1,CLUAP1
255181,Slc6a13,SLC6A13
255195,Ntng1,NTNG1
255207,Hinfp,HINFP
255240,2310033P09Rik,C1orf35
255249,Mvk,MVK
255273,Mfsd4a,MFSD4A
255290,Edc4,EDC4
255321,Kpna4,KPNA4
255340,Meis1,MEIS1
255365,Tnks1bp1,TNKS1BP1
255381,Dhrs3,DHRS3
255396,Vsig10,VSIG10
255412,Cdk14,CDK14
255440,Csrp2,CSRP2
255467,Psmd13,PSMD13
255496,Creb3l4,CREB3L4
255542,Iqcg,IQCG
255566,Galk1,GALK1
255586,Ubxn2a,UBXN2A
255613,Lrrc23,LRRC23
255633,Pcyt2,PCYT2
255674,Glt8d1,GLT8D1
255716,Ccdc93,CCDC93
255734,Kcnh3,KCNH3
255740,Kbtbd3,KBTBD3
255756,Chchd2,CHCHD2
255761,Nell1,NELL1
255776,Iqcd,IQCD
255818,Nutf2,NUTF2
255847,Ddc,DDC
255887,Ces1g,CES1
256192,Gltp,GLTP
256201,Nagk,NAGK
256234,Tctn2,TCTN2
256245,Abcb10,ABCB10
256268,Rerg,RERG
256416,Slc6a12,SLC6A12
256449,Ppig,PPIG
256482,Jam3,JAM3
256496,Cpn2,CPN2
256513,Aldh1l1,ALDH1L1
256561,Mutyh,MUTYH
256671,Pik3c2a,PIK3C2A
256684,Fam124b,FAM124B
256688,Rtn4,RTN4
256706,Fdx1,FDX1
256709,Adm,ADM
256723,Pphln1,PPHLN1
256787,Carns1,CARNS1
256803,Psmd12,PSMD12
256821,Vkorc1l1,VKORC1L1
256829,Lmo1,LMO1
256845,Cycs,CYCS
256856,Slc37a2,SLC37A2
256863,Amph,AMPH
256879,Otop3,OTOP3
256881,Gngt2,GNGT2
256894,Dnajc4,DNAJC4
256917,Asb3,ASB3
256949,Snf8,SNF8
256973,Accs,ACCS
256992,Iho1,IHO1
256999,Glod4,GLOD4
257025,Nudcd3,NUDCD3
257039,Rad54l2,RAD54L2
257056,Mrgprf,MRGPRF
257066,Ndufv1,NDUFV1
257109,Ogdh,OGDH
257165,Cenpt,CENPT
257206,Ilkap,ILKAP
257232,Mrpl38,MRPL38
257258,Zbtb38,ZBTB38
257315,Car4,CA4
257329,Plekhg6,PLEKHG6
257350,Slc16a6,SLC16A6
257356,Abca5,ABCA5
257373,Rab3il1,RAB3IL1
257387,Ccnl1,CCNL1
257416,Usp7,USP7
257445,Aamp,AAMP
257466,Hyou1,HYOU1
257514,Grap,GRAP
257521,Slc11a2,SLC11A2
257569,Ccdc66,CCDC66
257605,Gcgr,GCGR
257641,Zfp668,ZNF668
257661,Qpct,QPCT
257672,Banp,BANP
257768,Socs5,SOCS5
257780,Anapc13,ANAPC13
257800,Slc8a1,SLC8A1
257837,Wdr49,WDR49
257852,Dars1,DARS1
257871,Slc33a1,SLC33A1
257885,Sema3f,SEMA3F
257901,Ube2g1,UBE2G1
257925,Erlec1,ERLEC1
257982,Naa25,NAA25
257993,Git1,GIT1
258021,Col6a3,COL6A3
258046,Gpr85,GPR85
258055,Tmem52b,TMEM52B
258068,Copg1,COPG1
258097,AW209491,C7orf25
258106,Cyp51,CYP51A1
258115,Pptc7,PPTC7
258123,Acss3,ACSS3
258139,Lat2,LAT2
258162,Crebl2,CREBL2
258166,Galnt9,GALNT9
258178,Eml3,EML3
258219,Kctd6,KCTD6
258233,Mettl1,METTL1
258243,Galnt15,GALNT15
258258,Myo1a,MYO1A
258272,Fads6,FADS6
258278,Dhx8,DHX8
258291,Poglut1,POGLUT1
258307,Stk39,STK39
258318,Nrf1,NRF1
258350,Srprb,SRPRB
258357,Ciita,CIITA
258384,Chrd,CHRD
258407,P2rx4,P2RX4
258431,Unc45b,UNC45B
258453,Galnt13,GALNT13
258477,Ncf2,NCF2
258498,Stxbp3,STXBP3
258515,Aass,AASS
258550,Sdhaf2,SDHAF2
258568,Camk1,CAMK1
258583,Nup107,NUP107
258612,Nlrx1,NLRX1
258637,Ppil3,PPIL3
258691,Kctd13,KCTD13
258708,Cntn3,CNTN3
258713,Crb1,CRB1
258726,Thpo,THPO
258741,Dus2,DUS2
258795,Cldn16,CLDN16
258848,Prdx5,PRDX5
258866,Clcn2,CLCN2
258899,Il12rb2,IL12RB2
258920,Tecpr1,TECPR1
258947,Fam20a,FAM20A
258960,Pde3b,PDE3B
258978,Usp37,USP37
259000,Pnpo,PNPO
259019,Myl2,MYL2
259045,Tac1,TAC1
259053,Plekhm1,PLEKHM1
259083,Mettl6,METTL6
259100,Spon1,SPON1
259105,Adcyap1r1,ADCYAP1R1
259119,Slc6a20b,SLC6A20
259139,Fez1,FEZ1
259185,Cacng1,CACNG1
259187,Myh1,MYH1
259198,Fam107a,FAM107A
259232,Ergic2,ERGIC2
259255,Ptpn12,PTPN12
259274,Polr2h,POLR2H
259298,Ppp1r1c,PPP1R1C
259312,Iws1,IWS1
259327,Tnn,TNN
259332,Fmnl3,FMNL3
259343,Kpna1,KPNA1
259360,Vmp1,VMP1
259400,Apip,APIP
259413,Mertk,MERTK
259419,Rnasel,RNASEL
259423,Asic3,ASIC3
259433,Dpep2,DPEP2
259475,Glmn,GLMN
259494,Itga6,ITGA6
259512,Fli1,FLI1
259527,Samd9l,SAMD9L
259537,Ei24,EI24
259574,Ogfod2,OGFOD2
259600,Pdhb,PDHB
259619,Sun1,SUN1
259820,Epn3,EPN3
259845,Fam234a,FAM234A
259950,Ccdc80,CCDC80
259961,Plbd2,PLBD2
259973,Chi3l1,CHI3L1
259988,Slc6a4,SLC6A4
260002,Galnt5,GALNT5
260008,Rab21,RAB21
260013,Hcls1,HCLS1
260031,Gcc2,GCC2
260061,Pxn,PXN
260107,S100a14,S100A14
260115,Galm,GALM
260129,Lefty1,LEFTY1
260137,Gata2,GATA2
260167,Spsb1,SPSB1
260178,Capn10,CAPN10
260207,Trim11,TRIM11
260239,Stimate,STIMATE
260248,Rab34,RAB34
260318,Fxr1,FXR1
260354,Capn2,CAPN2
260376,Foxred1,FOXRED1
260435,Nr1h3,NR1H3
260513,Chmp3,CHMP3
260525,Ndufaf7,NDUFAF7
260545,Arhgap29,ARHGAP29
260556,Ap2m1,AP2M1
260601,Grip1,GRIP1
260622,Odc1,ODC1
260643,Mark1,MARK1
260674,Cx3cr1,CX3CR1
260684,Smarcc1,SMARCC1
260726,Stac3,STAC3
260734,Ppp4r3b,PPP4R3B
260791,Nell2,NELL2
260816,Slc30a2,SLC30A2
260823,Sertad4,SERTAD4
260830,Camkk1,CAMKK1
260836,Nmnat1,NMNAT1
260846,Ccdc181,CCDC181
260861,Taok3,TAOK3
260888,Hpca,HPCA
260899,Notum,NOTUM
260907,Acta1,ACTA1
260918,Esrra,ESRRA
260952,Tbcd,TBCD
261028,Rhbg,RHBG
261042,Ppih,PPIH
261077,Dennd5a,DENND5A
261120,Gns,GNS
261140,Ccr2,CCR2
261146,Zfp654,ZNF654
261154,Il17rb,IL17RB
261170,Thumpd2,THUMPD2
261187,Obsl1,OBSL1
261209,Higd1a,HIGD1A
261232,Hnrnpr,HNRNPR
261261,Palb2,PALB2
261284,Ntn4,NTN4
261300,Tbc1d23,TBC1D23
261324,Mogat2,MOGAT2
261330,Zfp202,ZNF202
261367,Pkdcc,PKDCC
261378,Doc2a,DOC2A
261432,Eno2,ENO2
261455,Gabpb2,GABPB2
261480,Alg8,ALG8
261560,Rnpc3,RNPC3
261582,Appl2,APPL2
261626,Actr8,ACTR8
261635,Trmt112,TRMT112
261649,Atp13a3,ATP13A3
261683,Osbpl5,OSBPL5
261708,Rbms3,RBMS3
261744,Nfyc,NFYC
261902,Rspry1,RSPRY1
261936,Parpbp,PARPBP
261960,Prss23,PRSS23
261974,Dync1li2,DYNC1LI2
261999,Zfp143,ZNF143
262049,Nedd1,NEDD1
262074,Slc4a7,SLC4A7
262097,Phkb,PHKB
262129,Aaas,AAAS
262155,Mmp28,MMP28
262174,Rhot1,RHOT1
262212,Slc4a1ap,SLC4A1AP
262227,Dip2b,DIP2B
262241,Krcc1,KRCC1
262263,Rbm45,RBM45
262279,Wdr12,WDR12
262294,Tmem117,TMEM117
262305,Rpl13,RPL13
262335,Ppp1r1a,PPP1R1A
262343,Rpap3,RPAP3
262356,Psma1,PSMA1
262380,Ndufb3,NDUFB3
262401,Nthl1,NTHL1
262427,Mtx2,MTX2
262441,Caps2,CAPS2
262470,Dhx38,DHX38
262491,Cbx3,CBX3
262518,Tnk2,TNK2
262562,Pgm2l1,PGM2L1
262571,Cnrip1,CNRIP1
262576,Kcns3,KCNS3
262598,St3gal4,ST3GAL4
262701,Meak7,MEAK7
262727,Gpr35,GPR35
262739,Elmo1,ELMO1
262766,Fam168b,FAM168B
262801,Fbxo31,FBXO31
262815,Nfyb,NFYB
262834,Atp2a1,ATP2A1
262848,Ano6,ANO6
262864,Mcfd2,MCFD2
262891,Klhl18,KLHL18
262898,Tcaf1,TCAF1
262910,Kif9,KIF9
262930,Ap5z1,AP5Z1
262962,Ptpn18,PTPN18
262985,Socs2,SOCS2
263009,Mylk3,MYLK3
263019,Zdhhc17,ZDHHC17
263036,Rabep2,RABEP2
263061,Vps50,VPS50
263094,Tmem106a,TMEM106A
263109,Cggbp1,CGGBP1
263120,Slc30a6,SLC30A6
263136,Adipor2,ADIPOR2
263183,Acad11,ACAD11
263203,Tmem256,TMEM256
263207,Erbb2,ERBB2
263241,Syt17,SYT17
263251,Aup1,AUP1
263284,Haghl,HAGHL
263320,Atf7ip,ATF7IP
263352,Ubp1,UBP1
263368,Clcn7,CLCN7
263396,Hspd1,HSPD1
263439,Vill,VILL
263470,Wnt5b,WNT5B
263494,Wipi1,WIPI1
263510,Rab5b,RAB5B
263546,Faap100,FAAP100
263557,Mmd2,MMD2
263561,Mdfic,MDFIC
263579,Cep95,CEP95
263599,Gpnmb,GPNMB
263624,Usp5,USP5
263647,Klhl10,KLHL10
263654,Pcolce2,PCOLCE2
263670,Mrpl10,MRPL10
263679,Ces2c,CES2
263805,Gprc5c,GPRC5C
263827,Copb2,COPB2
263858,Gemin6,GEMIN6
263866,Vezf1,VEZF1
263875,Zfp853,ZNF853
263878,Ltbp1,LTBP1
263910,Mios,MIOS
263947,Flii,FLII
264011,Ackr4,ACKR4
264015,Emp2,EMP2
264030,Mrps22,MRPS22
264069,Dok4,DOK4
264113,Pold2,POLD2
264224,Cfap251,CFAP251
264237,Dgkg,DGKG
264252,Prmt8,PRMT8
264261,Tmprss13,TMPRSS13
264269,Esyt1,ESYT1
264299,Adgrg1,ADGRG1
264420,Hsd17b12,HSD17B12
264445,Dhx36,DHX36
264461,Blzf1,BLZF1
264475,Tmem54,TMEM54
264492,Ppfia1,PPFIA1
264528,Dus4l,DUS4L
264558,Irf2bp2,IRF2BP2
264563,Lrrc8d,LRRC8D
264600,E130311K13Rik,C3orf33
264610,Arhgef19,ARHGEF19
264622,Ahr,AHR
264630,Dzip1l,DZIP1L
264644,Zscan25,ZSCAN25
264666,Fdps,FDPS
264706,Stab1,STAB1
264723,Sftpb,SFTPB
264857,Rarres2,RARRES2
264892,Ift81,IFT81
264914,E2f8,E2F8
264927,Ift56,IFT56
264943,Sync,SYNC
264951,Sc5d,SC5D
264970,Tmem98,TMEM98
264998,Gnb1,GNB1
265113,Uevld,UEVLD
265138,Kbtbd12,KBTBD12
265148,Gper1,GPER1
265165,Arhgdib,ARHGDIB
265182,Fyco1,FYCO1
265191,Casd1,CASD1
265204,Lemd3,LEMD3
265215,Snx11,SNX11
265238,Thrb,THRB
265292,Ms4a1,MS4A1
265307,Tbk1,TBK1
265380,H2az2,H2AZ2
265394,Rnf214,RNF214
265409,Sphk1,SPHK1
265429,Cux1,CUX1
265454,Prkca,PRKCA
265461,Chrnd,CHRND
265468,Sytl2,SYTL2
265504,Stk36,STK36
265531,Pelp1,PELP1
265554,Spryd3,SPRYD3
265569,Polr3b,POLR3B
265580,Ddx42,DDX42
265611,Chrm2,CHRM2
265625,Abcb4,ABCB4
265661,Nt5dc2,NT5DC2
265686,Acsl3,ACSL3
265737,Ccdc47,CCDC47
265768,Slc6a15,SLC6A15
265815,Usp4,USP4
265875,Rad51d,RAD51D
265905,Psmd9,PSMD9
265931,Pnkd,PNKD
265955,Rbm19,RBM19
265976,Swap70,SWAP70
265989,Anxa4,ANXA4
266046,Polm,POLM
266097,Slco2b1,SLCO2B1
266122,Mis12,MIS12
266149,Serpinf1,SERPINF1
266177,Rap1a,RAP1A
266215,Lmbr1l,LMBR1L
266257,1700012B09Rik,C11orf97
266260,Cpt1a,CPT1A
266273,Serpinf2,SERPINF2
266347,Ephx4,EPHX4
266350,Wdr3,WDR3
266361,Cend1,CEND1
266371,Lrch4,LRCH4
266398,Lrrc4c,LRRC4C
266417,Slc25a45,SLC25A45
266435,Cct2,CCT2
266457,Mtmr11,MTMR11
266470,Prrg4,PRRG4
266475,Ppp2r5b,PPP2R5B
266504,Srrt,SRRT
266549,Rab3gap2,RAB3GAP2
266590,Neurod2,NEUROD2
266595,Pawr,PAWR
266613,Cd300e,CD300E
266616,Myh3,MYH3
266622,Stk33,STK33
266679,Alkal2,ALKAL2
266697,Dcn,DCN
266732,Cxcr6,CXCR6
266737,Itgb5,ITGB5
266774,Slc4a3,SLC4A3
266824,Ptrh2,PTRH2
266845,Hgs,HGS
266951,Gucy2c,GUCY2C
266956,Tsnax,TSNAX
266966,Cuedc1,CUEDC1
266999,Tbc1d5,TBC1D5
267074,Tars2,TARS2
267106,Chfr,CHFR
267179,Elac2,ELAC2
267220,Rnf141,RNF141
267231,Kcnk4,KCNK4
267247,Hibch,HIBCH
267267,Bbs1,BBS1
267310,Lrwd1,LRWD1
267328,Agr2,AGR2
267340,Eef1b2,EEF1B2
267365,Rab7b,RAB7B
267373,Pcolce,PCOLCE
267389,Inpp5b,INPP5B
267404,Actr3b,ACTR3B
267417,Tmbim1,TMBIM1
267462,Pfkfb2,PFKFB2
267485,Copb1,COPB1
267513,Lep,LEP
267515,Asb4,ASB4
267520,Prkar2b,PRKAR2B
267543,Cbx4,CBX4
267548,Plxdc1,PLXDC1
267572,Fbxl13,FBXL13
267586,Tmem106b,TMEM106B
267607,Iqcb1,IQCB1
267622,Lig3,LIG3
267649,Aacs,AACS
267674,Zfp277,ZNF277
267685,Wnt3a,WNT3A
267687,Iars2,IARS2
267700,Gal3st4,GAL3ST4
267710,Zdhhc4,ZDHHC4
267755,Nrbp1,NRBP1
267784,Numa1,NUMA1
267838,Tmem233,TMEM233
267841,Fbxw8,FBXW8
267854,Capn7,CAPN7
267868,Mov10,MOV10
267909,Slc5a10,SLC5A10
267917,Timeless,TIMELESS
267944,Napepld,NAPEPLD
267968,Psmc5,PSMC5
268004,Qars1,QARS1
268067,Vps37d,VPS37D
268071,Eipr1,EIPR1
268088,Lrrc17,LRRC17
268096,Ppp1r35,PPP1R35
268102,Sumf2,SUMF2
268132,Ddx1,DDX1
268164,Rps6kb1,RPS6KB1
268186,Pheta1,PHETA1
268206,Tspan9,TSPAN9
268237,Rac1,RAC1
268254,Dcp1b,DCP1B
268268,Alg6,ALG6
268285,Mink1,MINK1
268316,Clip1,CLIP1
268351,Ptcd1,PTCD1
268367,Dmrta2,DMRTA2
268370,Ankrd35,ANKRD35
268373,Armc10,ARMC10
268416,Zfp691,ZNF691
268433,Dbt,DBT
268442,Cpt2,CPT2
268457,Pum2,PUM2
268510,Gng12,GNG12
268545,Gnb2,GNB2
268568,Efcab2,EFCAB2
268588,Susd4,SUSD4
268609,Slc41a1,SLC41A1
268628,Phkg1,PHKG1
268645,Xpot,XPOT
268673,Tpra1,TPRA1
268743,Tbcel,TBCEL
268768,Bud31,BUD31
268871,Cpd,CPD
268883,Trip6,TRIP6
268904,Plekhg5,PLEKHG5
268944,Ddb2,DDB2
268971,Cntrob,CNTROB
268994,Ptpn11,PTPN11
269021,Fibp,FIBP
269040,Adam22,ADAM22
269064,Dhx40,DHX40
269085,Tpcn1,TPCN1
269135,Fen1,FEN1
269141,Lrrc51,LRRC51
269166,Arhgap27,ARHGAP27
269201,Pygm,PYGM
269208,Iftap,IFTAP
269245,Myrip,MYRIP
269259,Cfap221,CFAP221
269281,Stil,STIL
269308,Slc43a1,SLC43A1
269346,Atxn7l3,ATXN7L3
269373,Zmynd10,ZMYND10
269389,Rasd1,RASD1
269392,Nprl2,NPRL2
269420,Pcyox1,PCYOX1
269430,Ubtf,UBTF
269510,Gfpt1,GFPT1
269533,Akip1,AKIP1
269561,Dag1,DAG1
269634,Troap,TROAP
269655,Cd82,CD82
269711,Fyttd1,FYTTD1
269723,Steap2,STEAP2
269744,Pomgnt1,POMGNT1
269817,Pbrm1,PBRM1
269850,Cmklr1,CMKLR1
269865,Myo1b,MYO1B
269915,Cnpy2,CNPY2
269964,Slc35b4,SLC35B4
269973,Cdk13,CDK13
269997,Mrps33,MRPS33
270016,Ampd3,AMPD3
270045,Zkscan1,ZKSCAN1
270059,Galnt11,GALNT11
270115,Ehbp1l1,EHBP1L1
270146,Mybpc1,MYBPC1
270187,Lrig1,LRIG1
270227,Slc16a1,SLC16A1
270249,Actn3,ACTN3
270342,Ccz1,CCZ1B
270366,Slc25a24,SLC25A24
270377,Cry2,CRY2
270397,Ro60,RO60
270418,Prr15,PRR15
270436,Cdk5,CDK5
270449,P2ry2,P2RY2
270478,Ppp1r9b,PPP1R9B
270482,Nkapd1,NKAPD1
270493,Agfg2,AGFG2
270507,Kif19a,KIF19
270539,Syt7,SYT7
270552,Asap3,ASAP3
270573,Tfrc,TFRC
270622,Mad1l1,MAD1L1
270671,Slc39a13,SLC39A13
270706,Uroc1,UROC1
270714,Xpr1,XPR1
270728,Slc15a2,SLC15A2
270742,Rpa1,RPA1
270765,Ckap5,CKAP5
270798,Evi5,EVI5
270833,Krit1,KRIT1
270914,Nphp1,NPHP1
270986,Dnai2,DNAI2
270999,Zscan20,ZSCAN20
271019,Hdac11,HDAC11
271049,Arnt,ARNT
271091,Flcn,FLCN
271127,Abi2,ABI2
271208,Ntn1,NTN1
271211,Otop2,OTOP2
271217,Rpl22l1,RPL22L1
271228,Hexim2,HEXIM2
271260,Cldnd1,CLDND1
271308,Cyb561,CYB561
271340,Ccl24,CCL24
271345,Sap30bp,SAP30BP
271378,Spindoc,SPINDOC
271385,Fignl1,FIGNL1
271418,Lrrc56,LRRC56
271435,Slc25a40,SLC25A40
271459,Traip,TRAIP
271483,Vps37c,VPS37C
271500,Sipa1,SIPA1
271532,Hus1,HUS1
271548,Ints2,INTS2
271567,Uba5,UBA5
271584,Kdm3a,KDM3A
271608,Rint1,RINT1
271629,Plscr2,PLSCR1
271758,Dbnl,DBNL
271804,Kat2a,KAT2A
271821,Far1,FAR1
271848,Pias3,PIAS3
271861,Lmo2,LMO2
271868,Fgfr1op2,FGFR1OP2
271886,Cd44,CD44
271985,Etfrf1,ETFRF1
272011,Arl8b,ARL8B
272019,H6pd,H6PD
272033,Naglu,NAGLU
272041,Ift80,IFT80
272073,Pianp,PIANP
272162,Ttc27,TTC27
272181,Gba1,GBA1
272208,Mcrs1,MCRS1
272233,Tlk2,TLK2
272297,Hecw2,HECW2
272318,Tnfsf10,TNFSF10
272330,Abhd5,ABHD5
272350,Chrm3,CHRM3
272386,Nckipsd,NCKIPSD
272411,Tpst1,TPST1
272441,Nenf,NENF
272448,Smarcal1,SMARCAL1
272488,Nudt17,NUDT17
272497,Npl,NPL
272542,Snx10,SNX10
272578,Ccdc148,CCDC148
272589,Gmps,GMPS
272602,Cyp20a1,CYP20A1
272614,Dgkb,DGKB
272640,Iba57,IBA57
272644,Dhx9,DHX9
272679,Cpsf4,CPSF4
272705,Slc39a10,SLC39A10
272752,Cep70,CEP70
272782,Guca2a,GUCA2A
272785,Prr15l,PRR15L
272797,Psma2,PSMA2
272818,Eif2b3,EIF2B3
272844,Cacnb1,CACNB1
272862,Lrrc41,LRRC41
272877,Samtor,SAMTOR
272882,Pnpla8,PNPLA8
272908,Chd1l,CHD1L
272963,Inpp1,INPP1
273004,Col1a1,COL1A1
273031,Pls1,PLS1
273121,Tbrg4,TBRG4
273186,Cops7b,COPS7B
273217,Aox1,AOX1
273241,Ldha,LDHA
273289,Tada2a,TADA2A
273310,Map3k3,MAP3K3
273327,Psmg3,PSMG3
273331,Plekha3,PLEKHA3
273339,Phtf2,PHTF2
273365,Ypel5,YPEL5
273405,Vcam1,VCAM1
273414,Uvrag,UVRAG
273425,Nr2c2,NR2C2
273450,Uhmk1,UHMK1
273458,Togaram2,TOGARAM2
273471,Gjc1,GJC1
273491,Uqcrh,UQCRH
273510,Wsb1,WSB1
273534,Mta3,MTA3
273621,Slamf8,SLAMF8
273632,F3,F3
273638,Kdm5b,KDM5B
273685,Zbtb3,ZBTB3
273697,Bdnf,BDNF
273725,Rft1,RFT1
273736,Tmem123,TMEM123
273745,Trim68,TRIM68
273756,Cant1,CANT1
273817,Fads3,FADS3
273848,Foxp1,FOXP1
273993,Ttc7,TTC7A
274027,Gimap5,GIMAP5
274053,Asns,ASNS
274084,Pirt,PIRT
274086,Pld2,PLD2
274108,Ttc17,TTC17
274138,Tmem60,TMEM60
274144,Rbm28,RBM28
274159,Rab11fip4,RAB11FIP4
274171,Aplp2,APLP2
274232,Eva1a,EVA1A
274299,Zfp800,ZNF800
274309,Tom1l1,TOM1L1
274348,Tmem140,TMEM140
274353,Gstk1,GSTK1
274376,Kcmf1,KCMF1
274387,Fosl2,FOSL2
274393,Elmod3,ELMOD3
274440,Hectd3,HECTD3
274462,Asb10,ASB10
274468,Tspan12,TSPAN12
274491,Scmh1,SCMH1
274517,Psph,PSPH
274621,Akap1,AKAP1
274668,Slc25a34,SLC25A34
274694,Phldb1,PHLDB1
274770,Wrap53,WRAP53
274792,Rap1gap,RAP1GAP
274873,Nampt,NAMPT
274926,Mtif2,MTIF2
274978,Cox11,COX11
275037,Trim47,TRIM47
275045,Ctdnep1,CTDNEP1
275060,Osbpl3,OSBPL3
275111,Kpna2,KPNA2
275142,Trim37,TRIM37
275221,Cdc42ep3,CDC42EP3
275246,Lims2,LIMS2
275274,Atg7,ATG7
275315,Ttyh3,TTYH3
275335,Fbxo40,FBXO40
275345,Spice1,SPICE1
275367,Urgcp,URGCP
275383,Rps6ka4,RPS6KA4
275406,Ppp1r9a,PPP1R9A
275430,Elp5,ELP5
275456,Ctnnb1,CTNNB1
275527,Pdk1,PDK1
275541,Grik4,GRIK4
275565,Tbx2,TBX2
275579,Stard3,STARD3
275639,Acoxl,ACOXL
275668,Chchd3,CHCHD3
275682,Ms4a4a,MS4A4A
275703,Ncf1,NCF1
275770,Vegfb,VEGFB
275779,Steap4,STEAP4
275785,Trim34a,TRIM34
275805,Sh2b2,SH2B2
275825,Ppme1,PPME1
275846,Gpr146,GPR146
275873,Trim24,TRIM24
275895,Rin1,RIN1
275904,Ddx52,DDX52
275915,Arhgap1,ARHGAP1
275936,Icam2,ICAM2
275960,Fkbp9,FKBP9
275981,Gtf3c2,GTF3C2
276019,Ipo7,IPO7
276030,Vgf,VGF
276033,Taf6,TAF6
276156,Psmc3,PSMC3
276177,Plch1,PLCH1
276190,Gpr17,GPR17
276197,Igfbp5,IGFBP5
276201,Fez2,FEZ2
276219,Copz2,COPZ2
276238,Chid1,CHID1
276304,Nbas,NBAS
276328,Smtnl2,SMTNL2
276336,Stag1,STAG1
276357,Gps2,GPS2
276384,Tdrkh,TDRKH
276424,Arpc1b,ARPC1B
276530,Specc1,SPECC1
276585,Atic,ATIC
276609,Ghdc,GHDC
276624,Cntn4,CNTN4
276643,Afmid,AFMID
276683,Zkscan5,ZKSCAN5
276703,Opa1,OPA1
276750,Etv1,ETV1
276777,Nxf1,NXF1
276800,Unc13d,UNC13D
276825,Emilin1,EMILIN1
276841,Syt8,SYT8
276860,Guk1,GUK1
276906,Myl1,MYL1
276911,Tm7sf2,TM7SF2
276949,Sned1,SNED1
276966,Zkscan14,ZNF394
276979,Mks1,MKS1
277016,Ap4m1,AP4M1
277056,Hic1,HIC1
277065,Ezh1,EZH1
277099,Zc3h8,ZC3H8
277110,Dagla,DAGLA
277118,Cnot11,CNOT11
277128,Zranb3,ZRANB3
277149,Dph5,DPH5
277207,Hoatz,HOATZ
277212,Atm,ATM
277276,Sat2,SAT2
277297,Serpine2,SERPINE2
277335,Psmd11,PSMD11
277380,Sypl2,SYPL2
277384,Abcf2,ABCF2
277405,Rhoc,RHOC
277465,Psd4,PSD4
277481,Dcps,DCPS
277493,Frzb,FRZB
277497,Rras2,RRAS2
277510,Col3a1,COL3A1
277530,Ccdc126,CCDC126
277547,Mus81,MUS81
277567,Brat1,BRAT1
277616,Inpp5k,INPP5K
277643,Ccdc88b,CCDC88B
277653,Cpb1,CPB1
277664,Irf6,IRF6
277678,Impdh2,IMPDH2
277746,Cnpy4,CNPY4
277757,Rassf7,RASSF7
277772,Trpv1,TRPV1
277784,Actl6b,ACTL6B
277793,1700025G04Rik,C1orf21
277808,Irf7,IRF7
277834,Rgs5,RGS5
277847,Trim56,TRIM56
277873,Eif2ak1,EIF2AK1
277901,Igsf9,IGSF9
277915,Casp8,CASP8
277941,Ltbp3,LTBP3
277969,Coq8a,COQ8A
278046,Sirt7,SIRT7
278099,Uba3,UBA3
278129,Stambp,STAMBP
278207,Ppp1r1b,PPP1R1B
278219,1110004F10Rik,C11orf58
278241,Hspa8,HSPA8
278278,Slc12a9,SLC12A9
278331,Epn2,EPN2
278387,Tmem108,TMEM108
278412,Col8a1,COL8A1
278458,Ms4a12,MS4A12
278468,Scyl1,SCYL1
278522,Lrch3,LRCH3
278548,Hid1,HID1
278576,Ikzf1,IKZF1
278627,Lrpprc,LRPPRC
278710,Mapkapk3,MAPKAPK3
278746,Derl2,DERL2
278779,Sema4a,SEMA4A
278809,Nherf1,NHERF1
278820,Styxl1,STYXL1
278855,Ankrd13b,ANKRD13B
278868,Myd88,MYD88
278888,Mpp2,MPP2
278914,Nkain1,NKAIN1
278923,Nxpe3,NXPE3
278990,Ephb4,EPHB4
279013,Hax1,HAX1
279047,Sertad2,SERTAD2
279053,Ercc3,ERCC3
279080,Ipo13,IPO13
279105,Fgd5,FGD5
279120,Smyd2,SMYD2
279137,Stx1a,STX1A
279154,Tspan4,TSPAN4
279230,Rbms1,RBMS1
279255,Becn1,BECN1
279294,Pgam2,PGAM2
279296,Tatdn3,TATDN3
279326,Elapor2,ELAPOR2
279340,Cnot10,CNOT10
279388,Mdh2,MDH2
279404,Coro6,CORO6
279452,Ptprn,PTPRN
279484,Gtf2ird1,GTF2IRD1
279524,Prcc,PRCC
279549,Trim16,TRIM16
279592,Psmd4,PSMD4
279640,Ildr1,ILDR1
279651,Mfn1,MFN1
279675,Abr,ABR
279714,Armc9,ARMC9
279769,Slc3a2,SLC3A2
279847,Strip1,STRIP1
279867,Peli3,PELI3
279886,Galnt2,GALNT2
279901,Tmem50a,TMEM50A
279915,Ap2b1,AP2B1
279951,Rcn1,RCN1
279961,Sart1,SART1
279976,Wdr6,WDR6
280005,Edem3,EDEM3
280029,Dalrd3,DALRD3
280052,Rnh1,RNH1
280182,Akr1b1,AKR1B1
280217,Plppr5,PLPPR5
280224,Glyctk,GLYCTK
280238,Ttll4,TTLL4
280270,Wnt4,WNT4
280275,Mbnl1,MBNL1
280321,Nexn,NEXN
280335,Abcb6,ABCB6
280358,Kdm4a,KDM4A
280376,Trappc1,TRAPPC1
280388,Cul1,CUL1
280434,Nup85,NUP85
280463,Rnf207,RNF207
280490,Tbc1d8,TBC1D8
280517,Cldn11,CLDN11
280525,Ephb1,EPHB1
280537,Psme3,PSME3
280560,Snrnp27,SNRNP27
280568,Gca,GCA
280584,Prickle2,PRICKLE2
280595,Scn5a,SCN5A
280611,Maneal,MANEAL
280618,Map2,MAP2
280669,Sdccag8,SDCCAG8
280688,Myocd,MYOCD
280696,Tesk2,TESK2
280716,Plekha8,PLEKHA8
280728,Tubg2,TUBG2
280744,Fam89a,FAM89A
280750,Taf12,TAF12
280780,Ppfia4,PPFIA4
280796,Dnajc7,DNAJC7
280842,Rnf32,RNF32
280866,4930523C07Rik,KIAA0040
280886,Egln1,EGLN1
280896,Atf6,ATF6
280924,Veph1,VEPH1
280946,Prkar1b,PRKAR1B
280990,Ptpn4,PTPN4
281015,Il1rap,IL1RAP
281047,Clic4,CLIC4
281053,Tomm40l,TOMM40L
281070,Hdac5,HDAC5
281134,Dnaaf5,DNAAF5
281150,Azin2,AZIN2
281183,Sema5b,SEMA5B
281210,Nck2,NCK2
281245,Eif3b,EIF3B
281267,Actg2,ACTG2
281294,Faf1,FAF1
281309,Ptx3,PTX3
281311,Abtb1,ABTB1
281336,Ccdc138,CCDC138
281358,Stard3nl,STARD3NL
281394,Crbn,CRBN
281419,Zfp593os,ZNF593OS
281427,C1qb,C1QB
281448,Eps8l3,EPS8L3
281474,Sec22c,SEC22C
281494,Spats2l,SPATS2L
281588,Trnt1,TRNT1
281630,Cald1,CALD1
281690,Ssr2,SSR2
281721,Ano10,ANO10
281773,Pigc,PIGC
281788,Faah,FAAH
281819,Ctc1,CTC1
281852,Swt1,SWT1
281872,Nktr,NKTR
281898,P2rx1,P2RX1
281908,Ncmap,NCMAP
281914,Gpr161,GPR161
281972,Syngr2,SYNGR2
281986,Twf2,TWF2
282011,Grb7,GRB7
282055,Ppm1m,PPM1M
282069,Eprs1,EPRS1
282083,Tkt,TKT
282110,Hspbap1,HSPBAP1
282125,Cmc1,CMC1
282145,Tbccd1,TBCCD1
282159,Tbc1d16,TBC1D16
282186,Irak2,IRAK2
282192,Prox1,PROX1
282211,Rps6ka1,RPS6KA1
282234,Nphp3,NPHP3
282250,Abcf3,ABCF3
282277,Rhbdl3,RHBDL3
282292,Drg2,DRG2
282326,Mylk,MYLK
282387,Tbl1xr1,TBL1XR1
282470,Adap2,ADAP2
282495,Pigk,PIGK
282511,Smim12,SMIM12
282532,Osgepl1,OSGEPL1
282546,Zbtb8a,ZBTB8A
282566,Sgsm2,SGSM2
282584,Itgb6,ITGB6
282603,Slc35a3,SLC35A3
282640,Tex2,TEX2
282669,Map4k3,MAP4K3
282693,Rcc1,RCC1
282743,Zfp639,ZNF639
282758,Plaat1,PLAAT1
282780,Brpf1,BRPF1
282814,Eral1,ERAL1
282834,Bbx,BBX
282876,Myo1c,MYO1C
282900,Farsb,FARSB
282914,Plekhh2,PLEKHH2
282925,Slc25a12,SLC25A12
282948,Zfp69,ZFP69
282963,Mettl23,METTL23
282988,Cd160,CD160
283000,Themis2,THEMIS2
283016,Pdk2,PDK2
283043,Actr2,ACTR2
283056,Gbp7,GBP4
283064,Marco,MARCO
283090,Qrich1,QRICH1
283179,Actr3,ACTR3
283204,Rpf1,RPF1
283210,Zfp644,ZNF644
283227,Slc19a3,SLC19A3
283253,Pxylp1,PXYLP1
283284,Thap3,THAP3
283300,Hoxb3,HOXB3
283318,Cfap36,CFAP36
283335,Nppa,NPPA
283338,Laptm5,LAPTM5
283346,Eno3,ENO3
283394,Zbtb48,ZBTB48
283415,Abhd6,ABHD6
283440,Prepl,PREPL
283496,Nek11,NEK11
283531,Arf1,ARF1
283574,Mcoln3,MCOLN3
283597,Nek8,NEK8
283607,Myo19,MYO19
283650,Dpt,DPT
283655,Pkn2,PKN2
283669,Sacm1l,SACM1L
283811,Disp1,DISP1
283859,Anp32e,ANP32E
283876,Dennd6a,DENND6A
283886,Tmem115,TMEM115
283889,Eftud2,EFTUD2
283931,Mxra8,MXRA8
283945,Arih2,ARIH2
284046,Cd1d1,CD1D
284059,Ybx1,YBX1
284071,Il1a,IL1A
284073,Mpp4,MPP4
284087,BC028528,C1orf54
284114,Nadk,NADK
284156,Ggnbp2,GGNBP2
284180,Txndc9,TXNDC9
284196,Dync1i2,DYNC1I2
284251,Rnf157,RNF157
284263,Mad2l2,MAD2L2
284311,Wscd1,WSCD1
284331,Skap1,SKAP1
284344,Grb2,GRB2
284367,Zfp207,ZNF207
284396,Aste1,ASTE1
284414,Aanat,AANAT
284422,Adgrl4,ADGRL4
284445,P3h4,P3H4
284463,Map3k14,MAP3K14
284476,Cyb561d1,CYB561D1
284486,Thrap3,THRAP3
284510,Mfsd11,MFSD11
284545,Tmem150a,TMEM150A
284566,Ptprf,PTPRF
284606,Timp2,TIMP2
284615,Ankmy1,ANKMY1
284647,Srsf2,SRSF2
284662,Ttyh2,TTYH2
284952,Spop,SPOP
285392,Acadl,ACADL
285400,Tfg,TFG
285460,Il1r1,IL1R1
285504,Zbtb17,ZBTB17
285543,Il17rc,IL17RC
285686,B4galt2,B4GALT2
285712,Ttc21b,TTC21B
285748,Dnajc11,DNAJC11
285784,Sumo2,SUMO2
285792,Atp6v0a1,ATP6V0A1
285847,Ahdc1,AHDC1
285872,Ube2e3,UBE2E3
285901,Tmem63a,TMEM63A
285920,Kidins220,KIDINS220
285966,Cct3,CCT3
286001,Cnppd1,CNPPD1
286015,Dvl1,DVL1
286028,Atl2,ATL2
286050,Il6ra,IL6R
286067,Dnmt3a,DNMT3A
286090,Ube2z,UBE2Z
286121,Psrc1,PSRC1
286169,Lyrm9,LYRM9
286195,Gm525,C17orf67
286217,Fcrla,FCRLA
286234,Casc3,CASC3
286269,Pycr2,PYCR2
286289,Ranbp2,RANBP2
286312,Cfap57,CFAP57
286323,P2rx5,P2RX5
286339,Wdr54,WDR54
286368,Acp6,ACP6
286383,Pikfyve,PIKFYVE
286404,Casq1,CASQ1
286409,Ebna1bp2,EBNA1BP2
286420,Pafah1b1,PAFAH1B1
286471,Eya3,EYA3
286490,Ttc19,TTC19
286506,Cep131,CEP131
286530,Stat4,STAT4
286553,Tbce,TBCE
286619,Snrnp200,SNRNP200
286632,Bmp10,BMP10
286634,Tmem199,VMA12
286644,Trip12,TRIP12
286730,Rer1,RER1
286778,Mapt,MAPT
286830,S100a6,S100A6
286850,Tmem275,TMEM275
286858,Kdm1a,KDM1A
286922,Map3k6,MAP3K6
286936,Npepps,NPEPPS
286979,Cmpk1,CMPK1
286990,B3galnt2,B3GALNT2
287010,Dusp12,DUSP12
287019,Megf6,MEGF6
287043,Tmc6,TMC6
287155,Slc19a2,SLC19A2
287160,Ube2j2,UBE2J2
287195,Mfap2,MFAP2
287221,Glis1,GLIS1
287225,Ctnnbip1,CTNNBIP1
287284,Rbbp5,RBBP5
287295,Paqr6,PAQR6
287320,Synrg,SYNRG
287377,Cers2,CERS2
287421,Gpbp1l1,GPBP1L1
287475,Vit,VIT
287484,Shc1,SHC1
287513,Coq10b,COQ10B
287519,Pdia6,PDIA6
287538,Nab1,NAB1
287601,Eif2d,EIF2D
287626,Med24,MED24
287684,Magi3,MAGI3
287693,Dnajc10,DNAJC10
287729,Txnip,TXNIP
287739,Nphp4,NPHP4
287773,Smc6,SMC6
287793,Npas2,NPAS2
287811,Pid1,PID1
287818,Paip2b,PAIP2B
287830,Commd1,COMMD1
287844,Pms1,PMS1
287892,Cep104,CEP104
287926,Tmc8,TMC8
287948,Rusc1,RUSC1
287972,Kcnf1,KCNF1
287974,Cox5b,COX5B
287992,Acbd6,ACBD6
288008,Phospho2,PHOSPHO2
288042,Pgap1,PGAP1
288056,Gigyf2,GIGYF2
288129,S100a8,S100A8
288136,Osbpl9,OSBPL9
288169,Slc27a3,SLC27A3
288191,Klhl17,KLHL17
288201,Srrm1,SRRM1
288264,Timm17a,TIMM17A
288273,Itgb3bp,ITGB3BP
288294,Oscp1,OSCP1
288308,Sh3bp4,SH3BP4
288323,Usp33,USP33
288362,Ormdl1,ORMDL1
288408,Slc30a3,SLC30A3
288423,Psmd14,PSMD14
288449,Ttl,TTL
288457,Mboat2,MBOAT2
288472,Scn7a,SCN7A
288481,Lratd1,LRATD1
288499,Pik3r3,PIK3R3
288512,Ola1,OLA1
288528,Nid1,NID1
288541,Pde1a,PDE1A
288555,Cdc14a,CDC14A
288573,Tpo,TPO
288598,Dph2,DPH2
288623,Npr1,NPR1
288640,Lpin1,LPIN1
288689,Gja5,GJA5
288697,Eps15,EPS15
288740,Fhl3,FHL3
288761,Ndufa10,NDUFA10
288822,Eif3i,EIF3I
288871,Arl8a,ARL8A
288878,Dhcr24,DHCR24
288901,Lgr6,LGR6
288935,Idh1,IDH1
288969,Chit1,CHIT1
288988,Brinp3,BRINP3
288994,A130010J15Rik,C1orf74
288997,Acadm,ACADM
289073,Creb1,CREB1
289096,Lancl1,LANCL1
289114,Cptp,CPTP
289124,Hes2,HES2
289133,Crtc2,CRTC2
289151,Clasp1,CLASP1
289200,Yars1,YARS1
289226,Id3,ID3
289237,Mtarc2,MTARC2
289248,Fmod,FMOD
289256,Mtfr1l,MTFR1L
289312,Smg5,SMG5
289338,Tmem131,TMEM131
289351,Mall,MALL
289357,Klhl23,KLHL23
289408,Cwc22,CWC22
289414,Cab39,CAB39
289442,Atg16l1,ATG16L1
289471,Stk40,STK40
289506,Prpf38a,PRPF38A
289514,Phactr4,PHACTR4
289536,Tagln2,TAGLN2
289558,Ankrd23,ANKRD23
289572,Ntrk1,NTRK1
289585,Mfsd6,MFSD6
289602,Sanbr,SANBR
289620,Slc66a1,SLC66A1
289630,Slc5a6,SLC5A6
289674,Usp1,USP1
289686,Arhgef11,ARHGEF11
289708,Isg20l2,ISG20L2
289725,Pkp4,PKP4
289757,Fam110d,FAM110D
289763,Cep170,CEP170
289793,Mfsd9,MFSD9
289878,Cct7,CCT7
289917,D630023F18Rik,C2orf80
289927,Ccdc18,CCDC18
289948,Immt,IMMT
289996,Dstyk,DSTYK
290006,Slc35e2,SLC35E2B
290021,Hspb7,HSPB7
290033,Ubxn10,UBXN10
290039,Gpr153,GPR153
290043,Pgd,PGD
290063,Mia3,MIA3
290080,Car14,CA14
290093,Gm12695,C1orf87
290099,Mrpl55,MRPL55
290222,Satb2,SATB2
290258,Fbxo48,FBXO48
290268,Glb1l,GLB1L
290285,Sf3b1,SF3B1
290305,Ankzf1,ANKZF1
290344,Lzic,LZIC
290362,Dnajb4,DNAJB4
290377,Fbxo42,FBXO42
290400,Fap,FAP
290418,Lypla2,LYPLA2
290445,Man1c1,MAN1C1
290465,Aplf,APLF
290474,Eml4,EML4
290495,Plekhm2,PLEKHM2
290509,Fubp1,FUBP1
290543,Gulp1,GULP1
290647,Ak4,AK4
290677,Ivns1abp,IVNS1ABP
290711,Traf3ip3,TRAF3IP3
290733,Zkscan17,ZNF496
290750,Sh2d2a,SH2D2A
290765,Prpf3,PRPF3
290781,Hoxd3,HOXD3
290790,Dgkd,DGKD
290813,Fam20b,FAM20B
290818,Rpap2,RPAP2
290829,Ctbs,CTBS
290838,Slc50a1,SLC50A1
290856,Cebpzos,CEBPZOS
290900,Clca1,CLCA1
290912,Tmem127,TMEM127
290927,Sort1,SORT1
290950,Rnf149,RNF149
290964,Ccdc85a,CCDC85A
290972,Mettl8,METTL8
290998,Gpat2,GPAT2
291037,Rc3h1,RC3H1
291044,5730409E04Rik,C1orf216
291051,Gale,GALE
291075,Selp,SELP
291105,Trappc12,TRAPPC12
291141,Stk11ip,STK11IP
291167,Slc25a33,SLC25A33
291174,Ints3,INTS3
291192,Slc4a5,SLC4A5
291207,Rtca,RTCA
291219,Cdc73,CDC73
291240,Dnpep,DNPEP
291270,Gnpat,GNPAT
291298,Gpatch11,GPATCH11
291303,St6gal2,ST6GAL2
291311,Wnt10a,WNT10A
291317,Fh1,FH
291337,Sgpp2,SGPP2
291341,Ston1,STON1
291356,B3galt2,B3GALT2
291358,Echdc2,ECHDC2
291419,Hat1,HAT1
291433,Klhl30,KLHL30
291437,R3hdm1,R3HDM1
291477,Mib2,MIB2
291640,Fastkd1,FASTKD1
291673,Dync2li1,DYNC2LI1
291695,Sh2d6,SH2D6
291757,Tprkb,TPRKB
291806,Ngef,NGEF
291820,Dner,DNER
291834,Slc11a1,SLC11A1
291864,Wdr33,WDR33
291872,Crim1,CRIM1
291891,Cps1,CPS1
291916,Tardbp,TARDBP
291961,Ddx59,DDX59
291987,4933434E20Rik,C1orf43
292005,Zbtb41,ZBTB41
292009,Slc2a1,SLC2A1
292031,Slc44a3,SLC44A3
292052,Csf1,CSF1
292069,Rcsd1,RCSD1
292081,Smyd1,SMYD1
292097,Myom3,MYOM3
292106,Atp6v1e2,ATP6V1E2
292128,Kif1b,KIF1B
292157,Map3k20,MAP3K20
292177,Zeb2,ZEB2
292233,Rps27a,RPS27A
292267,Metap1d,METAP1D
292282,Cd84,CD84
292293,Nckap1,NCKAP1
292324,Ppm1j,PPM1J
292332,Zyg11b,ZYG11B
292340,Dab1,DAB1
292362,Fmo4,FMO4
292378,G0s2,G0S2
292382,Foxj3,FOXJ3
292396,Glmp,GLMP
292415,Rbp7,RBP7
292421,Nlrp3,NLRP3
292435,Tank,TANK
292506,Plpp3,PLPP3
292514,Mdm4,MDM4
292539,Adprs,ADPRS
292546,Plekhn1,PLEKHN1
292558,Il1r2,IL1R2
292577,Kank4,KANK4
292587,Dusp10,DUSP10
292598,Cyria,CYRIA
292625,Bcar3,BCAR3
292650,Neu4,NEU4
292679,Acbd3,ACBD3
292686,Orc1,ORC1
292693,Agfg1,AGFG1
292716,Perm1,PERM1
292728,Rnf19b,RNF19B
292743,Dnai4,DNAI4
292763,Pla2r1,PLA2R1
292772,Ndufs2,NDUFS2
292865,Nup35,NUP35
292882,Dcaf17,DCAF17
292906,Adamts4,ADAMTS4
292913,Tmem69,TMEM69
292930,Emc1,EMC1
292981,Marchf7,MARCHF7
293052,Adam15,ADAM15
293120,Cnnm4,CNNM4
293126,Mff,MFF
293227,Vamp5,VAMP5
293231,Fastkd2,FASTKD2
293247,Cd302,CD302
293260,Tmem178,TMEM178A
293270,Prkra,PRKRA
293309,Tlk1,TLK1
293324,Fn1,FN1
293361,Slc25a44,SLC25A44
293376,Ldlrap1,LDLRAP1
293393,Hp1bp3,HP1BP3
293418,She,SHE
293423,Arv1,ARV1
293439,Arid4b,ARID4B
293454,Pik3cd,PIK3CD
293490,Wrap73,WRAP73
293511,Pmf1,PMF1
293527,Pdzk1,PDZK1
293551,Sesn2,SESN2
293566,Plod1,PLOD1
293614,Thbs3,THBS3
293632,Clstn1,CLSTN1
293653,Ackr1,ACKR1
293661,Pacc1,PACC1
293677,Ctps1,CTPS1
293708,Kirrel1,KIRREL1
293716,Gpr89,GPR89A
293754,Scp2,SCP2
293776,Tpm3,TPM3
293807,Smyd5,SMYD5
293822,Rasgrp3,RASGRP3
293870,Capn8,CAPN8
293881,Stx12,STX12
293891,Podn,PODN
293920,Cul3,CUL3
293947,Dhdds,DHDDS
294002,Tmem169,TMEM169
294012,Dpysl5,DPYSL5
294021,Mdh1,MDH1
294063,3110009E18Rik,C2orf76
294082,Gpr157,GPR157
294086,Dcaf8,DCAF8
294158,Gkn2,GKN2
294162,C87436,C2orf42
294191,Emx1,EMX1
294198,Psme4,PSME4
294217,Kansl1l,KANSL1L
294234,Zzz3,ZZZ3
294261,Eif5b,EIF5B
294270,Ankrd65,ANKRD65
294277,Nme7,NME7
294298,Fahd2a,FAHD2A
294322,Lck,LCK
294348,Nppc,NPPC
294353,Scrn3,SCRN3
294378,Sh3glb1,SH3GLB1
294392,Rd3,RD3
294398,Babam2,BABAM2
294434,Per3,PER3
294453,Usf1,USF1
294467,Reg1,REG1A
294477,Zc3h6,ZC3H6
294481,Atf2,ATF2
294522,Nek7,NEK7
294575,Khk,KHK
294603,Fbxo6,FBXO6
294614,St3gal3,ST3GAL3
294714,Rnaseh1,RNASEH1
294722,Tcf23,TCF23
294725,Ncl,NCL
294775,Mgat4a,MGAT4A
294793,Kctd18,KCTD18
294801,Prpf40a,PRPF40A
294824,Stam2,STAM2
294834,Traf3ip1,TRAF3IP1
294856,Usp40,USP40
294877,Wdr35,WDR35
294885,Rab10,RAB10
294899,Mrps5,MRPS5
294919,Dhrs9,DHRS9
294935,Ccdc142,CCDC142
294952,Bok,BOK
294964,Tgfbrap1,TGFBRAP1
294971,Ikzf2,IKZF2
294999,Nasp,NASP
295051,Mapre3,MAPRE3
295076,Uggt1,UGGT1
295092,Foxn2,FOXN2
295108,Elavl4,ELAVL4
295128,Wdsub1,WDSUB1
295162,Soat1,SOAT1
295175,Calcrl,CALCRL
295206,Phf13,PHF13
295209,Mtr,MTR
295228,Gng4,GNG4
295239,Mob3c,MOB3C
295247,AU040320,KIAA0319L
295332,Slc1a4,SLC1A4
295341,Orc4,ORC4
295378,Arid5a,ARID5A
295390,Tnnt2,TNNT2
295431,Kynu,KYNU
295454,Tmco4,TMCO4
295524,Edar,EDAR
295528,Lman2l,LMAN2L
295545,Nabp1,NABP1
295562,Galnt3,GALNT3
295580,Vrk2,VRK2
295607,Lamb3,LAMB3
295622,Ilf2,ILF2
295641,Slc16a4,SLC16A4
295656,Rab1a,RAB1A
295671,Pea15a,PEA15
295693,Pjvk,PJVK
295710,Rapgef4,RAPGEF4
295732,Pla2g5,PLA2G5
295788,Airim,AIRIM
295823,Ctsk,CTSK
295849,Atp5pb,ATP5PB
295860,Tmcc2,TMCC2
295872,Rab4a,RAB4A
295886,Gcfc2,GCFC2
295905,Akirin1,AKIRIN1
295911,Akr1a1,AKR1A1
295951,Gtdc1,GTDC1
296021,Brox,BROX
296046,Stmn1,STMN1
296092,Urod,UROD
296138,B3galt1,B3GALT1
296140,Rab3gap1,RAB3GAP1
296175,Txlna,TXLNA
296190,Sdc1,SDC1
296345,Iqcc,IQCC
296352,Lrrc39,LRRC39
296361,Ntmt2,NTMT2
296364,9430015G10Rik,C1orf159
296418,Rps6kc1,RPS6KC1
296440,Cgn,CGN
296457,Trmt13,TRMT13
296463,Ctss,CTSS
296486,Cdc42se1,CDC42SE1
296523,Cyb5rl,CYB5RL
296539,Nudc,NUDC
296572,Cdc42bpa,CDC42BPA
296590,Nhsl3,NHSL3
296597,Cyp4x1,CYP4X1
296601,Lamc1,LAMC1
296610,Oma1,OMA1
296645,Tsga10,TSGA10
296690,Ubap2l,UBAP2L
296744,Klhl29,KLHL29
296752,Gpbar1,GPBAR1
296759,Supt7l,SUPT7L
296769,Sctr,SCTR
296781,Map4k4,MAP4K4
296833,Dctn1,DCTN1
296872,Angptl1,ANGPTL1
296881,Vps45,VPS45
296933,Pank4,PANK4
296956,Artn,ARTN
296972,Ube4b,UBE4B
296998,Ralb,RALB
297032,Sf3a3,SF3A3
297056,Exoc6b,EXOC6B
297107,Pum1,PUM1
297333,Pus10,PUS10
297358,Nol10,NOL10
297384,Ptcd3,PTCD3
297426,Pex13,PEX13
297436,Rnpepl1,RNPEPL1
297455,Papolg,PAPOLG
297468,Tfpi,TFPI
297518,Cir1,CIR1
297524,Fhl2,FHL2
297587,Psmd1,PSMD1
297633,Hdac4,HDAC4
297668,Snx17,SNX17
297696,Htr2b,HTR2B
297702,St3gal5,ST3GAL5
297775,Abhd1,ABHD1
297784,Fam228b,FAM228B
297812,Preb,PREB
297839,Gypc,GYPC
297845,Ly75,LY75
297851,Sh3yl1,SH3YL1
297887,Wls,WLS
297904,Cnst,CNST
297924,Trak2,TRAK2
297941,Rnf11,RNF11
298001,Acp1,ACP1
298021,Chst10,CHST10
298062,Nrdc,NRDC
298111,Slc40a1,SLC40A1
298128,Dusp11,DUSP11
298145,Gorasp2,GORASP2
298167,Sap130,SAP130
298203,Morn1,MORN1
298222,S100a5,S100A5
298225,Parp1,PARP1
298262,Lrrc40,LRRC40
298272,Usp48,USP48
298306,Serbp1,SERBP1
298323,Hsd17b7,HSD17B7
298338,Cdc42,CDC42
298375,Gjc2,GJC2
298378,Cd34,CD34
298384,Zbtb7b,ZBTB7B
298436,Gon4l,GON4L
298458,Errfi1,ERRFI1
298475,Tmem125,TMEM125
298510,Lmo4,LMO4
298522,Rabggtb,RABGGTB
298553,Tm2d1,TM2D1
298574,Trim33,TRIM33
298589,Cd101,CD101
298599,Pbxip1,PBXIP1
298618,Sipa1l2,SIPA1L2
298665,Fcgr1,FCGR1A
298673,Kctd3,KCTD3
298693,Ptafr,PTAFR
298712,Ipp,IPP
298721,Cyb5r1,CYB5R1
298738,Tinagl1,TINAGL1
298755,Cog2,COG2
298773,Dnai3,DNAI3
298780,Fcmr,FCMR
298793,Tlr5,TLR5
298816,Kcnk2,KCNK2
298826,Zmym1,ZMYM1
298854,Tie1,TIE1
298867,Zfp692,ZNF692
298912,P3h1,P3H1
298936,Wdr47,WDR47
298953,Gtf2b,GTF2B
298962,Prkcz,PRKCZ
298993,Tmem183a,TMEM183A
299014,Gnl2,GNL2
299029,Ago4,AGO4
299034,Mfsd14a,MFSD14A
299050,Zmym6,ZMYM6
299072,C1qa,C1QA
299092,Agl,AGL
299117,Itga10,ITGA10
299125,Fuca1,FUCA1
299128,Lrrc42,LRRC42
299149,Entrep3,ENTREP3
299181,Wasf2,WASF2
299194,Sh3bp5l,SH3BP5L
299209,Ctse,CTSE
299219,Rgl1,RGL1
299228,Pax7,PAX7
299235,Scyl3,SCYL3
299248,Hsd11b1,HSD11B1
299254,Dars2,DARS2
299284,Cd164l2,CD164L2
299289,Ttll10,TTLL10
299304,Mpzl1,MPZL1
299319,Cenpl,CENPL
299339,Ago3,AGO3
299351,Mybph,MYBPH
299357,Mrpl24,MRPL24
299392,Selenbp1,SELENBP1
299468,Smim1,SMIM1
299479,Pef1,PEF1
299492,Zbtb40,ZBTB40
299505,Hook1,HOOK1
299522,Ddr2,DDR2
299549,Miga1,MIGA1
299584,Pabpc4,PABPC4
299633,2510039O18Rik,KIAA2013
299637,Yipf1,YIPF1
299652,Pgbd5,PGBD5
299831,Pgm1,PGM1
299843,Rbm34,RBM34
299867,Tmem52,TMEM52
299875,Abcd3,ABCD3
299903,Tspan2,TSPAN2
299916,Necap2,NECAP2
299934,Ccdc28b,CCDC28B
299947,Gclm,GCLM
299956,Nfia,NFIA
299995,Mknk1,MKNK1
300074,S100pbp,S100PBP
300115,Csde1,CSDE1
300290,Csrp1,CSRP1
300321,Mpl,MPL
300326,Khdrbs1,KHDRBS1
300338,Sema6c,SEMA6C
300374,Clca4b,CLCA4
300402,Rnpep,RNPEP
300426,Cttnbp2nl,CTTNBP2NL
300439,Kcnq4,KCNQ4
300445,Actn2,ACTN2
300501,Mfn2,MFN2
300580,Ints7,INTS7
300601,Desi2,DESI2
300624,Capza1,CAPZA1
300675,Lsm10,LSM10
300693,Rspo1,RSPO1
300704,Hcn3,HCN3
300713,Map7d1,MAP7D1
300743,Lpgat1,LPGAT1
300765,Hmgcl,HMGCL
300801,Lgals8,LGALS8
300851,Cadm3,CADM3
300858,Zswim5,ZSWIM5
300864,Rxrg,RXRG
300870,Fgr,FGR
300902,Pex11b,PEX11B
300908,Bcas2,BCAS2
300915,Fhad1,FHAD1
300941,Fbxo44,FBXO44
300964,Niban1,NIBAN1
300981,Ccn1,CCN1
300991,Ptbp2,PTBP2
301023,Nbl1,NBL1
301067,Hapln2,HAPLN2
301083,Efhd2,EFHD2
301089,Henmt1,HENMT1
301102,Ccdc24,CCDC24
301145,Psen2,PSEN2
301225,Lmna,LMNA
301281,Noc2l,NOC2L
301350,Elovl1,ELOVL1
301398,C1qc,C1QC
301409,Ermap,ERMAP
301431,Mybphl,MYBPHL
301440,Nectin4,NECTIN4
301444,Phtf1,PHTF1
301462,Mgst3,MGST3
301505,Acap3,ACAP3
301533,Tmem39b,TMEM39B
301548,Serinc2,SERINC2
301566,Ppp1r12b,PPP1R12B
301588,Sdf4,SDF4
301609,S100a3,S100A3
301615,St7l,ST7L
301665,Odr4,ODR4
301678,Srsf4,SRSF4
301691,Sh2d5,SH2D5
301714,Mr1,MR1
301727,Nipal3,NIPAL3
301745,Slc22a15,SLC22A15
301751,Fyb2,FYB2
301758,Naxe,NAXE
301794,Atp1a2,ATP1A2
301808,Lrig2,LRIG2
301819,Zcchc17,ZCCHC17
301838,Dpyd,DPYD
301853,Vamp4,VAMP4
301862,Hhat,HHAT
301892,Rpl11,RPL11
301916,Fabp3,FABP3
301926,Kmo,KMO
301943,Gbp2,GBP2
301969,S100a16,S100A16
301997,Ngf,NGF
302023,S100a9,S100A9
302033,Polr3c,POLR3C
302068,Mthfr,MTHFR
302144,Ap4b1,AP4B1
302195,Ankrd13c,ANKRD13C
302215,Sytl1,SYTL1
302237,Adar,ADAR
302281,Elk4,ELK4
302290,Dclre1b,DCLRE1B
302299,Ppp2r5a,PPP2R5A
302312,Pigv,PIGV
302351,Ttc4,TTC4
302361,Ptprc,PTPRC
302390,Dnali1,DNALI1
302399,Arhgef10l,ARHGEF10L
302434,Mef2d,MEF2D
302478,Jak1,JAK1
302523,Dennd2c,DENND2C
302531,Gja4,GJA4
302538,Exosc10,EXOSC10
302563,Raver2,RAVER2
302570,Ube2q1,UBE2Q1
302583,Acot11,ACOT11
302592,Ppox,PPOX
302654,Rab29,RAB29
302675,Flvcr1,FLVCR1
302684,Efcab7,EFCAB7
302694,Pear1,PEAR1
302708,Copa,COPA
302758,Aldh4a1,ALDH4A1
302808,Myoc,MYOC
302812,Lrrc47,LRRC47
302823,Hcrtr1,HCRTR1
302831,Miip,MIIP
302844,Snx7,SNX7
302856,Lamc2,LAMC2
302869,Prxl2b,PRXL2B
302890,Eno1,ENO1
302994,Zfp326,ZNF326
303004,Snapin,SNAPIN
303011,Taf1a,TAF1A
303023,Gpr137b,GPR137B
303036,Pogk,POGK
303055,Atp8b2,ATP8B2
303067,S100a13,S100A13
303111,Tada1,TADA1
303117,Snap47,SNAP47
303162,Tspan1,TSPAN1
303189,Ahcyl1,AHCYL1
303202,Jmjd4,JMJD4
303283,Dap3,DAP3
