gene,AT1,Ciliated,AT2,Secretory,Basal
Rp1,0.02239747,0.026602225,0.021790441,-0.0048284703,-0.0047271904
Rpl7,0.043631278,0.035754688,0.04544446,0.03649158,0.03921932
Efhc1,0.0235115,0.028585851,0.02351709,0.02242604,0.021884466
Gsta3,0.024277082,0.0337582,0.027395803,0.04666828,0.046338003
Rpl31,0.037415538,0.028187223,0.03886851,0.031644255,0.03416406
1500015O10Rik,0.025108073,0.026563734,0.0247528,0.024695706,-0.0047271904
Dnah7a,-0.004895806,0.02715002,0.02197229,-0.0048284703,0.022405948
Aox3,0.021545364,0.020797834,0.030279212,0.038495623,0.03641385
Gm973,-0.004895806,0.02864358,0.021233894,0.023281192,0.022036606
Mdh1b,0.02239747,0.02408435,-0.004948629,-0.0048284703,0.024660043
Spag16,0.02109195,0.027376682,0.022412844,0.021295324,0.023249283
Rpl37a,0.0540839,0.045616794,0.05254869,0.048234303,0.052144453
Igfbp2,0.046683658,0.026887054,0.026612554,0.026481137,0.03293431
Igfbp5,0.02782891,0.04640568,0.026869893,0.041210953,0.037385583
Tns1,0.03434015,0.021176266,0.031157073,0.025761692,0.03086356
Catip,0.02288899,0.028905882,0.021233894,0.025519747,0.023249283
Sgpp2,0.0229844,0.01949704,0.030990796,-0.0048284703,-0.0047271904
Col4a4,0.04714912,0.020143175,0.028914075,-0.0048284703,0.022036606
Col4a3,0.04425008,0.02019938,0.027759751,-0.0048284703,0.023249283
Fbxo36,0.026311787,0.0373431,0.02654878,0.03161008,0.031796254
Gm29538,0.020936292,0.032706656,0.020642586,0.026367692,0.025831396
Iqca,0.022150673,0.032153822,0.021610057,0.022992378,0.025349794
Traf3ip1,0.026820796,0.036475252,0.02683106,0.0286394,0.028696254
2310007B03Rik,0.03458941,0.027633555,0.027289381,0.034619905,0.029557139
Bok,0.027002323,0.03127579,0.023321804,0.03246977,0.035244666
Slco4c1,0.026087191,0.020482438,0.0352864,0.031007245,0.028540358
Serpinb5,0.02109195,0.020087102,-0.004948629,0.036349177,0.03893298
Tmem37,0.038212467,0.01986413,0.030728346,0.031073108,0.027794292
Nckap5,0.032450024,0.02135309,0.032247666,-0.0048284703,-0.0047271904
Tmem163,0.02618668,0.019707438,0.034344878,0.021295324,-0.0047271904
Pigr,0.02486209,0.022621986,0.0281453,0.040737074,0.030511344
Slc26a9,0.025951248,0.020711388,0.032629233,0.02242604,-0.0047271904
Chil1,0.031742215,0.025847552,0.062161982,0.026367692,0.027605815
Elf3,0.028782343,0.036086064,0.031392865,0.04275708,0.044398136
Phlda3,0.028048601,0.024174428,0.026650924,0.03570349,0.04069144
Lamc2,0.037467178,0.021392575,0.029446684,0.032816503,0.031356473
Lamc1,0.035188656,0.021912398,0.030908313,0.030843759,0.030166496
Glul,0.030195072,0.028470987,0.032140397,0.037952024,0.044047434
Ier5,0.029945955,0.035708014,0.030502204,0.04170425,0.04221452
Qsox1,0.029250002,0.032409225,0.02831319,0.04315736,0.037185606
Soat1,0.029279662,0.023269828,0.040024556,0.029576747,0.029245777
Prdx6,0.049401876,0.051300514,0.038245,0.056845587,0.06034345
Fmo3,0.021866169,0.021491595,-0.004948629,0.042069543,0.03927736
Ccdc181,0.026950274,0.036825575,0.025836844,0.030908955,0.031009868
Cfap126,0.025865244,0.043916196,0.025581203,0.031007245,0.03063855
Pcp4l1,0.02362071,0.030332873,0.02414799,0.02242604,0.023541426
Cfap45,0.024527347,0.032971982,0.02512712,0.027308475,0.02715601
Trp53bp2,0.033078764,0.032299224,0.029567389,0.03209547,0.03089596
Tgfb2,0.034464236,0.020826722,0.025996845,0.030190231,0.02812204
Spata17,-0.004895806,0.025289245,0.023769336,0.021295324,0.025207572
Lamb3,0.03488585,0.02104942,0.032193936,0.028189177,0.037086714
Meig1,0.023918483,0.037882514,0.02414799,0.026993856,0.027485672
Fam107b,0.027291298,0.023949997,0.025424652,0.036756597,0.039811965
Bend7,0.033268843,0.022013796,0.031632286,0.028272714,0.027579047
Vim,0.04068681,0.030413331,0.035419855,0.02924868,0.02812204
Enkur,0.025404995,0.035026737,0.024869008,0.026916038,0.027077759
Lrrc26,0.022273729,0.02273733,0.022568636,0.04307619,0.03945308
Clic3,0.051187247,0.037449162,0.035920598,0.03768849,0.0349035
Rpl7a,0.043460563,0.03359745,0.043566212,0.027615184,0.029408164
1700007K13Rik,0.0253214,0.04676319,0.023769336,0.028796898,0.029289912
Ak8,0.021665135,0.028774213,0.021470746,0.021295324,0.022624228
Wdr34,0.026872477,0.028994247,0.027329216,0.029834714,0.030448109
Lcn2,0.030867819,0.024401447,0.055774778,0.026481137,0.023432763
St6galnac4,0.026463028,0.019790264,0.031291377,-0.0048284703,0.025637336
Ak1,0.026743542,0.02804711,0.029888509,0.025519747,0.028997788
Ttc16,-0.004895806,0.024355832,-0.004948629,0.024398098,0.023432763
Rpl12,0.037941355,0.026757022,0.03934219,0.030315708,0.031289876
Hc,0.028383393,0.02143213,0.045969564,-0.0048284703,-0.0047271904
Gsn,0.044809338,0.050737523,0.032247666,0.042836037,0.04805991
Morn5,-0.004895806,0.028701514,0.021233894,0.02503294,0.024798432
Ptgs1,0.036959644,0.020568028,0.034386337,0.026838547,0.032787398
Rpl35,0.050837357,0.040244233,0.049531132,0.038833115,0.04214096
Dapl1,0.021545364,0.021225244,-0.004948629,0.03758454,0.047572806
Itgb6,0.036138803,0.020903934,0.0264472,0.02951662,0.02727401
Dpp4,0.027344337,0.02040662,0.034553394,0.02274936,-0.0047271904
Grb14,0.029339148,0.025822926,0.034850586,0.028189177,0.02881051
Erich2,0.026362063,0.037290398,0.025873648,0.026774216,0.025469096
Hnrnpa3,0.03972355,0.035272557,0.041090835,0.032578412,0.03334579
Ttc30b,0.026820796,0.027524931,0.026108418,0.02503294,0.029920101
Agbl2,-0.004895806,0.024061896,0.021233894,0.022992378,-0.0047271904
Prr5l,0.032021433,0.019919679,0.02670221,-0.0048284703,0.02787567
Elf5,0.026224123,0.020615717,0.03430354,0.030315708,0.023848666
Cat,0.031638797,0.030445633,0.041883484,0.037430126,0.03608935
Fsip1,0.023918483,0.024039466,0.021790441,0.02242604,-0.0047271904
Itpka,0.021406421,0.027579159,0.024408208,0.023749411,0.022405948
Ckmt1,0.026615508,0.030252822,0.028034274,0.037740774,0.041568168
Serf2,0.04570573,0.03739602,0.042417407,0.03372981,0.03388628
Secisbp2l,0.030608209,0.022927457,0.037082106,0.030190231,0.02862522
Hdc,0.0264251,0.03931184,0.03610734,0.027308475,0.026212988
Dusp2,0.02384087,0.02018063,0.024962474,0.027615184,0.038876466
Acoxl,0.02557328,0.019993944,0.03446962,-0.0048284703,0.024660043
Spef1,0.024607632,0.032009833,0.024476651,0.02924868,0.0294676
Prnp,0.031916134,0.031516522,0.04151656,0.03548,0.037285224
Flrt3,0.038049117,0.02092328,0.02778701,0.024398098,0.027339892
Dstn,0.044069756,0.03713358,0.040952254,0.035043426,0.036367025
Cfap61,0.021665135,0.026070688,0.020931521,-0.0048284703,-0.0047271904
6820408C15Rik,0.02367553,0.032857675,0.022925986,0.024205836,0.022499237
Hck,0.034014404,0.019542623,0.023769336,0.023937441,-0.0047271904
Bpifa1,0.02423191,0.06553286,0.023064215,0.074010365,0.07876068
Bpifb1,0.025108073,0.02311934,0.024869008,0.046894524,0.033082657
Bpifb5,0.025285684,0.019661544,0.03248273,0.022992378,0.023249283
Map1lc3a,0.033695836,0.04079181,0.037756592,0.047851484,0.046444584
Samhd1,0.03618573,0.022621986,0.031190539,0.03491504,0.03125668
Nnat,0.041233636,0.022424227,0.032087043,0.021295324,-0.0047271904
Snhg11,0.0253214,0.020884607,0.033500846,-0.0048284703,-0.0047271904
Rbpjl,0.030321073,0.020012548,0.036344454,0.025221482,-0.0047271904
Wfdc2,0.04256482,0.068181574,0.061540924,0.069586776,0.06735006
Pltp,0.03123184,0.046523463,0.028987044,0.028384725,0.035682928
Ube2v1,0.03338407,0.024264922,0.033776734,0.024071202,0.021884466
Cebpb,0.03212746,0.041816827,0.034017477,0.045011736,0.048570786
Pard6b,0.034800515,0.021811472,0.02917826,0.031798974,0.030259838
Edn3,0.03140012,0.02033105,0.026973855,-0.0048284703,-0.0047271904
Uckl1os,0.022273729,0.02479355,0.023203349,0.023749411,0.023067344
Rbm3,0.04062017,0.03387998,0.040088516,0.028064607,0.030369403
Mid1ip1,0.030966273,0.030189075,0.044096828,0.03692799,0.03898974
Pgrmc1,0.036761943,0.036978655,0.02968898,0.041349836,0.04387605
Slc25a5,0.03442275,0.04764986,0.037183635,0.044268813,0.048835974
Rpl39,0.047888804,0.03833133,0.04698583,0.04015366,0.03916154
Akap14,0.021545364,0.024608042,0.021610057,0.023281192,0.0239706
Gpc3,0.03467348,0.02271631,0.033210926,0.025664551,0.031557944
Fhl1,0.036280073,0.02884723,0.030406259,0.03137291,0.027659465
Cetn2,0.02825709,0.035385795,0.028411882,0.035568967,0.036181293
Rpl10,0.03623282,0.026397888,0.04015281,0.031339318,0.0317278
Msn,0.044433374,0.025409203,0.033618443,0.029382119,0.033925645
Rpl36a,0.041094575,0.03312581,0.04314245,0.02354124,0.027525632
Arxes2,0.032853838,0.020068442,0.028682662,0.025822656,0.028012127
Bex2,0.02922039,0.022074863,0.04524141,0.033228178,0.031124579
Bex4,0.035364676,0.021781284,0.042895615,0.026481137,0.022405948
Col4a5,0.03425802,0.022969946,0.029996961,0.028883414,0.028232632
Acsl4,0.028131701,0.022269394,0.03749303,0.027682554,0.02618814
Tmem164,0.02780164,0.021611005,0.034893557,0.029352374,0.029647151
Sat1,0.032234225,0.030575505,0.036782116,0.044727284,0.04532574
S100g,0.03070507,0.02171101,0.044465225,0.046780802,0.034064256
Pir,0.025002275,0.03087174,0.023935523,0.041490342,0.042288538
Egfl6,0.029488785,0.021511452,0.04365291,0.0220564,0.03317611
Tmsb4x,0.06927388,0.049703408,0.060964957,0.057874642,0.060825065
Gm8797,0.034381393,0.031005245,0.034979906,0.029293044,0.031389877
Fabp5,0.032595616,0.02342143,0.050834052,0.03234399,0.027392771
Car2,0.03195115,0.02346495,0.034139372,0.023749411,-0.0047271904
Tmem212,0.023918483,0.05299517,0.025352823,0.028384725,0.029201755
Lrrc34,-0.004895806,0.027797779,0.020642586,0.02354124,0.022624228
Kcnmb2,0.02109195,0.027097113,0.023064215,0.021692734,0.023848666
Ccdc39,0.024746025,0.031725958,0.02197229,0.023281192,0.023432763
Cetn4,0.021406421,0.02956528,0.024625756,0.02873946,0.026870683
Hspa4l,0.028638797,0.036327954,0.028229043,0.03213073,0.03353659
Mgst2,0.023446241,0.025193824,0.028539613,0.03917976,0.038270503
Tm4sf1,0.03090057,0.0471337,0.028653957,0.026481137,0.028540358
Mme,0.025597442,0.021650953,0.033210926,-0.0048284703,0.026262783
Mlf1,0.025025737,0.04594756,0.025484713,0.0286394,0.03249771
Lrrc71,0.02331634,0.027742863,0.021790441,0.021295324,0.022189768
Thbs3,0.038601886,0.02175114,0.03031088,0.026735727,0.024352042
Muc1,0.03041622,0.024492996,0.04554744,0.042218883,0.037037537
Efna1,0.039661936,0.023140771,0.031460892,0.034330726,0.038820196
4933434E20Rik,0.02913187,0.045508828,0.029119192,0.03246977,0.03282399
Rps27,0.046347596,0.04058347,0.048796635,0.028525751,0.030670505
S100a1,0.031604476,0.044883337,0.033153623,0.043828353,0.04030692
S100a14,0.03762333,0.021670952,0.028725814,0.042915534,0.043540757
S100a16,0.032413844,0.025627088,0.0315635,0.043239117,0.045133974
S100a6,0.06379585,0.061394442,0.0328144,0.06203373,0.055475652
S100a11,0.053160507,0.058715302,0.04158903,0.057175208,0.052723054
S100a10,0.035678178,0.026913173,0.032301586,0.04417933,0.04561976
Riiad1,0.024827199,0.044197313,0.025666038,0.0353476,0.03327014
Selenbp1,0.034758046,0.039158136,0.038080126,0.059925407,0.05233347
Ctsk,0.025178922,0.028557062,0.021790441,0.02610561,0.024261659
Aph1a,0.032269977,0.023097932,0.032016195,0.026993856,0.02731351
Spag17,0.022018133,0.03351775,0.021233894,0.023937441,0.022189768
Phtf1,0.027159372,0.03060814,0.02735582,0.029682487,0.029859062
Cttnbp2nl,0.03373528,0.02094264,0.028454354,0.031007245,0.025782699
Pifo,0.022772951,0.038217604,0.02275708,0.026916038,0.028053263
Gstm2,0.030132437,0.02953472,0.0300905,0.04244651,0.047454465
Gstm1,0.028739152,0.055086106,0.030247608,0.056221414,0.064531066
1700013F07Rik,0.0225844,0.027715473,0.022925986,0.021692734,0.023432763
F3,0.041303776,0.030542934,0.026574261,0.04810511,0.054464705
Gclm,0.029853504,0.034251787,0.030200316,0.037328172,0.041429117
Enpep,0.027531222,0.020218145,0.033936784,-0.0048284703,0.021884466
Npnt,0.04329238,0.02252808,0.031597856,0.03077883,0.026653145
Slc39a8,0.038489413,0.02052044,0.035828177,0.033457596,0.024961092
Adh7,0.021815743,0.02324826,-0.004948629,0.049045645,0.0496753
Hs2st1,0.036327496,0.02238283,0.0301218,0.029652206,0.031124579
Wdr63,-0.004895806,0.027880488,-0.004948629,0.0220564,0.024798432
Gng5,0.04955143,0.044388875,0.042654015,0.039238464,0.037742868
Gipc2,0.03726182,0.03437796,0.02628331,0.038440228,0.035009246
Erich3,-0.004895806,0.025505725,0.021233894,0.021692734,0.02174337
Rps20,0.0551118,0.04269221,0.05414195,0.041849017,0.045229442
Car8,0.027611915,0.032372467,0.042185564,0.038005374,0.037794698
Wwp1,0.034715697,0.021993479,0.031945672,0.029728008,0.030960951
Aqp3,0.0225844,0.02254891,0.027529728,0.04463407,0.056026626
1110017D15Rik,0.023741508,0.048334993,0.025150755,0.028342638,0.028739015
Dnaic1,0.022668,0.02486358,0.023935523,0.021295324,0.025734125
Fam166b,-0.004895806,0.031902745,0.021233894,0.024071202,0.02538551
Spag8,-0.004895806,0.028876532,-0.004948629,0.024205836,0.024070894
Ccdc180,0.022212114,0.028215388,0.02275708,0.021692734,0.022036606
Akap2,0.039179735,0.020797834,0.026676549,0.0220564,0.022499237
Rps6,0.04009981,0.034002822,0.04226233,0.025221482,0.025349794
Cdkn2b,0.038715366,0.022444956,0.027705356,0.03400716,0.029055819
Ift74,0.02749101,0.032446075,0.027144078,0.030489827,0.03221334
Wdr78,0.0235115,0.030805418,0.025352823,0.023281192,0.024660043
Ldlrad1,0.02239747,0.030284794,0.021610057,0.02537601,0.025529018
Ttc39a,0.024561714,0.03186722,0.024869008,0.031575978,0.029157845
Cyp4a12b,-0.004895806,0.019975357,-0.004948629,0.03789889,0.035009246
Cyp4b1,0.028898057,0.04302828,0.026973855,0.04836513,0.046024397
Tspan1,0.027558079,0.04877011,0.030614875,0.046016987,0.041360185
Ccdc17,0.025143467,0.03594303,0.024869008,0.027548064,0.030104553
Tctex1d4,0.02423191,0.041366335,0.022186343,0.025519747,0.026935149
Cfap57,0.02109195,0.025051588,-0.004948629,0.02274936,-0.0047271904
Ccdc30,0.02448161,0.031173773,0.024962474,0.026838547,0.027221473
Zmynd12,-0.004895806,0.02617074,0.020642586,0.02503294,0.026400384
Mycbp,0.029014561,0.03450529,0.02932685,0.033419114,0.03345998
Dnali1,0.02458466,0.036038212,0.023321804,0.025221482,0.023249283
Oscp1,0.025214443,0.030772366,0.025174418,0.029116282,0.030928422
Tekt2,0.024108203,0.028442394,0.022568636,0.021692734,0.024891222
Marcksl1,0.03237775,0.023552274,0.03303968,0.037379052,0.044760033
Dcdc2b,-0.004895806,0.03049421,0.021233894,0.02568879,0.022036606
Tinagl1,0.040292352,0.021973182,0.033977073,0.034745645,0.03784673
Sfn,0.03057605,0.03144735,0.030793551,0.04644675,0.05470719
Hmgn2,0.03266894,0.025217634,0.035198137,0.027481193,0.028413825
Ubxn11,0.02085885,0.03003082,0.022412844,0.025896069,0.02881051
Rpl11,0.051927842,0.042285863,0.050661296,0.031955235,0.03477762
Tcea3,0.02825709,0.035848524,0.03132513,0.034957707,0.033383757
Hspg2,0.03686043,0.022341508,0.02859669,0.021295324,0.024660043
Ubxn10,0.024311027,0.02996796,0.020931521,0.029471667,0.026729636
Nbl1,0.038887512,0.024333064,0.027992819,0.039476056,0.04062652
Fhad1,0.02448161,0.033557545,0.023593536,0.023281192,0.025101569
Pdpn,0.04248675,0.020539463,0.0286253,0.03349618,0.03859753
Morn1,0.02405222,0.025027987,0.025800113,0.027229311,0.026935149
Cfap74,0.020936292,0.024561942,0.02197229,-0.0048284703,-0.0047271904
Ankrd65,0.0225844,0.02745739,0.020931521,-0.0048284703,0.022624228
Agrn,0.036811095,0.020991113,0.028855925,0.03058559,0.034124058
Cfap69,0.024943741,0.029657312,0.025460666,0.024580723,0.025990503
Tmem243,0.02954902,0.022842743,0.038189806,0.031678505,0.030606657
Sema3a,0.035769075,0.019542623,0.025763454,0.023749411,-0.0047271904
Sema3e,0.040357213,0.02981188,0.026727907,0.025896069,0.027726755
Cd36,0.029822804,0.023972327,0.04130178,0.036878802,0.03239046
Ccdc146,0.023918483,0.031655822,0.022186343,0.02610561,0.024798432
Drc1,0.022668,0.032895677,0.024249414,0.021295324,-0.0047271904
1700001C02Rik,0.022018133,0.03718564,0.02454533,0.02537601,0.026691353
Ift172,0.028103955,0.034547992,0.027012996,0.032523997,0.031440113
Gm1673,0.02670504,0.03408532,0.026485225,0.023281192,0.023738427
Ccdc96,0.021268312,0.02386093,0.020642586,-0.0048284703,0.024261659
Prom1,0.021268312,0.029858544,0.021233894,0.033848036,0.029245777
Pi4k2b,0.028840102,0.024677398,0.038300436,0.032964904,0.034735903
Slc34a2,0.030769972,0.023313027,0.060427636,0.02712429,-0.0047271904
Wdr19,0.025755234,0.026220972,0.024476651,0.026993856,0.025637336
Rpl9,0.035860576,0.029053424,0.037440952,0.031474117,0.0342444
Smim14,0.031811547,0.02415187,0.03290785,-0.0048284703,-0.0047271904
Limch1,0.03929855,0.022695312,0.030470159,0.024205836,-0.0047271904
Atp8a1,0.035144996,0.028964741,0.03841203,0.032706153,0.030574825
Spata18,-0.004895806,0.031551227,0.024249414,0.0220564,-0.0047271904
Hopx,0.050667055,0.029232247,0.030614875,0.03223699,0.026076723
Igfbp7,0.06780411,0.030938348,0.03964768,0.035524413,0.04542288
Sult1d1,0.02109195,0.029172422,0.020931521,0.045205526,0.048440695
Cxcl15,0.0373641,0.03183178,0.06756929,0.030315708,0.025529018
Fam47e,-0.004895806,0.033399034,0.02404707,0.025221482,0.031124579
Fras1,0.031433996,0.019588294,0.025666038,0.023937441,0.024408732
Anxa3,0.047512356,0.025896905,0.03596704,0.044002477,0.04329552
1700007G11Rik,0.022273729,0.034633808,0.024351351,0.024846178,0.022781465
Rpl5,0.03882987,0.030332873,0.041444533,0.028582484,0.031693682
Pla2g1b,0.028927106,0.022218028,0.04137294,0.024398098,-0.0047271904
Rplp0,0.05433011,0.046642624,0.054394167,0.0523578,0.063781425
Ccdc60,0.02109195,0.024470069,-0.004948629,0.023937441,0.021884466
Hspb8,0.031165028,0.023772256,0.03005926,0.0393567,0.043623667
Taok3,0.0311984,0.023001866,0.036249105,0.034047216,0.031440113
Rpl6,0.04763632,0.039097194,0.050324786,0.03311478,0.035201572
Fam216a,0.02709377,0.033087198,0.02781431,0.030521683,0.033045433
Ift81,0.025988227,0.028356908,0.027395803,0.028883414,0.03162567
Morn3,0.020752778,0.02637251,0.021790441,0.021692734,0.025101569
Wdr66,0.022273729,0.026246138,0.02275708,0.0220564,0.023067344
Lrrc43,-0.004895806,0.024654252,0.020931521,0.0220564,0.022781465
Hcar2,0.02109195,0.023717035,0.025068156,0.036161583,0.040561937
Dnah10,0.021268312,0.029473772,-0.004948629,0.021692734,0.022624228
Ubc,0.03783448,0.053231113,0.040413447,0.052557323,0.05574693
Cldn3,0.038377915,0.05372254,0.04391713,0.051418453,0.04422144
Por,0.030226482,0.035801526,0.03266608,0.046556942,0.04430944
Hspb1,0.03361727,0.032117695,0.031426843,0.04849765,0.05399801
Ift22,0.027938414,0.032520056,0.027289381,0.03330426,0.034447186
Pdgfa,0.042963304,0.027282996,0.0318056,0.035884913,0.038056917
Rsph10b,-0.004895806,0.026334504,0.021610057,0.021692734,0.022189768
Rpl21,0.045100007,0.036774945,0.051748004,0.028426912,0.030831225
Hmgb1,0.042409204,0.04400909,0.04281451,0.030034719,0.03186501
Ppp1r9a,0.030163724,0.021892177,0.03418024,0.028272714,0.026039723
Pon1,0.02384087,0.020692222,0.029628072,0.0405395,0.036650382
Cav2,0.03523245,0.029999357,0.028568128,0.03965724,0.042897947
Cav1,0.044159554,0.02361802,0.02978077,0.03906316,0.039995298
Cftr,0.025261907,0.019735014,0.032373786,-0.0048284703,0.021884466
Iqub,-0.004895806,0.025170043,-0.004948629,-0.0048284703,0.022624228
Ptn,0.02997689,0.025529936,0.025269363,0.034188278,0.04192295
Tmem176b,0.043717615,0.049225513,0.03869539,0.051241122,0.051598586
Tmem176a,0.037210975,0.046060197,0.03502328,0.051783208,0.05027607
Aoc1,0.021947088,0.038104907,-0.004948629,0.021692734,0.025990503
Wipf3,0.03153606,0.01964321,0.02642189,0.021692734,-0.0047271904
Aqp1,0.041880373,0.021117633,0.027117787,0.024205836,-0.0047271904
Ndnf,0.052122373,0.021412343,0.031073716,0.022992378,-0.0047271904
Tacstd2,0.036422838,0.027070718,0.029207872,0.04260076,0.04274262
Sftpb,0.037675798,0.032669142,0.069033965,0.034412757,0.030322356
Capg,0.028869055,0.022269394,0.029842244,0.041005585,0.041498445
Tmsb10,0.06461585,0.04738847,0.04747134,0.039965175,0.04049769
Dnah6,0.02288899,0.033320438,-0.004948629,0.025519747,0.025469096
Reg3g,0.026924305,0.062060516,0.026170691,0.064907715,0.05177715
1700003E16Rik,0.02085885,0.024631133,0.022925986,0.0220564,0.024352042
Chchd6,0.027979653,0.03946752,0.027923947,0.03449526,0.035594188
Rpl32,0.052321,0.045296177,0.05100997,0.053852744,0.058653276
8430408G22Rik,0.027133103,0.02861469,0.030957751,0.044916105,0.045520883
Lrrc23,0.02239747,0.03379868,0.023321804,0.027899865,0.023639698
Gapdh,0.046458434,0.045836132,0.04382836,0.024398098,0.025990503
Cd9,0.045602392,0.04540196,0.039044045,0.05509133,0.056315307
Tspan11,0.02591434,0.020124469,0.033856537,-0.0048284703,-0.0047271904
Gprc5a,0.051550362,0.023717035,0.03480774,0.040090512,0.03963126
Emp1,0.03010121,0.02217703,0.02795146,0.038275447,0.04018134
Mgst1,0.03038444,0.034938436,0.043059573,0.050399944,0.04337669
Rps9,0.048966218,0.044782598,0.051189188,0.05072778,0.05791909
Dnaaf3,0.024277082,0.0295959,0.023769336,0.024205836,0.026076723
Syt5,0.024390452,0.031761147,0.020642586,0.02242604,-0.0047271904
Rpl28,0.049857475,0.038503893,0.049684808,0.025761692,0.026513709
Ube2s,0.033003412,0.02538515,0.03251922,0.026633471,0.02763262
Rps5,0.052731313,0.04373275,0.05194186,0.05216239,0.061881855
Ehd2,0.039785467,0.022320881,0.0299659,0.030458027,0.032569624
Pglyrp1,0.025670106,0.028730555,0.028797975,0.058636256,0.0437913
Eml2,0.03000788,0.037663985,0.03122408,0.03303965,0.034611464
Zfp296,-0.004895806,0.022403518,0.02454533,0.03682979,0.041995183
Apoc1,0.026513712,0.021098122,0.03476503,0.028272714,0.03452909
Apoe,0.029102465,0.0231837,0.039222077,0.036443945,0.045820218
Bcam,0.06237801,0.03412675,0.042339608,0.03517298,0.043214913
Rps19,0.060637638,0.04260975,0.057784215,0.048905853,0.057574064
Cxcl17,0.025178922,0.044102788,0.028482728,0.047726963,0.037951406
Cyp2s1,0.025706545,0.048622914,0.022568636,0.029865328,0.03528789
Cyp2b10,0.027264835,0.04100394,0.023203349,0.040937897,0.034945704
Cyp2a5,0.021755379,0.04805524,-0.004948629,0.057517838,0.040057007
Cyp2f2,0.02709377,0.0602122,0.029888509,0.06333956,0.07452666
9530053A07Rik,0.02413064,0.027497884,0.020642586,0.032060295,0.02812204
Rps16,0.05294343,0.041147538,0.051558048,0.038776245,0.043055356
2200002D01Rik,0.03710987,0.022821618,0.029506924,0.04252338,0.038652845
Psenen,0.032632235,0.028103016,0.03422122,0.025982073,0.029114043
Dmkn,0.024746025,0.040111218,0.027065312,0.03230824,0.028896695
Fxyd3,0.033422682,0.028271852,0.029089736,0.0474823,0.049108166
Cebpa,0.026820796,0.023205196,0.037132774,0.034830093,0.036891066
Napsa,0.032559086,0.023399701,0.059923824,0.023281192,-0.0047271904
Kcnc3,0.025755234,0.01980871,0.033115547,0.021692734,-0.0047271904
Rps11,0.04970327,0.04212735,0.047722954,0.047603916,0.051250964
Rpl13a,0.043126658,0.042048916,0.045141302,0.051970918,0.05988814
Ruvbl2,0.02904381,0.03516027,0.028826924,0.03326617,0.03613525
Ftl1,0.05017332,0.07000858,0.053896595,0.060403682,0.07007222
Rpl18,0.04925454,0.043200213,0.052760076,0.037126586,0.040243972
Ccdc114,0.02479237,0.027977487,0.025972143,0.026481137,0.024352042
Ldha,0.03599898,0.0417405,0.041021343,0.04454163,0.04870253
Nav2,0.03558788,0.02359608,0.030826258,0.029014012,0.029996712
Tjp1,0.034095153,0.023291415,0.030908313,0.029621983,0.029497394
Fam174b,0.040821202,0.025724748,0.028987044,0.035793904,0.03289745
Iqgap1,0.03661556,0.03703009,0.040815264,0.0371767,0.03537473
Rps17,0.039847698,0.031412885,0.039524578,0.024398098,0.027077759
Saxo2,0.02442459,0.02971896,0.022412844,0.026267422,0.028053263
Ctsc,0.029915083,0.021781284,0.043225937,0.03606874,0.035505995
Ccdc81,0.022079207,0.024957353,-0.004948629,0.021295324,0.023110017
Ankrd42,0.024897043,0.024933867,0.02341922,0.02354124,0.026138542
Wnt11,0.025621634,0.026563734,0.024683401,0.023749411,0.023432763
Map6,0.031332593,0.019570015,0.023593536,-0.0048284703,-0.0047271904
Serpinh1,0.045500036,0.029688107,0.035782203,0.03530374,0.039335668
Rps3,0.04602184,0.044292666,0.048245568,0.049775247,0.05661362
Kcne3,0.021815743,0.020387705,-0.004948629,0.036756597,0.031830594
Dnajb13,-0.004895806,0.030220916,0.022186343,0.025221482,0.025734125
Plekhb1,0.029161325,0.031378493,0.03125769,0.031172415,0.029084908
Lrrc51,0.024653658,0.04220633,0.026333584,0.032578412,0.03349824
Hbb-bs,0.043376163,0.03404401,0.03733742,0.028955847,0.022929236
Eif3f,0.039358385,0.035477072,0.04166195,0.04391508,0.046770766
Stk33,0.022511516,0.02841385,0.020642586,0.027072005,0.023541426
Rpl27a,0.044341348,0.03552294,0.04586246,0.035748627,0.038378607
BC051019,0.025049224,0.039914448,0.023769336,0.02784529,0.025916908
Rps13,0.042332172,0.034168307,0.042733982,0.026633471,0.023024758
Nucb2,0.028496439,0.02375015,0.03506679,0.03311478,0.032443993
Iqck,0.024333687,0.024700573,0.02414799,0.026267422,0.028232632
Dnah3,-0.004895806,0.025773773,0.022186343,0.0220564,0.024070894
Vwa3a,0.020936292,0.02594639,-0.004948629,0.023937441,0.023067344
Scnn1g,0.042255647,0.019707438,0.027223188,0.027481193,0.022929236
Scnn1b,0.037009533,0.01967989,0.026333584,0.02610561,0.0239706
Nupr1,0.032965876,0.04986814,0.041735332,0.05563849,0.03821678
Fgfr2,0.028985359,0.022800514,0.037389085,0.033190284,0.035862107
Oat,0.031065337,0.024424294,0.03898526,0.039596554,0.042820025
Fank1,0.02331634,0.029322399,0.023365041,0.025519747,0.023848666
Ptpre,0.033578143,0.019956782,0.026108418,0.02951662,0.034064256
Cfap46,0.021406421,0.025313174,-0.004948629,-0.0048284703,-0.0047271904
Kndc1,0.021406421,0.024219623,-0.004948629,0.0220564,-0.0047271904
6430531B16Rik,-0.004895806,0.027309712,-0.004948629,0.02242604,0.02568567
Adam8,-0.004895806,0.03347807,0.020931521,0.027361443,0.026564294
Scgb1c1,0.025645854,0.02010578,0.032740057,0.024398098,0.026780805
Ifitm1,0.028468108,0.057452183,0.027855344,0.049625017,0.0481853
Ifitm3,0.03843354,0.051496007,0.038581286,0.045912176,0.04897117
Muc5b,0.023985242,0.021372823,0.02275708,0.040474348,0.030734604
Mrpl23,0.034135696,0.027018048,0.03357914,0.02242604,0.026615016
Cd81,0.044619754,0.026271343,0.03940269,0.036977366,0.03969121
Ano1,0.034631383,0.019882632,0.028271064,0.03539159,0.033710413
Ppp1r14c,0.029309377,0.031327058,0.0448464,0.030081216,0.03507307
Ccdc170,0.02331634,0.029626578,0.022186343,-0.0048284703,-0.0047271904
Syne1,0.0264251,0.029292291,0.025352823,0.022992378,0.022929236
Adgb,-0.004895806,0.025265343,0.020931521,0.022992378,-0.0047271904
Perp,0.029792158,0.030157298,0.029060332,0.04237014,0.04699384
Myb,0.022772951,0.028075041,0.021233894,0.027982047,0.02893995
Sgk1,0.030543957,0.022863887,0.029148702,0.041073654,0.044134103
Rps12,0.046798103,0.03371784,0.049230784,-0.0048284703,-0.0047271904
Vnn1,0.031032247,0.020865295,0.033896603,0.024695706,0.027025774
Ctgf,0.0386585,0.021690972,0.027651131,0.032272574,0.033710413
Rsph4a,0.023176508,0.029112816,0.020642586,0.023281192,-0.0047271904
Ddo,0.024175586,0.025651453,0.02404707,0.024846178,0.025019506
Ak9,-0.004895806,0.02484021,0.02404707,0.021295324,-0.0047271904
Ppil6,0.025238162,0.036230665,0.026233174,0.027777303,0.029587092
Ccdc162,-0.004895806,0.028528322,0.021470746,0.02994211,0.026729636
Cd24a,0.031776845,0.057070732,0.02981148,0.043656867,0.039751444
Prep,0.036712974,0.02401706,0.03173604,0.03239777,0.02969234
Gja1,0.033974197,0.020596629,0.03330693,0.029728008,0.02727401
Spock2,0.04217962,0.020312194,0.026021583,0.021295324,0.022405948
Rtkn2,0.04529818,0.020653937,0.026869893,0.021692734,0.022929236
Ank3,0.02970056,0.029443385,0.036981348,0.032871984,0.032020804
Rsph14,0.02239747,0.025749244,0.020931521,0.021295324,0.023249283
Rab36,0.022511516,0.02488698,0.024249414,0.02610561,0.022405948
Mmp11,0.03900359,0.02223856,0.028725814,0.029788902,0.027432527
Chchd10,0.035723552,0.058272272,0.040217444,0.045108207,0.03870839
Gm867,0.022018133,0.038678896,0.023064215,0.027189856,-0.0047271904
Vpreb3,0.022668,0.040862095,0.025726862,0.036683805,0.029157845
2610028H24Rik,0.02616176,0.04037876,0.028061964,0.0291603,0.025101569
Col6a1,0.029639779,0.022136103,0.036585826,0.024205836,0.022036606
Fstl3,0.032779604,0.020444497,0.026612554,0.026633471,0.030042844
Cnn2,0.04827958,0.023508566,0.038926747,0.038166743,0.03733531
Rps15,0.040036295,0.03708173,0.04034776,0.0454028,0.04938779
Dram1,0.030999225,0.022653379,0.04908396,0.029072376,0.032443993
Cfap54,0.024699785,0.031072434,0.022186343,0.021692734,-0.0047271904
Cep83,0.028696071,0.033637468,0.029030979,0.027682554,0.028540358
Dcn,0.03028948,0.023226717,0.027992819,0.035839334,0.04466847
Cep290,0.027638897,0.028300157,0.02719678,0.028469203,0.027848504
Lrriq1,-0.004895806,0.027176535,0.020931521,-0.0048284703,-0.0047271904
Csrp2,0.030640433,0.04337487,0.029371686,0.03396722,0.0344064
Glipr1,0.021947088,0.026731128,0.02197229,0.029576747,0.029798245
Lyz2,0.040227834,0.055386458,0.07342241,0.07145144,0.046660937
Lyz1,0.033230633,0.026627932,0.06635214,0.034578238,0.03152419
Cpm,0.027720083,0.032226346,0.037809953,0.03239777,0.028316028
Myl6,0.056918114,0.0425279,0.04339479,0.03860714,0.039512195
Rpl41,0.041954473,0.050380133,0.042109303,0.05276115,0.053553574
Cd63,0.039539628,0.03219004,0.04249574,0.04348793,0.04448753
Ctxn1,0.028076258,0.038388584,0.027249636,0.027548064,0.027957419
Col4a1,0.042882495,0.024816865,0.037650526,0.022992378,-0.0047271904
Col4a2,0.041445315,0.023994682,0.036537204,-0.0048284703,0.022302747
4932443I19Rik,-0.004895806,0.02935256,0.021790441,0.02242604,0.022781465
Nek5,0.021268312,0.03049421,0.023203349,0.028133703,0.027902879
Dlc1,0.033894118,0.021591058,0.030760916,0.023281192,0.028653601
Fam149a,0.024978843,0.026045762,0.02594747,0.028064607,0.026138542
1700029J07Rik,0.024827199,0.02725632,0.023064215,0.025519747,0.02712989
Wwc2,0.03554295,0.022507267,0.031023912,0.032761227,0.032266267
Cldn22,-0.004895806,0.020293353,-0.004948629,0.036208242,0.029737646
Sap30,0.027910974,0.022486476,0.028369516,0.037026923,0.04011902
Crlf1,0.04166084,0.022197518,0.03409863,0.03311478,0.04266572
Uba52,0.05725921,0.044682797,0.054920934,0.03428988,0.03713607
Rpl18a,0.053610593,0.03856195,0.053197924,0.038330138,0.043458432
Ttc29,0.021406421,0.02745739,-0.004948629,0.02274936,0.022189768
Dnajb1,0.030737486,0.042858977,0.032051574,0.043321453,0.049247023
2210011C24Rik,0.03311659,0.02073057,0.025221832,0.023281192,-0.0047271904
Ier2,0.038322527,0.0484779,0.04400662,0.054087386,0.056922298
Junb,0.041025646,0.050557137,0.04374029,0.05432819,0.062466484
Nkd1,0.029731037,0.020749768,0.03290785,0.02354124,-0.0047271904
Gm28511,-0.004895806,-0.005144834,-0.004948629,-0.0048284703,-0.0047271904
Gm28516,-0.004895806,-0.005144834,-0.004948629,-0.0048284703,-0.0047271904
Ces1a,-0.004895806,-0.005144834,-0.004948629,-0.0048284703,-0.0047271904
Ces1c,-0.004895806,-0.005144834,-0.004948629,-0.0048284703,-0.0047271904
Ces1d,0.028411586,0.046885196,0.03989764,0.053623922,0.049530525
Ces1f,-0.004895806,0.019845642,0.020470906,0.03941624,0.02976792
Gm26843,-0.004895806,-0.005144834,-0.004948629,-0.0048284703,-0.0047271904
Mt1,0.030352727,0.057852026,0.041231047,0.040605005,0.04655222
Pllp,0.025476936,0.023356317,0.023769336,0.038385067,0.035817098
Ccl22,-0.004895806,-0.005144834,-0.004948629,-0.0048284703,-0.0047271904
Drc7,0.023587886,0.026991772,0.021233894,0.02354124,0.022036606
Ccdc113,0.023176508,0.039405007,0.022925986,0.02242604,0.025589122
Prss54,-0.004895806,-0.005144834,-0.004948629,-0.0048284703,-0.0047271904
Gm15679,-0.004895806,-0.005144834,-0.004948629,-0.0048284703,-0.0047271904
Gm10631,-0.004895806,-0.005144834,-0.004948629,-0.0048284703,-0.0047271904
Cmtm2a,-0.004895806,-0.005144834,-0.004948629,-0.0048284703,-0.0047271904
Cmtm1,-0.004895806,-0.005144834,-0.004948629,-0.0048284703,-0.0047271904
Gm11020,-0.004895806,-0.005144834,-0.004948629,-0.0048284703,-0.0047271904
Cmtm2b,-0.004895806,-0.005144834,-0.004948629,-0.0048284703,-0.0047271904
Ces2a,-0.004895806,-0.005144834,-0.004948629,-0.0048284703,-0.0047271904
Ces2c,-0.004895806,-0.005144834,-0.004948629,-0.0048284703,-0.0047271904
Ces2h,-0.004895806,-0.005144834,-0.004948629,-0.0048284703,-0.0047271904
Ces3a,-0.004895806,-0.005144834,-0.004948629,-0.0048284703,-0.0047271904
Ces3b,-0.004895806,-0.005144834,-0.004948629,-0.0048284703,-0.0047271904
Ces4a,-0.004895806,-0.005144834,-0.004948629,-0.0048284703,-0.0047271904
Kctd19,-0.004895806,-0.005144834,-0.004948629,-0.0048284703,-0.0047271904
Lrrc36,0.02085885,0.026334504,0.022568636,0.026267422,0.02174337
Tppp3,0.03647076,0.05918392,0.029476777,0.046337683,0.04236302
4933405L10Rik,-0.004895806,-0.005144834,-0.004948629,-0.0048284703,-0.0047271904
Dpep3,-0.004895806,-0.005144834,-0.004948629,-0.0048284703,-0.0047271904
6030452D12Rik,-0.004895806,-0.005144834,-0.004948629,-0.0048284703,-0.0047271904
D030068K23Rik,-0.004895806,-0.005144834,-0.004948629,-0.0048284703,-0.0047271904
Pmfbp1,-0.004895806,-0.005144834,-0.004948629,-0.0048284703,-0.0047271904
Gm17720,-0.004895806,-0.005144834,-0.004948629,-0.0048284703,-0.0047271904
Gm21964,-0.004895806,-0.005144834,-0.004948629,-0.0048284703,-0.0047271904
Gm26832,-0.004895806,-0.005144834,-0.004948629,-0.0048284703,-0.0047271904
Hydin,0.02239747,0.030673621,0.022412844,0.02242604,0.023249283
Gm15894,-0.004895806,-0.005144834,-0.004948629,-0.0048284703,-0.0047271904
Clec18a,-0.004895806,-0.005144834,-0.004948629,-0.0048284703,-0.0047271904
Gm26994,-0.004895806,-0.005144834,-0.004948629,-0.0048284703,-0.0047271904
Syce1l,-0.004895806,-0.005144834,-0.004948629,-0.0048284703,-0.0047271904
Vat1l,-0.004895806,-0.005144834,-0.004948629,-0.0048284703,-0.0047271904
4933408N05Rik,-0.004895806,-0.005144834,-0.004948629,-0.0048284703,-0.0047271904
Clec3a,-0.004895806,-0.005144834,-0.004948629,-0.0048284703,-0.0047271904
Gm16116,-0.004895806,-0.005144834,-0.004948629,-0.0048284703,-0.0047271904
Gm16117,-0.004895806,-0.005144834,-0.004948629,-0.0048284703,-0.0047271904
Gm16118,-0.004895806,-0.005144834,-0.004948629,-0.0048284703,-0.0047271904
Gm15655,-0.004895806,-0.005144834,-0.004948629,-0.0048284703,-0.0047271904
Dynlrb2,0.02745089,0.054795843,0.027855344,0.028796898,0.030135496
Pkd1l2,-0.004895806,-0.005144834,-0.004948629,-0.0048284703,-0.0047271904
Gm15395,-0.004895806,-0.005144834,-0.004948629,-0.0048284703,-0.0047271904
Osgin1,0.02288899,0.026679456,0.02762408,0.039718222,0.0407567
Dnaaf1,-0.004895806,0.024770265,-0.004948629,-0.0048284703,0.025207572
Adad2,-0.004895806,-0.005144834,-0.004948629,-0.0048284703,-0.0047271904
Wfdc1,0.0336565,0.021020247,0.025836844,0.03811273,0.028455902
Cotl1,0.026261643,0.02303384,0.028271064,0.04040954,0.04370718
Gm20388,-0.004895806,-0.005144834,-0.004948629,-0.0048284703,-0.0047271904
Gm15684,-0.004895806,-0.005144834,-0.004948629,-0.0048284703,-0.0047271904
Fam92b,0.02078166,0.03124171,-0.004948629,0.024205836,0.02174337
Gm26739,-0.004895806,-0.005144834,-0.004948629,-0.0048284703,-0.0047271904
Gm26537,-0.004895806,-0.005144834,-0.004948629,-0.0048284703,-0.0047271904
Gm28324,-0.004895806,-0.005144834,-0.004948629,-0.0048284703,-0.0047271904
5033426O07Rik,-0.004895806,-0.005144834,-0.004948629,-0.0048284703,-0.0047271904
Gm26747,-0.004895806,-0.005144834,-0.004948629,-0.0048284703,-0.0047271904
Gm26784,-0.004895806,-0.005144834,-0.004948629,-0.0048284703,-0.0047271904
Map1lc3b,0.03532046,0.04017754,0.03606041,0.04340439,0.046881724
Jph3,-0.004895806,-0.005144834,-0.004948629,-0.0048284703,-0.0047271904
Gm20406,-0.004895806,-0.005144834,-0.004948629,-0.0048284703,-0.0047271904
Trhr2,-0.004895806,-0.005144834,-0.004948629,-0.0048284703,-0.0047271904
Gm10612,-0.004895806,-0.005144834,-0.004948629,-0.0048284703,-0.0047271904
Rpl13,0.05877884,0.046289224,0.055480886,0.042678658,0.050122485
4933417D19Rik,-0.004895806,-0.005144834,-0.004948629,-0.0048284703,-0.0047271904
Gas8,0.027856223,0.030838544,0.026195662,0.030315708,0.031659637
1810008B01Rik,-0.004895806,-0.005144834,-0.004948629,-0.0048284703,-0.0047271904
A730098A19Rik,-0.004895806,-0.005144834,-0.004948629,-0.0048284703,-0.0047271904
Nrp1,0.032305818,0.021225244,0.037285957,0.021692734,0.02174337
Itgb1,0.04272256,0.03278197,0.03770345,0.03593064,0.036988538
Ccdc7a,-0.004895806,-0.005144834,-0.004948629,-0.0048284703,-0.0047271904
Gm3952,-0.004895806,-0.005144834,-0.004948629,-0.0048284703,-0.0047271904
Ccdc7b,-0.004895806,-0.005144834,-0.004948629,-0.0048284703,-0.0047271904
Gm10999,-0.004895806,-0.005144834,-0.004948629,-0.0048284703,-0.0047271904
Gm2888,-0.004895806,-0.005144834,-0.004948629,-0.0048284703,-0.0047271904
Gm10340,-0.004895806,-0.005144834,-0.004948629,-0.0048284703,-0.0047271904
Gm5795,-0.004895806,-0.005144834,-0.004948629,-0.0048284703,-0.0047271904
Gm2956,-0.004895806,-0.005144834,-0.004948629,-0.0048284703,-0.0047271904
Gm10413,-0.004895806,-0.005144834,-0.004948629,-0.0048284703,-0.0047271904
Gm10408,-0.004895806,-0.005144834,-0.004948629,-0.0048284703,-0.0047271904
Gm3012,-0.004895806,-0.005144834,-0.004948629,-0.0048284703,-0.0047271904
Gm3043,-0.004895806,-0.005144834,-0.004948629,-0.0048284703,-0.0047271904
Gm3002,-0.004895806,-0.005144834,-0.004948629,-0.0048284703,-0.0047271904
Gm3033,-0.004895806,-0.005144834,-0.004948629,-0.0048284703,-0.0047271904
Gm2916,-0.004895806,-0.005144834,-0.004948629,-0.0048284703,-0.0047271904
Gm3029,-0.004895806,-0.005144834,-0.004948629,-0.0048284703,-0.0047271904
Gm3095,-0.004895806,-0.005144834,-0.004948629,-0.0048284703,-0.0047271904
Gm3099,-0.004895806,-0.005144834,-0.004948629,-0.0048284703,-0.0047271904
Gm3115,-0.004895806,-0.005144834,-0.004948629,-0.0048284703,-0.0047271904
Gm8108,-0.004895806,-0.005144834,-0.004948629,-0.0048284703,-0.0047271904
Gm2974,-0.004895806,-0.005144834,-0.004948629,-0.0048284703,-0.0047271904
Gm3138,-0.004895806,-0.005144834,-0.004948629,-0.0048284703,-0.0047271904
Gm3149,-0.004895806,-0.005144834,-0.004948629,-0.0048284703,-0.0047271904
2610042L04Rik,-0.004895806,-0.005144834,-0.004948629,-0.0048284703,-0.0047271904
Gm3159,-0.004895806,-0.005144834,-0.004948629,-0.0048284703,-0.0047271904
Gm3182,-0.004895806,-0.005144834,-0.004948629,-0.0048284703,-0.0047271904
Gm3047,-0.004895806,-0.005144834,-0.004948629,-0.0048284703,-0.0047271904
Gm8159,-0.004895806,-0.005144834,-0.004948629,-0.0048284703,-0.0047271904
Gm3239,-0.004895806,-0.005144834,-0.004948629,-0.0048284703,-0.0047271904
Gm7876,-0.004895806,-0.005144834,-0.004948629,-0.0048284703,-0.0047271904
Gm3252,-0.004895806,-0.005144834,-0.004948629,-0.0048284703,-0.0047271904
Gm9602,-0.004895806,-0.005144834,-0.004948629,-0.0048284703,-0.0047271904
Gm3269,-0.004895806,-0.005144834,-0.004948629,-0.0048284703,-0.0047271904
Gm3264,-0.004895806,-0.005144834,-0.004948629,-0.0048284703,-0.0047271904
Gm3278,-0.004895806,-0.005144834,-0.004948629,-0.0048284703,-0.0047271904
Gm8297,-0.004895806,-0.005144834,-0.004948629,-0.0048284703,-0.0047271904
Gm3298,-0.004895806,-0.005144834,-0.004948629,-0.0048284703,-0.0047271904
4930555G01Rik,-0.004895806,-0.005144834,-0.004948629,-0.0048284703,-0.0047271904
Gm8279,-0.004895806,-0.005144834,-0.004948629,-0.0048284703,-0.0047271904
Gm3317,-0.004895806,-0.005144834,-0.004948629,-0.0048284703,-0.0047271904
Gm8271,-0.004895806,-0.005144834,-0.004948629,-0.0048284703,-0.0047271904
Gm3526,-0.004895806,-0.005144834,-0.004948629,-0.0048284703,-0.0047271904
Gm3542,-0.004895806,-0.005144834,-0.004948629,-0.0048284703,-0.0047271904
Gm3500,-0.004895806,-0.005144834,-0.004948629,-0.0048284703,-0.0047271904
Gm3194,-0.004895806,-0.005144834,-0.004948629,-0.0048284703,-0.0047271904
Gm8246,-0.004895806,-0.005144834,-0.004948629,-0.0048284703,-0.0047271904
Gm3187,-0.004895806,-0.005144834,-0.004948629,-0.0048284703,-0.0047271904
Gm3532,-0.004895806,-0.005144834,-0.004948629,-0.0048284703,-0.0047271904
Gm3383,-0.004895806,-0.005144834,-0.004948629,-0.0048284703,-0.0047271904
Gm8265,-0.004895806,-0.005144834,-0.004948629,-0.0048284703,-0.0047271904
Gm9603,-0.004895806,-0.005144834,-0.004948629,-0.0048284703,-0.0047271904
Gm3373,-0.004895806,-0.005144834,-0.004948629,-0.0048284703,-0.0047271904
Gm3424,-0.004895806,-0.005144834,-0.004948629,-0.0048284703,-0.0047271904
Gm3453,-0.004895806,-0.005144834,-0.004948629,-0.0048284703,-0.0047271904
Gm6337,-0.004895806,-0.005144834,-0.004948629,-0.0048284703,-0.0047271904
Gm3476,-0.004895806,-0.005144834,-0.004948629,-0.0048284703,-0.0047271904
Gm21560,-0.004895806,-0.005144834,-0.004948629,-0.0048284703,-0.0047271904
Gm21103,-0.004895806,-0.005144834,-0.004948629,-0.0048284703,-0.0047271904
Gm3618,-0.004895806,-0.005144834,-0.004948629,-0.0048284703,-0.0047271904
Gm16440,-0.004895806,-0.005144834,-0.004948629,-0.0048284703,-0.0047271904
Gm3591,-0.004895806,-0.005144834,-0.004948629,-0.0048284703,-0.0047271904
Gm3594,-0.004895806,-0.005144834,-0.004948629,-0.0048284703,-0.0047271904
Gm8356,-0.004895806,-0.005144834,-0.004948629,-0.0048284703,-0.0047271904
Gm3629,-0.004895806,-0.005144834,-0.004948629,-0.0048284703,-0.0047271904
Gm3460,-0.004895806,-0.005144834,-0.004948629,-0.0048284703,-0.0047271904
Gm10251,-0.004895806,-0.005144834,-0.004948629,-0.0048284703,-0.0047271904
Gm8050,-0.004895806,-0.005144834,-0.004948629,-0.0048284703,-0.0047271904
Gm8362,-0.004895806,-0.005144834,-0.004948629,-0.0048284703,-0.0047271904
Gm3642,-0.004895806,-0.005144834,-0.004948629,-0.0048284703,-0.0047271904
Gm6356,-0.004895806,-0.005144834,-0.004948629,-0.0048284703,-0.0047271904
Gm3685,-0.004895806,-0.005144834,-0.004948629,-0.0048284703,-0.0047271904
Gm6676,-0.004895806,-0.005144834,-0.004948629,-0.0048284703,-0.0047271904
Gm16434,-0.004895806,-0.005144834,-0.004948629,-0.0048284703,-0.0047271904
Gm3727,-0.004895806,-0.005144834,-0.004948629,-0.0048284703,-0.0047271904
Gm5797,-0.004895806,-0.005144834,-0.004948629,-0.0048284703,-0.0047271904
Gm8374,-0.004895806,-0.005144834,-0.004948629,-0.0048284703,-0.0047271904
Gm10339,-0.004895806,-0.005144834,-0.004948629,-0.0048284703,-0.0047271904
Gm3755,-0.004895806,-0.005144834,-0.004948629,-0.0048284703,-0.0047271904
Gm3752,-0.004895806,-0.005144834,-0.004948629,-0.0048284703,-0.0047271904
Gm10338,-0.004895806,-0.005144834,-0.004948629,-0.0048284703,-0.0047271904
Gm10128,-0.004895806,-0.005144834,-0.004948629,-0.0048284703,-0.0047271904
Dnase1l3,-0.004895806,-0.005144834,-0.004948629,-0.0048284703,-0.0047271904
Acox2,0.02109195,0.027660815,0.020642586,0.0291603,0.026325203
Oit1,0.022150673,0.023076545,0.020642586,0.041776415,0.040433776
Fhitos,-0.004895806,-0.005144834,-0.004948629,-0.0048284703,-0.0047271904
Gm3848,-0.004895806,-0.005144834,-0.004948629,-0.0048284703,-0.0047271904
Fezf2,-0.004895806,-0.005144834,-0.004948629,-0.0048284703,-0.0047271904
Cadps,-0.004895806,-0.005144834,-0.004948629,-0.0048284703,-0.0047271904
Sntn,0.02378561,0.038274337,0.02341922,0.025713062,0.024465578
Olfr720,-0.004895806,-0.005144834,-0.004948629,-0.0048284703,-0.0047271904
Olfr31,-0.004895806,-0.005144834,-0.004948629,-0.0048284703,-0.0047271904
Olfr721-ps1,-0.004895806,-0.005144834,-0.004948629,-0.0048284703,-0.0047271904
Rpl15,0.047268793,0.03799322,0.04607777,0.034127653,0.03599801
Gm21738,-0.004895806,-0.005144834,-0.004948629,-0.0048284703,-0.0047271904
Gm5458,-0.004895806,-0.005144834,-0.004948629,-0.0048284703,-0.0047271904
Cfap70,-0.004895806,0.027336467,0.020642586,0.02274936,0.022781465
7330404K18Rik,-0.004895806,-0.005144834,-0.004948629,-0.0048284703,-0.0047271904
Adk,0.032522645,0.021932641,0.036881357,0.030811263,0.030416582
Dupd1,-0.004895806,-0.005144834,-0.004948629,-0.0048284703,-0.0047271904
Gm15935,-0.004895806,-0.005144834,-0.004948629,-0.0048284703,-0.0047271904
Gm10248,-0.004895806,-0.005144834,-0.004948629,-0.0048284703,-0.0047271904
Gm29626,-0.004895806,-0.005144834,-0.004948629,-0.0048284703,-0.0047271904
Rps24,0.058372594,0.04508774,0.055196483,0.046122827,0.04982217
4930542C16Rik,-0.004895806,-0.005144834,-0.004948629,-0.0048284703,-0.0047271904
4930428N03Rik,-0.004895806,-0.005144834,-0.004948629,-0.0048284703,-0.0047271904
Gm10398,-0.004895806,-0.005144834,-0.004948629,-0.0048284703,-0.0047271904
Gm26772,-0.004895806,-0.005144834,-0.004948629,-0.0048284703,-0.0047271904
Gm9780,-0.004895806,-0.005144834,-0.004948629,-0.0048284703,-0.0047271904
Cphx2,-0.004895806,-0.005144834,-0.004948629,-0.0048284703,-0.0047271904
Cphx3,-0.004895806,-0.005144834,-0.004948629,-0.0048284703,-0.0047271904
Duxbl2,-0.004895806,-0.005144834,-0.004948629,-0.0048284703,-0.0047271904
Tmem254b,-0.004895806,-0.005144834,-0.004948629,-0.0048284703,-0.0047271904
4933413J09Rik,-0.004895806,-0.005144834,-0.004948629,-0.0048284703,-0.0047271904
Slmapos2,-0.004895806,-0.005144834,-0.004948629,-0.0048284703,-0.0047271904
Dnah12,0.022079207,0.03169085,0.021610057,0.026774216,0.024160448
Gm2670,-0.004895806,-0.005144834,-0.004948629,-0.0048284703,-0.0047271904
Lrtm1,-0.004895806,-0.005144834,-0.004948629,-0.0048284703,-0.0047271904
1700087M22Rik,-0.004895806,-0.005144834,-0.004948629,-0.0048284703,-0.0047271904
Dnah1,-0.004895806,0.024310322,0.021233894,-0.0048284703,0.024961092
Colq,-0.004895806,-0.005144834,-0.004948629,-0.0048284703,-0.0047271904
D830044D21Rik,-0.004895806,-0.005144834,-0.004948629,-0.0048284703,-0.0047271904
Msmb,-0.004895806,-0.005144834,-0.004948629,-0.0048284703,-0.0047271904
Gm17210,-0.004895806,-0.005144834,-0.004948629,-0.0048284703,-0.0047271904
1700024G13Rik,0.02331634,0.0320457,0.023769336,0.02274936,-0.0047271904
Chat,-0.004895806,-0.005144834,-0.004948629,-0.0048284703,-0.0047271904
Slc18a3,-0.004895806,-0.005144834,-0.004948629,-0.0048284703,-0.0047271904
Gm2990,-0.004895806,-0.005144834,-0.004948629,-0.0048284703,-0.0047271904
Prrxl1,-0.004895806,-0.005144834,-0.004948629,-0.0048284703,-0.0047271904
Gm28651,-0.004895806,-0.005144834,-0.004948629,-0.0048284703,-0.0047271904
1810011H11Rik,-0.004895806,-0.005144834,-0.004948629,-0.0048284703,-0.0047271904
Fam170b,-0.004895806,-0.005144834,-0.004948629,-0.0048284703,-0.0047271904
Arhgap22,0.031707667,0.020049796,0.025269363,0.02242604,0.030291066
Gdf2,-0.004895806,-0.005144834,-0.004948629,-0.0048284703,-0.0047271904
Rbp3,-0.004895806,-0.005144834,-0.004948629,-0.0048284703,-0.0047271904
Zfp488,-0.004895806,-0.005144834,-0.004948629,-0.0048284703,-0.0047271904
Gm5460,-0.004895806,-0.005144834,-0.004948629,-0.0048284703,-0.0047271904
Antxrl,-0.004895806,-0.005144834,-0.004948629,-0.0048284703,-0.0047271904
Anxa8,0.028956208,0.034420274,0.024430996,0.038719628,0.041291647
Npy4r,-0.004895806,-0.005144834,-0.004948629,-0.0048284703,-0.0047271904
Grid1,-0.004895806,-0.005144834,-0.004948629,-0.0048284703,-0.0047271904
4930596D02Rik,-0.004895806,-0.005144834,-0.004948629,-0.0048284703,-0.0047271904
4930474N05Rik,-0.004895806,-0.005144834,-0.004948629,-0.0048284703,-0.0047271904
Rgr,-0.004895806,-0.005144834,-0.004948629,-0.0048284703,-0.0047271904
Lrit1,-0.004895806,-0.005144834,-0.004948629,-0.0048284703,-0.0047271904
Lrit2,-0.004895806,-0.005144834,-0.004948629,-0.0048284703,-0.0047271904
Nrg3,-0.004895806,-0.005144834,-0.004948629,-0.0048284703,-0.0047271904
Gm20641,-0.004895806,-0.005144834,-0.004948629,-0.0048284703,-0.0047271904
Nrg3os,-0.004895806,-0.005144834,-0.004948629,-0.0048284703,-0.0047271904
Gm20642,-0.004895806,-0.005144834,-0.004948629,-0.0048284703,-0.0047271904
1700109I08Rik,-0.004895806,-0.005144834,-0.004948629,-0.0048284703,-0.0047271904
Fam213a,0.02749101,0.035340384,0.029371686,0.035108056,0.03428473
Sftpa1,0.03826738,0.03383927,0.07088381,0.041280195,0.034004692
Sftpd,0.031298935,0.029202309,0.053657703,0.047243234,0.037588578
Gm2832,-0.004895806,-0.005144834,-0.004948629,-0.0048284703,-0.0047271904
Gm5798,-0.004895806,-0.005144834,-0.004948629,-0.0048284703,-0.0047271904
Gm7945,-0.004895806,-0.005144834,-0.004948629,-0.0048284703,-0.0047271904
Gm6482,-0.004895806,-0.005144834,-0.004948629,-0.0048284703,-0.0047271904
Gm7954,-0.004895806,-0.005144834,-0.004948629,-0.0048284703,-0.0047271904
Gm3486,-0.004895806,-0.005144834,-0.004948629,-0.0048284703,-0.0047271904
Gm7970,-0.004895806,-0.005144834,-0.004948629,-0.0048284703,-0.0047271904
1700049E17Rik2,-0.004895806,-0.005144834,-0.004948629,-0.0048284703,-0.0047271904
Gm3072,-0.004895806,-0.005144834,-0.004948629,-0.0048284703,-0.0047271904
Gm3676,-0.004895806,-0.005144834,-0.004948629,-0.0048284703,-0.0047271904
Gm8068,-0.004895806,-0.005144834,-0.004948629,-0.0048284703,-0.0047271904
Gm7929,-0.004895806,-0.005144834,-0.004948629,-0.0048284703,-0.0047271904
Gm7980,-0.004895806,-0.005144834,-0.004948629,-0.0048284703,-0.0047271904
1700049E17Rik1,-0.004895806,-0.005144834,-0.004948629,-0.0048284703,-0.0047271904
1700024B05Rik,-0.004895806,-0.005144834,-0.004948629,-0.0048284703,-0.0047271904
Gm6401,-0.004895806,-0.005144834,-0.004948629,-0.0048284703,-0.0047271904
Gm3543,-0.004895806,-0.005144834,-0.004948629,-0.0048284703,-0.0047271904
Gm7951,-0.004895806,-0.005144834,-0.004948629,-0.0048284703,-0.0047271904
Gm17027,-0.004895806,-0.005144834,-0.004948629,-0.0048284703,-0.0047271904
Gm3573,-0.004895806,-0.005144834,-0.004948629,-0.0048284703,-0.0047271904
Gm17026,-0.004895806,-0.005144834,-0.004948629,-0.0048284703,-0.0047271904
Gm9611,-0.004895806,-0.005144834,-0.004948629,-0.0048284703,-0.0047271904
Gm7995,-0.004895806,-0.005144834,-0.004948629,-0.0048284703,-0.0047271904
Gm8005,-0.004895806,-0.005144834,-0.004948629,-0.0048284703,-0.0047271904
Gm8011,-0.004895806,-0.005144834,-0.004948629,-0.0048284703,-0.0047271904
Gm8020,-0.004895806,-0.005144834,-0.004948629,-0.0048284703,-0.0047271904
Gm8024,-0.004895806,-0.005144834,-0.004948629,-0.0048284703,-0.0047271904
Gm17124,-0.004895806,-0.005144834,-0.004948629,-0.0048284703,-0.0047271904
Gm3633,-0.004895806,-0.005144834,-0.004948629,-0.0048284703,-0.0047271904
Gm10378,-0.004895806,-0.005144834,-0.004948629,-0.0048284703,-0.0047271904
Gm3015,-0.004895806,-0.005144834,-0.004948629,-0.0048284703,-0.0047271904
Gm10377,-0.004895806,-0.005144834,-0.004948629,-0.0048284703,-0.0047271904
Gm21977,-0.004895806,-0.005144834,-0.004948629,-0.0048284703,-0.0047271904
Gm8082,-0.004895806,-0.005144834,-0.004948629,-0.0048284703,-0.0047271904
Gm10376,-0.004895806,-0.005144834,-0.004948629,-0.0048284703,-0.0047271904
Gm8094,-0.004895806,-0.005144834,-0.004948629,-0.0048284703,-0.0047271904
Gm8104,-0.004895806,-0.005144834,-0.004948629,-0.0048284703,-0.0047271904
Gm7233,-0.004895806,-0.005144834,-0.004948629,-0.0048284703,-0.0047271904
Gm8122,-0.004895806,-0.005144834,-0.004948629,-0.0048284703,-0.0047271904
Gm8126,-0.004895806,-0.005144834,-0.004948629,-0.0048284703,-0.0047271904
Gm8127,-0.004895806,-0.005144834,-0.004948629,-0.0048284703,-0.0047271904
1700001F09Rik,-0.004895806,-0.005144834,-0.004948629,-0.0048284703,-0.0047271904
Gm8138,-0.004895806,-0.005144834,-0.004948629,-0.0048284703,-0.0047271904
Gm5799,-0.004895806,-0.005144834,-0.004948629,-0.0048284703,-0.0047271904
Gm17654,-0.004895806,-0.005144834,-0.004948629,-0.0048284703,-0.0047271904
Gm10375,-0.004895806,-0.005144834,-0.004948629,-0.0048284703,-0.0047271904
Gm8165,-0.004895806,-0.005144834,-0.004948629,-0.0048284703,-0.0047271904
Gm16506,-0.004895806,-0.005144834,-0.004948629,-0.0048284703,-0.0047271904
Gm6526,-0.004895806,-0.005144834,-0.004948629,-0.0048284703,-0.0047271904
Gm8180,-0.004895806,-0.005144834,-0.004948629,-0.0048284703,-0.0047271904
Ear10,-0.004895806,-0.005144834,-0.004948629,-0.0048284703,-0.0047271904
Ang5,-0.004895806,-0.005144834,-0.004948629,-0.0048284703,-0.0047271904
Ang6,-0.004895806,-0.005144834,-0.004948629,-0.0048284703,-0.0047271904
Gm3287,-0.004895806,-0.005144834,-0.004948629,-0.0048284703,-0.0047271904
Gm3327,-0.004895806,-0.005144834,-0.004948629,-0.0048284703,-0.0047271904
4930503E14Rik,-0.004895806,-0.005144834,-0.004948629,-0.0048284703,-0.0047271904
Gm8212,-0.004895806,-0.005144834,-0.004948629,-0.0048284703,-0.0047271904
Gm8220,-0.004895806,-0.005144834,-0.004948629,-0.0048284703,-0.0047271904
Gm5930,-0.004895806,-0.005144834,-0.004948629,-0.0048284703,-0.0047271904
Gm8229,-0.004895806,-0.005144834,-0.004948629,-0.0048284703,-0.0047271904
Gm3371,-0.004895806,-0.005144834,-0.004948629,-0.0048284703,-0.0047271904
Gm8232,-0.004895806,-0.005144834,-0.004948629,-0.0048284703,-0.0047271904
BC061237,-0.004895806,-0.005144834,-0.004948629,-0.0048284703,-0.0047271904
Gm17093,-0.004895806,-0.005144834,-0.004948629,-0.0048284703,-0.0047271904
Gm5624,-0.004895806,-0.005144834,-0.004948629,-0.0048284703,-0.0047271904
Gm8247,-0.004895806,-0.005144834,-0.004948629,-0.0048284703,-0.0047271904
Gm8257,-0.004895806,-0.005144834,-0.004948629,-0.0048284703,-0.0047271904
Gm8267,-0.004895806,-0.005144834,-0.004948629,-0.0048284703,-0.0047271904
Gm17173,-0.004895806,-0.005144834,-0.004948629,-0.0048284703,-0.0047271904
Fermt2,0.035929605,0.02509888,0.03381658,0.030394623,0.031761993
Gm15601,-0.004895806,-0.005144834,-0.004948629,-0.0048284703,-0.0047271904
Gm15218,-0.004895806,-0.005144834,-0.004948629,-0.0048284703,-0.0047271904
Gm15221,-0.004895806,-0.005144834,-0.004948629,-0.0048284703,-0.0047271904
E130120K24Rik,-0.004895806,-0.005144834,-0.004948629,-0.0048284703,-0.0047271904
Lgals3,0.03540903,0.04726028,0.029297026,0.059473246,0.054228425
Otx2,-0.004895806,-0.005144834,-0.004948629,-0.0048284703,-0.0047271904
Otx2os1,-0.004895806,-0.005144834,-0.004948629,-0.0048284703,-0.0047271904
Slc35f4,-0.004895806,-0.005144834,-0.004948629,-0.0048284703,-0.0047271904
Olfr722,-0.004895806,-0.005144834,-0.004948629,-0.0048284703,-0.0047271904
Olfr723,-0.004895806,-0.005144834,-0.004948629,-0.0048284703,-0.0047271904
Olfr724,-0.004895806,-0.005144834,-0.004948629,-0.0048284703,-0.0047271904
Olfr725,-0.004895806,-0.005144834,-0.004948629,-0.0048284703,-0.0047271904
Olfr726,-0.004895806,-0.005144834,-0.004948629,-0.0048284703,-0.0047271904
Olfr727,-0.004895806,-0.005144834,-0.004948629,-0.0048284703,-0.0047271904
Olfr728,-0.004895806,-0.005144834,-0.004948629,-0.0048284703,-0.0047271904
Olfr729,-0.004895806,-0.005144834,-0.004948629,-0.0048284703,-0.0047271904
Olfr730,-0.004895806,-0.005144834,-0.004948629,-0.0048284703,-0.0047271904
Olfr731,-0.004895806,-0.005144834,-0.004948629,-0.0048284703,-0.0047271904
Olfr732,-0.004895806,-0.005144834,-0.004948629,-0.0048284703,-0.0047271904
Olfr733,-0.004895806,-0.005144834,-0.004948629,-0.0048284703,-0.0047271904
Olfr734,-0.004895806,-0.005144834,-0.004948629,-0.0048284703,-0.0047271904
Olfr735,-0.004895806,-0.005144834,-0.004948629,-0.0048284703,-0.0047271904
Tlr11,-0.004895806,-0.005144834,-0.004948629,-0.0048284703,-0.0047271904
Olfr736,-0.004895806,-0.005144834,-0.004948629,-0.0048284703,-0.0047271904
Olfr738,-0.004895806,-0.005144834,-0.004948629,-0.0048284703,-0.0047271904
Olfr739,-0.004895806,-0.005144834,-0.004948629,-0.0048284703,-0.0047271904
Olfr740,-0.004895806,-0.005144834,-0.004948629,-0.0048284703,-0.0047271904
Olfr741,-0.004895806,-0.005144834,-0.004948629,-0.0048284703,-0.0047271904
Olfr742,-0.004895806,-0.005144834,-0.004948629,-0.0048284703,-0.0047271904
Olfr743,-0.004895806,-0.005144834,-0.004948629,-0.0048284703,-0.0047271904
Olfr744,-0.004895806,-0.005144834,-0.004948629,-0.0048284703,-0.0047271904
Olfr745,-0.004895806,-0.005144834,-0.004948629,-0.0048284703,-0.0047271904
Olfr746,-0.004895806,-0.005144834,-0.004948629,-0.0048284703,-0.0047271904
Olfr747,-0.004895806,-0.005144834,-0.004948629,-0.0048284703,-0.0047271904
Olfr748,-0.004895806,-0.005144834,-0.004948629,-0.0048284703,-0.0047271904
Olfr749,-0.004895806,-0.005144834,-0.004948629,-0.0048284703,-0.0047271904
Rnase10,-0.004895806,-0.005144834,-0.004948629,-0.0048284703,-0.0047271904
Rnase9,-0.004895806,-0.005144834,-0.004948629,-0.0048284703,-0.0047271904
Rnase11,-0.004895806,-0.005144834,-0.004948629,-0.0048284703,-0.0047271904
Rnase12,-0.004895806,-0.005144834,-0.004948629,-0.0048284703,-0.0047271904
Rnase4,0.036045432,0.03073938,0.045342457,0.032927666,0.03910402
Rnase6,-0.004895806,-0.005144834,-0.004948629,-0.0048284703,-0.0047271904
Rnase2b,-0.004895806,-0.005144834,-0.004948629,-0.0048284703,-0.0047271904
Ang2,-0.004895806,-0.005144834,-0.004948629,-0.0048284703,-0.0047271904
Ear14,-0.004895806,-0.005144834,-0.004948629,-0.0048284703,-0.0047271904
Rnase2a,-0.004895806,-0.005144834,-0.004948629,-0.0048284703,-0.0047271904
Gm21718,-0.004895806,-0.005144834,-0.004948629,-0.0048284703,-0.0047271904
Gm7247,-0.004895806,-0.005144834,-0.004948629,-0.0048284703,-0.0047271904
Vmn2r88,-0.004895806,-0.005144834,-0.004948629,-0.0048284703,-0.0047271904
Vmn2r89,-0.004895806,-0.005144834,-0.004948629,-0.0048284703,-0.0047271904
Gm5622,-0.004895806,-0.005144834,-0.004948629,-0.0048284703,-0.0047271904
Gm17175,-0.004895806,-0.005144834,-0.004948629,-0.0048284703,-0.0047271904
Gm17174,-0.004895806,-0.005144834,-0.004948629,-0.0048284703,-0.0047271904
Gm17078,-0.004895806,-0.005144834,-0.004948629,-0.0048284703,-0.0047271904
Gm4181,-0.004895806,-0.005144834,-0.004948629,-0.0048284703,-0.0047271904
Gm17079,-0.004895806,-0.005144834,-0.004948629,-0.0048284703,-0.0047271904
Gm5800,-0.004895806,-0.005144834,-0.004948629,-0.0048284703,-0.0047271904
Ang4,-0.004895806,-0.005144834,-0.004948629,-0.0048284703,-0.0047271904
AY358078,-0.004895806,-0.005144834,-0.004948629,-0.0048284703,-0.0047271904
Ear6,-0.004895806,-0.005144834,-0.004948629,-0.0048284703,-0.0047271904
Tppp2,-0.004895806,-0.005144834,-0.004948629,-0.0048284703,-0.0047271904
Rnase13,-0.004895806,-0.005144834,-0.004948629,-0.0048284703,-0.0047271904
Gm16617,-0.004895806,-0.005144834,-0.004948629,-0.0048284703,-0.0047271904
Olfr1513,-0.004895806,-0.005144834,-0.004948629,-0.0048284703,-0.0047271904
Olfr1512,-0.004895806,-0.005144834,-0.004948629,-0.0048284703,-0.0047271904
Olfr1511,-0.004895806,-0.005144834,-0.004948629,-0.0048284703,-0.0047271904
Olfr1510,-0.004895806,-0.005144834,-0.004948629,-0.0048284703,-0.0047271904
Olfr1509,-0.004895806,-0.005144834,-0.004948629,-0.0048284703,-0.0047271904
Olfr1508,-0.004895806,-0.005144834,-0.004948629,-0.0048284703,-0.0047271904
Olfr1507,-0.004895806,-0.005144834,-0.004948629,-0.0048284703,-0.0047271904
Gm30214,-0.004895806,-0.005144834,-0.004948629,-0.0048284703,-0.0047271904
Gm43650,-0.004895806,-0.005144834,-0.004948629,-0.0048284703,-0.0047271904
Gm43647,-0.004895806,-0.005144834,-0.004948629,-0.0048284703,-0.0047271904
Gm43434,-0.004895806,-0.005144834,-0.004948629,-0.0048284703,-0.0047271904
Olfr49,-0.004895806,-0.005144834,-0.004948629,-0.0048284703,-0.0047271904
5330426L24Rik,-0.004895806,-0.005144834,-0.004948629,-0.0048284703,-0.0047271904
Mmp14,0.036518853,0.023574168,0.030534316,0.030665824,0.032989774
Gm17606,-0.004895806,-0.005144834,-0.004948629,-0.0048284703,-0.0047271904
Cebpe,-0.004895806,-0.005144834,-0.004948629,-0.0048284703,-0.0047271904
Il25,-0.004895806,-0.005144834,-0.004948629,-0.0048284703,-0.0047271904
Gm29015,-0.004895806,-0.005144834,-0.004948629,-0.0048284703,-0.0047271904
Gm17428,-0.004895806,-0.005144834,-0.004948629,-0.0048284703,-0.0047271904
Cpne6,-0.004895806,-0.005144834,-0.004948629,-0.0048284703,-0.0047271904
Nrl,-0.004895806,-0.005144834,-0.004948629,-0.0048284703,-0.0047271904
Cma2,-0.004895806,-0.005144834,-0.004948629,-0.0048284703,-0.0047271904
Mcpt1,-0.004895806,-0.005144834,-0.004948629,-0.0048284703,-0.0047271904
Mcpt9,-0.004895806,-0.005144834,-0.004948629,-0.0048284703,-0.0047271904
Mcpt2,-0.004895806,-0.005144834,-0.004948629,-0.0048284703,-0.0047271904
Mcpt8,-0.004895806,-0.005144834,-0.004948629,-0.0048284703,-0.0047271904
Ctsg,-0.004895806,-0.005144834,-0.004948629,-0.0048284703,-0.0047271904
Gzme,-0.004895806,-0.005144834,-0.004948629,-0.0048284703,-0.0047271904
Gzmd,-0.004895806,-0.005144834,-0.004948629,-0.0048284703,-0.0047271904
Gzmg,-0.004895806,-0.005144834,-0.004948629,-0.0048284703,-0.0047271904
Gzmn,-0.004895806,-0.005144834,-0.004948629,-0.0048284703,-0.0047271904
Gzmf,-0.004895806,-0.005144834,-0.004948629,-0.0048284703,-0.0047271904
Gzmc,-0.004895806,-0.005144834,-0.004948629,-0.0048284703,-0.0047271904
Gzmb,-0.004895806,-0.005144834,-0.004948629,-0.0048284703,-0.0047271904
Atp12a,-0.004895806,-0.005144834,-0.004948629,-0.0048284703,-0.0047271904
B020004C17Rik,-0.004895806,-0.005144834,-0.004948629,-0.0048284703,-0.0047271904
Gm4491,-0.004895806,-0.005144834,-0.004948629,-0.0048284703,-0.0047271904
Ift88,0.027584977,0.029858544,0.026145758,0.028955847,0.02768635
Sap18,0.035814747,0.03113992,0.035154216,0.032871984,0.034365732
1700129C05Rik,-0.004895806,-0.005144834,-0.004948629,-0.0048284703,-0.0047271904
Gm5142,-0.004895806,-0.005144834,-0.004948629,-0.0048284703,-0.0047271904
Gm6904,-0.004895806,-0.005144834,-0.004948629,-0.0048284703,-0.0047271904
4930563I02Rik,-0.004895806,-0.005144834,-0.004948629,-0.0048284703,-0.0047271904
Mipepos,-0.004895806,-0.005144834,-0.004948629,-0.0048284703,-0.0047271904
1700109G14Rik,-0.004895806,-0.005144834,-0.004948629,-0.0048284703,-0.0047271904
Arl11,-0.004895806,-0.005144834,-0.004948629,-0.0048284703,-0.0047271904
Kcnrg,0.023985242,0.030125583,0.023935523,-0.0048284703,0.022781465
Gm26916,-0.004895806,-0.005144834,-0.004948629,-0.0048284703,-0.0047271904
Gm26969,-0.004895806,-0.005144834,-0.004948629,-0.0048284703,-0.0047271904
Dleu7,-0.004895806,-0.005144834,-0.004948629,-0.0048284703,-0.0047271904
Gucy1b2,-0.004895806,-0.005144834,-0.004948629,-0.0048284703,-0.0047271904
Gm4131,-0.004895806,-0.005144834,-0.004948629,-0.0048284703,-0.0047271904
Serpine3,-0.004895806,-0.005144834,-0.004948629,-0.0048284703,-0.0047271904
4931440J10Rik,-0.004895806,-0.005144834,-0.004948629,-0.0048284703,-0.0047271904
Defb48,-0.004895806,-0.005144834,-0.004948629,-0.0048284703,-0.0047271904
Defb47,-0.004895806,-0.005144834,-0.004948629,-0.0048284703,-0.0047271904
Defb43,-0.004895806,-0.005144834,-0.004948629,-0.0048284703,-0.0047271904
Blk,-0.004895806,-0.005144834,-0.004948629,-0.0048284703,-0.0047271904
Fam167a,0.02367553,0.02498087,0.0247528,0.02274936,0.022781465
Tdh,-0.004895806,-0.005144834,-0.004948629,-0.0048284703,-0.0047271904
Gm17232,-0.004895806,-0.005144834,-0.004948629,-0.0048284703,-0.0047271904
4930578I06Rik,-0.004895806,-0.005144834,-0.004948629,-0.0048284703,-0.0047271904
Rp1l1,-0.004895806,-0.005144834,-0.004948629,-0.0048284703,-0.0047271904
Prss55,-0.004895806,-0.005144834,-0.004948629,-0.0048284703,-0.0047271904
Prss51,-0.004895806,-0.005144834,-0.004948629,-0.0048284703,-0.0047271904
4930471C04Rik,-0.004895806,-0.005144834,-0.004948629,-0.0048284703,-0.0047271904
Gm17116,-0.004895806,-0.005144834,-0.004948629,-0.0048284703,-0.0047271904
Mir124a-1hg,-0.004895806,-0.005144834,-0.004948629,-0.0048284703,-0.0047271904
Gulo,-0.004895806,-0.005144834,-0.004948629,-0.0048284703,-0.0047271904
Adam2,-0.004895806,-0.005144834,-0.004948629,-0.0048284703,-0.0047271904
Chrna2,-0.004895806,-0.005144834,-0.004948629,-0.0048284703,-0.0047271904
Adra1a,-0.004895806,-0.005144834,-0.004948629,-0.0048284703,-0.0047271904
Gm10032,-0.004895806,-0.005144834,-0.004948629,-0.0048284703,-0.0047271904
Dpysl2,0.032198552,0.02236216,0.028089697,0.022992378,0.022929236
Pnma2,-0.004895806,-0.005144834,-0.004948629,-0.0048284703,-0.0047271904
Nefl,-0.004895806,-0.005144834,-0.004948629,-0.0048284703,-0.0047271904
1700092C10Rik,-0.004895806,-0.005144834,-0.004948629,-0.0048284703,-0.0047271904
Nkx2-6,-0.004895806,-0.005144834,-0.004948629,-0.0048284703,-0.0047271904
Nkx3-1,-0.004895806,-0.005144834,-0.004948629,-0.0048284703,-0.0047271904
Gm27222,-0.004895806,-0.005144834,-0.004948629,-0.0048284703,-0.0047271904
Gm27223,-0.004895806,-0.005144834,-0.004948629,-0.0048284703,-0.0047271904
Synb,-0.004895806,-0.005144834,-0.004948629,-0.0048284703,-0.0047271904
Gm16677,-0.004895806,-0.005144834,-0.004948629,-0.0048284703,-0.0047271904
Gm27221,-0.004895806,-0.005144834,-0.004948629,-0.0048284703,-0.0047271904
Gm27175,-0.004895806,-0.005144834,-0.004948629,-0.0048284703,-0.0047271904
Gm27179,-0.004895806,-0.005144834,-0.004948629,-0.0048284703,-0.0047271904
Gm27174,-0.004895806,-0.005144834,-0.004948629,-0.0048284703,-0.0047271904
Gm27176,-0.004895806,-0.005144834,-0.004948629,-0.0048284703,-0.0047271904
Gm27177,-0.004895806,-0.005144834,-0.004948629,-0.0048284703,-0.0047271904
Pebp4,-0.004895806,-0.005144834,-0.004948629,-0.0048284703,-0.0047271904
Sftpc,0.07367757,0.066734985,0.077593684,-0.0048284703,0.023249283
Lgi3,0.0339341,0.02230027,0.0429773,0.021692734,0.023541426
Fgf17,-0.004895806,-0.005144834,-0.004948629,-0.0048284703,-0.0047271904
2410012E07Rik,-0.004895806,-0.005144834,-0.004948629,-0.0048284703,-0.0047271904
Itm2b,0.05049968,0.05670595,0.04504211,0.05340063,0.055212244
Gm21750,-0.004895806,-0.005144834,-0.004948629,-0.0048284703,-0.0047271904
Gm15628,-0.004895806,-0.005144834,-0.004948629,-0.0048284703,-0.0047271904
Gm15629,-0.004895806,-0.005144834,-0.004948629,-0.0048284703,-0.0047271904
Cpb2,-0.004895806,-0.005144834,-0.004948629,-0.0048284703,-0.0047271904
Siah3,-0.004895806,-0.005144834,-0.004948629,-0.0048284703,-0.0047271904
Spert,-0.004895806,-0.005144834,-0.004948629,-0.0048284703,-0.0047271904
Erich6b,-0.004895806,-0.005144834,-0.004948629,-0.0048284703,-0.0047271904
Tpt1,0.054583203,0.043552347,0.056720994,0.031798974,0.033307917
Kctd4,-0.004895806,-0.005144834,-0.004948629,-0.0048284703,-0.0047271904
Tsc22d1,0.03656712,0.044583924,0.038524617,0.045603696,0.050751537
Gm6994,-0.004895806,-0.005144834,-0.004948629,-0.0048284703,-0.0047271904
Gm1587,-0.004895806,-0.005144834,-0.004948629,-0.0048284703,-0.0047271904
Fam216b,0.021545364,0.028935283,0.023267878,-0.0048284703,0.0239706
Tnfsf11,-0.004895806,-0.005144834,-0.004948629,-0.0048284703,-0.0047271904
Zfp957,-0.004895806,-0.005144834,-0.004948629,-0.0048284703,-0.0047271904
Rgcc,0.040888965,0.021531325,0.031875476,0.03174723,0.038487613
Gm9748,-0.004895806,-0.005144834,-0.004948629,-0.0048284703,-0.0047271904
Gm10845,-0.004895806,-0.005144834,-0.004948629,-0.0048284703,-0.0047271904
4921530L21Rik,-0.004895806,-0.005144834,-0.004948629,-0.0048284703,-0.0047271904
Klhl1,-0.004895806,-0.005144834,-0.004948629,-0.0048284703,-0.0047271904
Prr30,-0.004895806,-0.005144834,-0.004948629,-0.0048284703,-0.0047271904
Slain1os,-0.004895806,-0.005144834,-0.004948629,-0.0048284703,-0.0047271904
Gm10076,0.059205823,0.054514952,0.057060905,0.029441765,0.029996712
Trim52,-0.004895806,-0.005144834,-0.004948629,-0.0048284703,-0.0047271904
1700128A07Rik,-0.004895806,-0.005144834,-0.004948629,-0.0048284703,-0.0047271904
Slitrk1,-0.004895806,-0.005144834,-0.004948629,-0.0048284703,-0.0047271904
Gm26773,-0.004895806,-0.005144834,-0.004948629,-0.0048284703,-0.0047271904
Gm26791,-0.004895806,-0.005144834,-0.004948629,-0.0048284703,-0.0047271904
1700044C05Rik,-0.004895806,-0.005144834,-0.004948629,-0.0048284703,-0.0047271904
Gm27198,-0.004895806,-0.005144834,-0.004948629,-0.0048284703,-0.0047271904
Hs6st3,-0.004895806,-0.005144834,-0.004948629,-0.0048284703,-0.0047271904
Gm17613,-0.004895806,-0.005144834,-0.004948629,-0.0048284703,-0.0047271904
Gpr18,-0.004895806,-0.005144834,-0.004948629,-0.0048284703,-0.0047271904
Gpr183,-0.004895806,-0.005144834,-0.004948629,-0.0048284703,-0.0047271904
1700108J01Rik,-0.004895806,-0.005144834,-0.004948629,-0.0048284703,-0.0047271904
Zic2,-0.004895806,-0.005144834,-0.004948629,-0.0048284703,-0.0047271904
Gm10837,-0.004895806,-0.005144834,-0.004948629,-0.0048284703,-0.0047271904
Gm28932,-0.004895806,-0.005144834,-0.004948629,-0.0048284703,-0.0047271904
1700024B18Rik,-0.004895806,-0.005144834,-0.004948629,-0.0048284703,-0.0047271904
Gm10722,-0.004895806,-0.005144834,-0.004948629,-0.0048284703,-0.0047271904
Gm11168,-0.004895806,-0.005144834,-0.004948629,-0.0048284703,-0.0047271904
Gm10721,-0.004895806,-0.005144834,-0.004948629,-0.0048284703,-0.0047271904
Gm10720,-0.004895806,-0.005144834,-0.004948629,-0.0048284703,-0.0047271904
Gm10719,-0.004895806,-0.005144834,-0.004948629,-0.0048284703,-0.0047271904
Gm10718,-0.004895806,-0.005144834,-0.004948629,-0.0048284703,-0.0047271904
Gm10717,-0.004895806,-0.005144834,-0.004948629,-0.0048284703,-0.0047271904
Gm17535,-0.004895806,-0.005144834,-0.004948629,-0.0048284703,-0.0047271904
Gm10715,-0.004895806,-0.005144834,-0.004948629,-0.0048284703,-0.0047271904
Ddi1,-0.004895806,-0.005144834,-0.004948629,-0.0048284703,-0.0047271904
Dync2h1,0.026286699,0.03009393,0.027489444,0.027982047,0.025529018
Mmp1b,-0.004895806,-0.005144834,-0.004948629,-0.0048284703,-0.0047271904
Mmp10,-0.004895806,-0.005144834,-0.004948629,-0.0048284703,-0.0047271904
Mmp8,-0.004895806,-0.005144834,-0.004948629,-0.0048284703,-0.0047271904
Mmp27,-0.004895806,-0.005144834,-0.004948629,-0.0048284703,-0.0047271904
Mmp20,-0.004895806,-0.005144834,-0.004948629,-0.0048284703,-0.0047271904
AV064505,-0.004895806,-0.005144834,-0.004948629,-0.0048284703,-0.0047271904
Mmp7,-0.004895806,-0.005144834,-0.004948629,-0.0048284703,-0.0047271904
Cep126,0.02384087,0.02720309,0.024625756,0.024398098,0.025831396
Gm16485,-0.004895806,-0.005144834,-0.004948629,-0.0048284703,-0.0047271904
Cntn5,-0.004895806,-0.005144834,-0.004948629,-0.0048284703,-0.0047271904
Gm17571,-0.004895806,-0.005144834,-0.004948629,-0.0048284703,-0.0047271904
1700012B09Rik,0.02331634,0.027908145,0.023064215,-0.0048284703,-0.0047271904
Gm16302,-0.004895806,-0.005144834,-0.004948629,-0.0048284703,-0.0047271904
Gpr83,-0.004895806,-0.005144834,-0.004948629,-0.0048284703,-0.0047271904
Izumo1r,-0.004895806,-0.005144834,-0.004948629,-0.0048284703,-0.0047271904
Hephl1,-0.004895806,-0.005144834,-0.004948629,-0.0048284703,-0.0047271904
Mtnr1b,-0.004895806,-0.005144834,-0.004948629,-0.0048284703,-0.0047271904
Ubtfl1,-0.004895806,-0.005144834,-0.004948629,-0.0048284703,-0.0047271904
Mbd3l2,-0.004895806,-0.005144834,-0.004948629,-0.0048284703,-0.0047271904
Mbd3l1,-0.004895806,-0.005144834,-0.004948629,-0.0048284703,-0.0047271904
Olfr24,-0.004895806,-0.005144834,-0.004948629,-0.0048284703,-0.0047271904
Olfr828,-0.004895806,-0.005144834,-0.004948629,-0.0048284703,-0.0047271904
Olfr829,-0.004895806,-0.005144834,-0.004948629,-0.0048284703,-0.0047271904
Olfr830,-0.004895806,-0.005144834,-0.004948629,-0.0048284703,-0.0047271904
Olfr832,-0.004895806,-0.005144834,-0.004948629,-0.0048284703,-0.0047271904
Olfr834,-0.004895806,-0.005144834,-0.004948629,-0.0048284703,-0.0047271904
Olfr835,-0.004895806,-0.005144834,-0.004948629,-0.0048284703,-0.0047271904
Olfr836,-0.004895806,-0.005144834,-0.004948629,-0.0048284703,-0.0047271904
Olfr843,-0.004895806,-0.005144834,-0.004948629,-0.0048284703,-0.0047271904
Olfr844,-0.004895806,-0.005144834,-0.004948629,-0.0048284703,-0.0047271904
Olfr845,-0.004895806,-0.005144834,-0.004948629,-0.0048284703,-0.0047271904
Olfr846,-0.004895806,-0.005144834,-0.004948629,-0.0048284703,-0.0047271904
Olfr847,-0.004895806,-0.005144834,-0.004948629,-0.0048284703,-0.0047271904
Olfr849,-0.004895806,-0.005144834,-0.004948629,-0.0048284703,-0.0047271904
Olfr850,-0.004895806,-0.005144834,-0.004948629,-0.0048284703,-0.0047271904
Olfr851,-0.004895806,-0.005144834,-0.004948629,-0.0048284703,-0.0047271904
Olfr853,-0.004895806,-0.005144834,-0.004948629,-0.0048284703,-0.0047271904
Olfr854,-0.004895806,-0.005144834,-0.004948629,-0.0048284703,-0.0047271904
Olfr855,-0.004895806,-0.005144834,-0.004948629,-0.0048284703,-0.0047271904
Olfr857,-0.004895806,-0.005144834,-0.004948629,-0.0048284703,-0.0047271904
Olfr58,-0.004895806,-0.005144834,-0.004948629,-0.0048284703,-0.0047271904
Olfr859,-0.004895806,-0.005144834,-0.004948629,-0.0048284703,-0.0047271904
Olfr860,-0.004895806,-0.005144834,-0.004948629,-0.0048284703,-0.0047271904
Olfr862,-0.004895806,-0.005144834,-0.004948629,-0.0048284703,-0.0047271904
Olfr77,-0.004895806,-0.005144834,-0.004948629,-0.0048284703,-0.0047271904
Olfr866,-0.004895806,-0.005144834,-0.004948629,-0.0048284703,-0.0047271904
Olfr867,-0.004895806,-0.005144834,-0.004948629,-0.0048284703,-0.0047271904
Olfr868,-0.004895806,-0.005144834,-0.004948629,-0.0048284703,-0.0047271904
Olfr869,-0.004895806,-0.005144834,-0.004948629,-0.0048284703,-0.0047271904
Olfr870,-0.004895806,-0.005144834,-0.004948629,-0.0048284703,-0.0047271904
Olfr871,-0.004895806,-0.005144834,-0.004948629,-0.0048284703,-0.0047271904
Olfr872,-0.004895806,-0.005144834,-0.004948629,-0.0048284703,-0.0047271904
Olfr39,-0.004895806,-0.005144834,-0.004948629,-0.0048284703,-0.0047271904
Olfr873,-0.004895806,-0.005144834,-0.004948629,-0.0048284703,-0.0047271904
Olfr18,-0.004895806,-0.005144834,-0.004948629,-0.0048284703,-0.0047271904
Gm26733,-0.004895806,-0.005144834,-0.004948629,-0.0048284703,-0.0047271904
Rdh8,-0.004895806,-0.005144834,-0.004948629,-0.0048284703,-0.0047271904
Icam1,0.051010717,0.028019225,0.04028243,0.034872502,0.042976387
Slc44a2,0.037160326,0.022115672,0.030859027,0.031850886,0.032108027
Ccdc151,0.021815743,0.025700284,0.023769336,0.021295324,0.023249283
Elof1,0.030479962,0.05232228,0.030663406,0.03822098,0.03816328
Gm17545,-0.004895806,-0.005144834,-0.004948629,-0.0048284703,-0.0047271904
Npsr1,-0.004895806,-0.005144834,-0.004948629,-0.0048284703,-0.0047271904
Gm15600,-0.004895806,-0.005144834,-0.004948629,-0.0048284703,-0.0047271904
Gm10701,-0.004895806,-0.005144834,-0.004948629,-0.0048284703,-0.0047271904
Cypt4,-0.004895806,-0.005144834,-0.004948629,-0.0048284703,-0.0047271904
Gm10181,-0.004895806,-0.005144834,-0.004948629,-0.0048284703,-0.0047271904
B3gat1,-0.004895806,-0.005144834,-0.004948629,-0.0048284703,-0.0047271904
Glb1l3,-0.004895806,-0.005144834,-0.004948629,-0.0048284703,-0.0047271904
Gm1110,-0.004895806,-0.005144834,-0.004948629,-0.0048284703,-0.0047271904
Gm15520,-0.004895806,-0.005144834,-0.004948629,-0.0048284703,-0.0047271904
Gm17508,-0.004895806,-0.005144834,-0.004948629,-0.0048284703,-0.0047271904
Gm27201,-0.004895806,-0.005144834,-0.004948629,-0.0048284703,-0.0047271904
Gm27240,-0.004895806,-0.005144834,-0.004948629,-0.0048284703,-0.0047271904
Gm27166,-0.004895806,-0.005144834,-0.004948629,-0.0048284703,-0.0047271904
Gm27164,-0.004895806,-0.005144834,-0.004948629,-0.0048284703,-0.0047271904
7630403G23Rik,-0.004895806,-0.005144834,-0.004948629,-0.0048284703,-0.0047271904
Gm26662,-0.004895806,-0.005144834,-0.004948629,-0.0048284703,-0.0047271904
Gm1113,-0.004895806,-0.005144834,-0.004948629,-0.0048284703,-0.0047271904
Pate4,-0.004895806,-0.005144834,-0.004948629,-0.0048284703,-0.0047271904
Gm17677,-0.004895806,-0.005144834,-0.004948629,-0.0048284703,-0.0047271904
Gm17727,-0.004895806,-0.005144834,-0.004948629,-0.0048284703,-0.0047271904
Gm27235,-0.004895806,-0.005144834,-0.004948629,-0.0048284703,-0.0047271904
D730048I06Rik,-0.004895806,-0.005144834,-0.004948629,-0.0048284703,-0.0047271904
9230110F15Rik,-0.004895806,-0.005144834,-0.004948629,-0.0048284703,-0.0047271904
9230113P08Rik,-0.004895806,-0.005144834,-0.004948629,-0.0048284703,-0.0047271904
Gm27187,-0.004895806,-0.005144834,-0.004948629,-0.0048284703,-0.0047271904
Gm5916,-0.004895806,-0.005144834,-0.004948629,-0.0048284703,-0.0047271904
Gm3434,-0.004895806,-0.005144834,-0.004948629,-0.0048284703,-0.0047271904
Gm7257,-0.004895806,-0.005144834,-0.004948629,-0.0048284703,-0.0047271904
Gm9513,-0.004895806,-0.005144834,-0.004948629,-0.0048284703,-0.0047271904
Gm5615,-0.004895806,-0.005144834,-0.004948629,-0.0048284703,-0.0047271904
Gm17689,-0.004895806,-0.005144834,-0.004948629,-0.0048284703,-0.0047271904
A630095E13Rik,-0.004895806,-0.005144834,-0.004948629,-0.0048284703,-0.0047271904
Acrv1,-0.004895806,-0.005144834,-0.004948629,-0.0048284703,-0.0047271904
Gm3896,-0.004895806,-0.005144834,-0.004948629,-0.0048284703,-0.0047271904
Esam,0.035453524,0.021451933,0.032703023,0.02242604,-0.0047271904
Vsig2,0.03184633,0.020768981,0.035736382,-0.0048284703,-0.0047271904
Spa17,0.02721203,0.03637687,0.026383994,0.031205656,0.031124579
Panx3,-0.004895806,-0.005144834,-0.004948629,-0.0048284703,-0.0047271904
Olfr160,-0.004895806,-0.005144834,-0.004948629,-0.0048284703,-0.0047271904
Olfr874,-0.004895806,-0.005144834,-0.004948629,-0.0048284703,-0.0047271904
Olfr875,-0.004895806,-0.005144834,-0.004948629,-0.0048284703,-0.0047271904
Olfr876,-0.004895806,-0.005144834,-0.004948629,-0.0048284703,-0.0047271904
Olfr877,-0.004895806,-0.005144834,-0.004948629,-0.0048284703,-0.0047271904
Olfr145,-0.004895806,-0.005144834,-0.004948629,-0.0048284703,-0.0047271904
Olfr878,-0.004895806,-0.005144834,-0.004948629,-0.0048284703,-0.0047271904
Olfr881,-0.004895806,-0.005144834,-0.004948629,-0.0048284703,-0.0047271904
Olfr883,-0.004895806,-0.005144834,-0.004948629,-0.0048284703,-0.0047271904
Olfr884,-0.004895806,-0.005144834,-0.004948629,-0.0048284703,-0.0047271904
Olfr885,-0.004895806,-0.005144834,-0.004948629,-0.0048284703,-0.0047271904
Olfr887,-0.004895806,-0.005144834,-0.004948629,-0.0048284703,-0.0047271904
Olfr888,-0.004895806,-0.005144834,-0.004948629,-0.0048284703,-0.0047271904
Olfr890,-0.004895806,-0.005144834,-0.004948629,-0.0048284703,-0.0047271904
Olfr891,-0.004895806,-0.005144834,-0.004948629,-0.0048284703,-0.0047271904
Olfr893,-0.004895806,-0.005144834,-0.004948629,-0.0048284703,-0.0047271904
Olfr894,-0.004895806,-0.005144834,-0.004948629,-0.0048284703,-0.0047271904
Olfr143,-0.004895806,-0.005144834,-0.004948629,-0.0048284703,-0.0047271904
Olfr895,-0.004895806,-0.005144834,-0.004948629,-0.0048284703,-0.0047271904
Olfr25,-0.004895806,-0.005144834,-0.004948629,-0.0048284703,-0.0047271904
Olfr898,-0.004895806,-0.005144834,-0.004948629,-0.0048284703,-0.0047271904
Olfr250,-0.004895806,-0.005144834,-0.004948629,-0.0048284703,-0.0047271904
Olfr251,-0.004895806,-0.005144834,-0.004948629,-0.0048284703,-0.0047271904
Olfr147,-0.004895806,-0.005144834,-0.004948629,-0.0048284703,-0.0047271904
Olfr901,-0.004895806,-0.005144834,-0.004948629,-0.0048284703,-0.0047271904
Olfr902,-0.004895806,-0.005144834,-0.004948629,-0.0048284703,-0.0047271904
Olfr904,-0.004895806,-0.005144834,-0.004948629,-0.0048284703,-0.0047271904
Olfr905,-0.004895806,-0.005144834,-0.004948629,-0.0048284703,-0.0047271904
Olfr906,-0.004895806,-0.005144834,-0.004948629,-0.0048284703,-0.0047271904
Olfr907,-0.004895806,-0.005144834,-0.004948629,-0.0048284703,-0.0047271904
Olfr911-ps1,-0.004895806,-0.005144834,-0.004948629,-0.0048284703,-0.0047271904
Olfr910,-0.004895806,-0.005144834,-0.004948629,-0.0048284703,-0.0047271904
Olfr912,-0.004895806,-0.005144834,-0.004948629,-0.0048284703,-0.0047271904
Olfr913,-0.004895806,-0.005144834,-0.004948629,-0.0048284703,-0.0047271904
Olfr914,-0.004895806,-0.005144834,-0.004948629,-0.0048284703,-0.0047271904
Olfr916,-0.004895806,-0.005144834,-0.004948629,-0.0048284703,-0.0047271904
Olfr917,-0.004895806,-0.005144834,-0.004948629,-0.0048284703,-0.0047271904
Olfr918,-0.004895806,-0.005144834,-0.004948629,-0.0048284703,-0.0047271904
Olfr919,-0.004895806,-0.005144834,-0.004948629,-0.0048284703,-0.0047271904
Olfr922,-0.004895806,-0.005144834,-0.004948629,-0.0048284703,-0.0047271904
Olfr923,-0.004895806,-0.005144834,-0.004948629,-0.0048284703,-0.0047271904
Olfr924,-0.004895806,-0.005144834,-0.004948629,-0.0048284703,-0.0047271904
Olfr26,-0.004895806,-0.005144834,-0.004948629,-0.0048284703,-0.0047271904
Olfr926,-0.004895806,-0.005144834,-0.004948629,-0.0048284703,-0.0047271904
Olfr930,-0.004895806,-0.005144834,-0.004948629,-0.0048284703,-0.0047271904
Olfr933,-0.004895806,-0.005144834,-0.004948629,-0.0048284703,-0.0047271904
Olfr934,-0.004895806,-0.005144834,-0.004948629,-0.0048284703,-0.0047271904
Olfr935,-0.004895806,-0.005144834,-0.004948629,-0.0048284703,-0.0047271904
Olfr146,-0.004895806,-0.005144834,-0.004948629,-0.0048284703,-0.0047271904
Olfr937,-0.004895806,-0.005144834,-0.004948629,-0.0048284703,-0.0047271904
Olfr938,-0.004895806,-0.005144834,-0.004948629,-0.0048284703,-0.0047271904
Olfr27,-0.004895806,-0.005144834,-0.004948629,-0.0048284703,-0.0047271904
Olfr943,-0.004895806,-0.005144834,-0.004948629,-0.0048284703,-0.0047271904
Olfr944,-0.004895806,-0.005144834,-0.004948629,-0.0048284703,-0.0047271904
Olfr1537,-0.004895806,-0.005144834,-0.004948629,-0.0048284703,-0.0047271904
Olfr945,-0.004895806,-0.005144834,-0.004948629,-0.0048284703,-0.0047271904
Olfr948,-0.004895806,-0.005144834,-0.004948629,-0.0048284703,-0.0047271904
Olfr951,-0.004895806,-0.005144834,-0.004948629,-0.0048284703,-0.0047271904
Olfr952,-0.004895806,-0.005144834,-0.004948629,-0.0048284703,-0.0047271904
Olfr954,-0.004895806,-0.005144834,-0.004948629,-0.0048284703,-0.0047271904
Olfr955,-0.004895806,-0.005144834,-0.004948629,-0.0048284703,-0.0047271904
Olfr44,-0.004895806,-0.005144834,-0.004948629,-0.0048284703,-0.0047271904
Olfr957,-0.004895806,-0.005144834,-0.004948629,-0.0048284703,-0.0047271904
Olfr958,-0.004895806,-0.005144834,-0.004948629,-0.0048284703,-0.0047271904
Olfr959,-0.004895806,-0.005144834,-0.004948629,-0.0048284703,-0.0047271904
Olfr148,-0.004895806,-0.005144834,-0.004948629,-0.0048284703,-0.0047271904
Olfr960,-0.004895806,-0.005144834,-0.004948629,-0.0048284703,-0.0047271904
Olfr961,-0.004895806,-0.005144834,-0.004948629,-0.0048284703,-0.0047271904
Olfr963,-0.004895806,-0.005144834,-0.004948629,-0.0048284703,-0.0047271904
Olfr149,-0.004895806,-0.005144834,-0.004948629,-0.0048284703,-0.0047271904
Olfr965,-0.004895806,-0.005144834,-0.004948629,-0.0048284703,-0.0047271904
Olfr150,-0.004895806,-0.005144834,-0.004948629,-0.0048284703,-0.0047271904
Olfr967,-0.004895806,-0.005144834,-0.004948629,-0.0048284703,-0.0047271904
Olfr968,-0.004895806,-0.005144834,-0.004948629,-0.0048284703,-0.0047271904
Olfr969,-0.004895806,-0.005144834,-0.004948629,-0.0048284703,-0.0047271904
Olfr970,-0.004895806,-0.005144834,-0.004948629,-0.0048284703,-0.0047271904
Olfr971,-0.004895806,-0.005144834,-0.004948629,-0.0048284703,-0.0047271904
Olfr972,-0.004895806,-0.005144834,-0.004948629,-0.0048284703,-0.0047271904
Olfr229,-0.004895806,-0.005144834,-0.004948629,-0.0048284703,-0.0047271904
Olfr974,-0.004895806,-0.005144834,-0.004948629,-0.0048284703,-0.0047271904
Olfr975,-0.004895806,-0.005144834,-0.004948629,-0.0048284703,-0.0047271904
Olfr976,-0.004895806,-0.005144834,-0.004948629,-0.0048284703,-0.0047271904
Olfr978,-0.004895806,-0.005144834,-0.004948629,-0.0048284703,-0.0047271904
Olfr979,-0.004895806,-0.005144834,-0.004948629,-0.0048284703,-0.0047271904
Olfr980,-0.004895806,-0.005144834,-0.004948629,-0.0048284703,-0.0047271904
Olfr981,-0.004895806,-0.005144834,-0.004948629,-0.0048284703,-0.0047271904
Olfr982,-0.004895806,-0.005144834,-0.004948629,-0.0048284703,-0.0047271904
Olfr983,-0.004895806,-0.005144834,-0.004948629,-0.0048284703,-0.0047271904
Olfr984,-0.004895806,-0.005144834,-0.004948629,-0.0048284703,-0.0047271904
Olfr985,-0.004895806,-0.005144834,-0.004948629,-0.0048284703,-0.0047271904
Tmem225,-0.004895806,-0.005144834,-0.004948629,-0.0048284703,-0.0047271904
Olfr986,-0.004895806,-0.005144834,-0.004948629,-0.0048284703,-0.0047271904
Gm17540,-0.004895806,-0.005144834,-0.004948629,-0.0048284703,-0.0047271904
Gm21915,-0.004895806,-0.005144834,-0.004948629,-0.0048284703,-0.0047271904
Gm16095,-0.004895806,-0.005144834,-0.004948629,-0.0048284703,-0.0047271904
Bsx,-0.004895806,-0.005144834,-0.004948629,-0.0048284703,-0.0047271904
Crtam,-0.004895806,-0.005144834,-0.004948629,-0.0048284703,-0.0047271904
1700063D05Rik,-0.004895806,-0.005144834,-0.004948629,-0.0048284703,-0.0047271904
Gm16214,-0.004895806,-0.005144834,-0.004948629,-0.0048284703,-0.0047271904
D630033O11Rik,-0.004895806,-0.005144834,-0.004948629,-0.0048284703,-0.0047271904
Gm28215,-0.004895806,-0.005144834,-0.004948629,-0.0048284703,-0.0047271904
Usp2,0.02085885,0.027825305,0.024869008,0.030237172,0.032533623
Ccdc153,0.025537096,0.05110905,0.025763454,0.027682554,0.029437855
Foxr1,-0.004895806,-0.005144834,-0.004948629,-0.0048284703,-0.0047271904
Treh,-0.004895806,-0.005144834,-0.004948629,-0.0048284703,-0.0047271904
Ttc36,0.02405222,0.023486746,0.029267255,0.03953616,0.033632908
Atp5l,0.039478917,0.03392081,0.039772023,0.02242604,0.023738427
Cd3g,-0.004895806,-0.005144834,-0.004948629,-0.0048284703,-0.0047271904
Cd3e,-0.004895806,-0.005144834,-0.004948629,-0.0048284703,-0.0047271904
Gm10684,-0.004895806,-0.005144834,-0.004948629,-0.0048284703,-0.0047271904
Scn2b,-0.004895806,-0.005144834,-0.004948629,-0.0048284703,-0.0047271904
Gm17099,-0.004895806,-0.005144834,-0.004948629,-0.0048284703,-0.0047271904
Tagln,0.03492871,0.02410683,0.03198089,0.02242604,-0.0047271904
Apoc3,-0.004895806,-0.005144834,-0.004948629,-0.0048284703,-0.0047271904
Apoa4,-0.004895806,-0.005144834,-0.004948629,-0.0048284703,-0.0047271904
Gm10680,-0.004895806,-0.005144834,-0.004948629,-0.0048284703,-0.0047271904
Apoa5,-0.004895806,-0.005144834,-0.004948629,-0.0048284703,-0.0047271904
4931429L15Rik,-0.004895806,-0.005144834,-0.004948629,-0.0048284703,-0.0047271904
2900052N01Rik,-0.004895806,-0.005144834,-0.004948629,-0.0048284703,-0.0047271904
Gm4791,-0.004895806,-0.005144834,-0.004948629,-0.0048284703,-0.0047271904
Cadm1,0.04075382,0.026448756,0.034427915,0.031305797,0.03271446
Nxpe2,-0.004895806,-0.005144834,-0.004948629,-0.0048284703,-0.0047271904
Htr3a,-0.004895806,-0.005144834,-0.004948629,-0.0048284703,-0.0047271904
Htr3b,-0.004895806,-0.005144834,-0.004948629,-0.0048284703,-0.0047271904
1700042D02Rik,-0.004895806,-0.005144834,-0.004948629,-0.0048284703,-0.0047271904
Gm4894,-0.004895806,-0.005144834,-0.004948629,-0.0048284703,-0.0047271904
Ttc12,0.026641045,0.0277703,0.023203349,0.02354124,0.025782699
Rpl10-ps3,0.04738986,0.036182284,0.05137183,-0.0048284703,0.02174337
Plet1,0.025072742,0.040721953,0.02570251,0.036587354,0.03231937
Pih1d2,0.02367553,0.031038804,0.023593536,0.027818065,0.029026777
Cryab,0.044714138,0.02157113,0.030695843,0.028525751,0.026653145
4833427G06Rik,0.0229844,0.028243596,0.020931521,0.02354124,0.024160448
Arhgap20os,-0.004895806,-0.005144834,-0.004948629,-0.0048284703,-0.0047271904
Rab39,-0.004895806,-0.005144834,-0.004948629,-0.0048284703,-0.0047271904
Elmod1,-0.004895806,0.025921632,0.02275708,0.024580723,0.023639698
Cyp19a1,-0.004895806,-0.005144834,-0.004948629,-0.0048284703,-0.0047271904
Gldnos,-0.004895806,-0.005144834,-0.004948629,-0.0048284703,-0.0047271904
Chrna3,-0.004895806,-0.005144834,-0.004948629,-0.0048284703,-0.0047271904
Isl2,-0.004895806,-0.005144834,-0.004948629,-0.0048284703,-0.0047271904
Gm17226,-0.004895806,-0.005144834,-0.004948629,-0.0048284703,-0.0047271904
4930563M21Rik,-0.004895806,-0.005144834,-0.004948629,-0.0048284703,-0.0047271904
Peak1os,-0.004895806,-0.005144834,-0.004948629,-0.0048284703,-0.0047271904
Gm26868,-0.004895806,-0.005144834,-0.004948629,-0.0048284703,-0.0047271904
Odf3l1,-0.004895806,-0.005144834,-0.004948629,-0.0048284703,-0.0047271904
1700041C23Rik,-0.004895806,-0.005144834,-0.004948629,-0.0048284703,-0.0047271904
Trcg1,-0.004895806,-0.005144834,-0.004948629,-0.0048284703,-0.0047271904
Cyp1a2,-0.004895806,-0.005144834,-0.004948629,-0.0048284703,-0.0047271904
Gm17231,-0.004895806,-0.005144834,-0.004948629,-0.0048284703,-0.0047271904
Gm17322,-0.004895806,-0.005144834,-0.004948629,-0.0048284703,-0.0047271904
Ccdc33,0.0235115,0.027044363,0.021470746,0.02274936,0.025314145
Gm16131,-0.004895806,-0.005144834,-0.004948629,-0.0048284703,-0.0047271904
Tbc1d21,-0.004895806,-0.005144834,-0.004948629,-0.0048284703,-0.0047271904
1700072B07Rik,-0.004895806,-0.005144834,-0.004948629,-0.0048284703,-0.0047271904
Celf6,-0.004895806,-0.005144834,-0.004948629,-0.0048284703,-0.0047271904
Gm7616,-0.004895806,-0.005144834,-0.004948629,-0.0048284703,-0.0047271904
Gm26609,-0.004895806,-0.005144834,-0.004948629,-0.0048284703,-0.0047271904
Calml4,0.026062403,0.038446102,0.023593536,0.025761692,0.024798432
Skor1,-0.004895806,-0.005144834,-0.004948629,-0.0048284703,-0.0047271904
1110036E04Rik,-0.004895806,-0.005144834,-0.004948629,-0.0048284703,-0.0047271904
Lctl,-0.004895806,-0.005144834,-0.004948629,-0.0048284703,-0.0047271904
Rpl4,0.039600633,0.036927428,0.04180917,0.047009483,0.053339012
Slc24a1,-0.004895806,-0.005144834,-0.004948629,-0.0048284703,-0.0047271904
Hacd3,0.031501964,0.02305518,0.035667937,0.029988348,0.029378524
Ubap1l,-0.004895806,-0.005144834,-0.004948629,-0.0048284703,-0.0047271904
Slc51b,-0.004895806,-0.005144834,-0.004948629,-0.0048284703,-0.0047271904
Ankdd1a,-0.004895806,-0.005144834,-0.004948629,-0.0048284703,-0.0047271904
Gm15563,-0.004895806,-0.005144834,-0.004948629,-0.0048284703,-0.0047271904
Gm10647,-0.004895806,-0.005144834,-0.004948629,-0.0048284703,-0.0047271904
Gm28195,-0.004895806,-0.005144834,-0.004948629,-0.0048284703,-0.0047271904
Gm15511,-0.004895806,-0.005144834,-0.004948629,-0.0048284703,-0.0047271904
Anxa2,0.052523904,0.05276527,0.04067983,0.052969493,0.049971204
Gm16144,-0.004895806,-0.005144834,-0.004948629,-0.0048284703,-0.0047271904
Foxb1,-0.004895806,-0.005144834,-0.004948629,-0.0048284703,-0.0047271904
B230323A14Rik,-0.004895806,-0.005144834,-0.004948629,-0.0048284703,-0.0047271904
Gcom1,-0.004895806,-0.005144834,-0.004948629,-0.0048284703,-0.0047271904
Gm27159,-0.004895806,-0.005144834,-0.004948629,-0.0048284703,-0.0047271904
Gm27188,-0.004895806,-0.005144834,-0.004948629,-0.0048284703,-0.0047271904
Gm27255,-0.004895806,-0.005144834,-0.004948629,-0.0048284703,-0.0047271904
Mns1,0.021406421,0.03158601,0.024625756,0.024398098,0.027077759
Gm27231,-0.004895806,-0.005144834,-0.004948629,-0.0048284703,-0.0047271904
4930509E16Rik,-0.004895806,-0.005144834,-0.004948629,-0.0048284703,-0.0047271904
Gm27232,-0.004895806,-0.005144834,-0.004948629,-0.0048284703,-0.0047271904
Nedd4,0.039910242,0.035615157,0.040479492,0.035976518,0.037436046
Gm27204,-0.004895806,-0.005144834,-0.004948629,-0.0048284703,-0.0047271904
Prtg,-0.004895806,-0.005144834,-0.004948629,-0.0048284703,-0.0047271904
Ccpg1os,0.027185682,0.036279216,0.027597072,0.033769116,0.033847015
Gm27211,-0.004895806,-0.005144834,-0.004948629,-0.0048284703,-0.0047271904
Unc13c,-0.004895806,-0.005144834,-0.004948629,-0.0048284703,-0.0047271904
Gm28622,-0.004895806,-0.005144834,-0.004948629,-0.0048284703,-0.0047271904
Gm20649,-0.004895806,-0.005144834,-0.004948629,-0.0048284703,-0.0047271904
Gm28182,-0.004895806,-0.005144834,-0.004948629,-0.0048284703,-0.0047271904
Onecut1,-0.004895806,-0.005144834,-0.004948629,-0.0048284703,-0.0047271904
Bcl2l10,-0.004895806,-0.005144834,-0.004948629,-0.0048284703,-0.0047271904
Gfral,-0.004895806,-0.005144834,-0.004948629,-0.0048284703,-0.0047271904
Hcrtr2,-0.004895806,-0.005144834,-0.004948629,-0.0048284703,-0.0047271904
Gm27234,-0.004895806,-0.005144834,-0.004948629,-0.0048284703,-0.0047271904
Tinag,0.031673193,0.019771835,0.03277718,-0.0048284703,-0.0047271904
5730403I07Rik,-0.004895806,-0.005144834,-0.004948629,-0.0048284703,-0.0047271904
Gsta4,0.027665917,0.04277528,0.03326845,0.05536073,0.052923966
Omt2a,-0.004895806,-0.005144834,-0.004948629,-0.0048284703,-0.0047271904
Omt2b,-0.004895806,-0.005144834,-0.004948629,-0.0048284703,-0.0047271904
Dppa5a,-0.004895806,-0.005144834,-0.004948629,-0.0048284703,-0.0047271904
4930542C12Rik,-0.004895806,-0.005144834,-0.004948629,-0.0048284703,-0.0047271904
4921509A06Rik,-0.004895806,-0.005144834,-0.004948629,-0.0048284703,-0.0047271904
Gm28620,-0.004895806,-0.005144834,-0.004948629,-0.0048284703,-0.0047271904
4930562D21Rik,-0.004895806,-0.005144834,-0.004948629,-0.0048284703,-0.0047271904
Tmem30a,0.03421713,0.02680892,0.038752835,0.034188278,0.03515861
Gm27227,-0.004895806,-0.005144834,-0.004948629,-0.0048284703,-0.0047271904
Impg1,-0.004895806,-0.005144834,-0.004948629,-0.0048284703,-0.0047271904
Gm27224,-0.004895806,-0.005144834,-0.004948629,-0.0048284703,-0.0047271904
Gm26713,-0.004895806,-0.005144834,-0.004948629,-0.0048284703,-0.0047271904
Gm27226,-0.004895806,-0.005144834,-0.004948629,-0.0048284703,-0.0047271904
D430036J16Rik,-0.004895806,0.027977487,0.020642586,0.024846178,0.022036606
Gm26907,-0.004895806,-0.005144834,-0.004948629,-0.0048284703,-0.0047271904
1700063H06Rik,-0.004895806,-0.005144834,-0.004948629,-0.0048284703,-0.0047271904
Gm27216,-0.004895806,-0.005144834,-0.004948629,-0.0048284703,-0.0047271904
Gm2087,-0.004895806,-0.005144834,-0.004948629,-0.0048284703,-0.0047271904
4930554C24Rik,-0.004895806,-0.005144834,-0.004948629,-0.0048284703,-0.0047271904
Gm11114,-0.004895806,-0.005144834,-0.004948629,-0.0048284703,-0.0047271904
Ripply2,-0.004895806,-0.005144834,-0.004948629,-0.0048284703,-0.0047271904
Tbx18,-0.004895806,-0.005144834,-0.004948629,-0.0048284703,-0.0047271904
Trim43a,-0.004895806,-0.005144834,-0.004948629,-0.0048284703,-0.0047271904
Trim43c,-0.004895806,-0.005144834,-0.004948629,-0.0048284703,-0.0047271904
Gm26611,-0.004895806,-0.005144834,-0.004948629,-0.0048284703,-0.0047271904
Trim43b,-0.004895806,-0.005144834,-0.004948629,-0.0048284703,-0.0047271904
4930579C12Rik,-0.004895806,-0.005144834,-0.004948629,-0.0048284703,-0.0047271904
Gm29094,-0.004895806,-0.005144834,-0.004948629,-0.0048284703,-0.0047271904
Ankrd34c,-0.004895806,-0.005144834,-0.004948629,-0.0048284703,-0.0047271904
1700017I07Rik,-0.004895806,-0.005144834,-0.004948629,-0.0048284703,-0.0047271904
4930524O08Rik,-0.004895806,-0.005144834,-0.004948629,-0.0048284703,-0.0047271904
Morf4l1,0.039062027,0.0350711,0.03754532,0.034249157,0.033421822
Gm28703,-0.004895806,-0.005144834,-0.004948629,-0.0048284703,-0.0047271904
Gm29408,-0.004895806,-0.005144834,-0.004948629,-0.0048284703,-0.0047271904
Gm28652,-0.004895806,-0.005144834,-0.004948629,-0.0048284703,-0.0047271904
Zic4,-0.004895806,-0.005144834,-0.004948629,-0.0048284703,-0.0047271904
Gm29478,-0.004895806,-0.005144834,-0.004948629,-0.0048284703,-0.0047271904
Plscr5,-0.004895806,-0.005144834,-0.004948629,-0.0048284703,-0.0047271904
Gm29139,-0.004895806,-0.005144834,-0.004948629,-0.0048284703,-0.0047271904
Plod2,0.032928437,0.02113716,0.027091531,0.02537601,0.027821377
4933400C23Rik,-0.004895806,-0.005144834,-0.004948629,-0.0048284703,-0.0047271904
Gm28054,-0.004895806,-0.005144834,-0.004948629,-0.0048284703,-0.0047271904
1700034K08Rik,-0.004895806,-0.005144834,-0.004948629,-0.0048284703,-0.0047271904
Gm29395,-0.004895806,-0.005144834,-0.004948629,-0.0048284703,-0.0047271904
Gm16262,-0.004895806,-0.005144834,-0.004948629,-0.0048284703,-0.0047271904
Paqr9,-0.004895806,-0.005144834,-0.004948629,-0.0048284703,-0.0047271904
Gm16126,-0.004895806,-0.005144834,-0.004948629,-0.0048284703,-0.0047271904
C78334,-0.004895806,-0.005144834,-0.004948629,-0.0048284703,-0.0047271904
Gm28085,-0.004895806,-0.005144834,-0.004948629,-0.0048284703,-0.0047271904
Gm28729,0.021268312,0.025146293,0.021233894,-0.0048284703,-0.0047271904
A930006L05Rik,-0.004895806,-0.005144834,-0.004948629,-0.0048284703,-0.0047271904
Gm16010,-0.004895806,-0.005144834,-0.004948629,-0.0048284703,-0.0047271904
Trim42,-0.004895806,-0.005144834,-0.004948629,-0.0048284703,-0.0047271904
Gm15891,-0.004895806,-0.005144834,-0.004948629,-0.0048284703,-0.0047271904
4921534H16Rik,-0.004895806,-0.005144834,-0.004948629,-0.0048284703,-0.0047271904
2610303G11Rik,-0.004895806,-0.005144834,-0.004948629,-0.0048284703,-0.0047271904
Gm37637,-0.004895806,-0.005144834,-0.004948629,-0.0048284703,-0.0047271904
E330023G01Rik,-0.004895806,-0.005144834,-0.004948629,-0.0048284703,-0.0047271904
Prr23a1,-0.004895806,-0.005144834,-0.004948629,-0.0048284703,-0.0047271904
Prr23a2,-0.004895806,-0.005144834,-0.004948629,-0.0048284703,-0.0047271904
Prr23a3,-0.004895806,-0.005144834,-0.004948629,-0.0048284703,-0.0047271904
7420426K07Rik,-0.004895806,-0.005144834,-0.004948629,-0.0048284703,-0.0047271904
Foxl2,-0.004895806,-0.005144834,-0.004948629,-0.0048284703,-0.0047271904
Faiml,-0.004895806,-0.005144834,-0.004948629,-0.0048284703,-0.0047271904
4930422M22Rik,-0.004895806,-0.005144834,-0.004948629,-0.0048284703,-0.0047271904
Gm28087,-0.004895806,-0.005144834,-0.004948629,-0.0048284703,-0.0047271904
Dzip1l,0.028581712,0.027123546,0.026233174,-0.0048284703,-0.0047271904
Cldn18,0.06553502,0.03760994,0.046751335,-0.0048284703,-0.0047271904
Gm16004,-0.004895806,-0.005144834,-0.004948629,-0.0048284703,-0.0047271904
Sox14,-0.004895806,-0.005144834,-0.004948629,-0.0048284703,-0.0047271904
4930519F24Rik,-0.004895806,-0.005144834,-0.004948629,-0.0048284703,-0.0047271904
Gm28167,-0.004895806,-0.005144834,-0.004948629,-0.0048284703,-0.0047271904
Gm28166,-0.004895806,-0.005144834,-0.004948629,-0.0048284703,-0.0047271904
Gm28979,-0.004895806,-0.005144834,-0.004948629,-0.0048284703,-0.0047271904
9630041A04Rik,-0.004895806,-0.005144834,-0.004948629,-0.0048284703,-0.0047271904
Gm26846,-0.004895806,-0.005144834,-0.004948629,-0.0048284703,-0.0047271904
Gm29387,-0.004895806,-0.005144834,-0.004948629,-0.0048284703,-0.0047271904
4930533D04Rik,-0.004895806,-0.005144834,-0.004948629,-0.0048284703,-0.0047271904
Gm5627,-0.004895806,-0.005144834,-0.004948629,-0.0048284703,-0.0047271904
Gm16252,-0.004895806,-0.005144834,-0.004948629,-0.0048284703,-0.0047271904
4932413F04Rik,-0.004895806,-0.005144834,-0.004948629,-0.0048284703,-0.0047271904
Gm29154,-0.004895806,-0.005144834,-0.004948629,-0.0048284703,-0.0047271904
Gm28305,-0.004895806,-0.005144834,-0.004948629,-0.0048284703,-0.0047271904
Gm28548,-0.004895806,-0.005144834,-0.004948629,-0.0048284703,-0.0047271904
1700080E11Rik,-0.004895806,-0.005144834,-0.004948629,-0.0048284703,-0.0047271904
Nek11,-0.004895806,0.024287608,0.021233894,0.02503294,0.022499237
Gm20643,-0.004895806,-0.005144834,-0.004948629,-0.0048284703,-0.0047271904
Gm15619,-0.004895806,-0.005144834,-0.004948629,-0.0048284703,-0.0047271904
Gm19667,-0.004895806,-0.005144834,-0.004948629,-0.0048284703,-0.0047271904
Gm29208,-0.004895806,-0.005144834,-0.004948629,-0.0048284703,-0.0047271904
Tlr9,-0.004895806,-0.005144834,-0.004948629,-0.0048284703,-0.0047271904
Alas1,0.029761568,0.03953036,0.031666793,0.044449948,0.042589314
Iqcf1,-0.004895806,-0.005144834,-0.004948629,-0.0048284703,-0.0047271904
Iqcf3,-0.004895806,-0.005144834,-0.004948629,-0.0048284703,-0.0047271904
Iqcf5,-0.004895806,-0.005144834,-0.004948629,-0.0048284703,-0.0047271904
Iqcf6,-0.004895806,-0.005144834,-0.004948629,-0.0048284703,-0.0047271904
Gm28111,-0.004895806,-0.005144834,-0.004948629,-0.0048284703,-0.0047271904
Grm2,-0.004895806,-0.005144834,-0.004948629,-0.0048284703,-0.0047271904
1700039M15Rik,-0.004895806,-0.005144834,-0.004948629,-0.0048284703,-0.0047271904
4930429P21Rik,-0.004895806,-0.005144834,-0.004948629,-0.0048284703,-0.0047271904
Gm17141,-0.004895806,-0.005144834,-0.004948629,-0.0048284703,-0.0047271904
Gm17118,-0.004895806,-0.005144834,-0.004948629,-0.0048284703,-0.0047271904
Zmynd10,0.0235115,0.030706467,0.024962474,0.02274936,0.02542129
Gm16343,-0.004895806,-0.005144834,-0.004948629,-0.0048284703,-0.0047271904
Gm38150,-0.004895806,-0.005144834,-0.004948629,-0.0048284703,-0.0047271904
Sema3b,0.035276387,0.022674337,0.029658496,0.030876324,0.029348938
Gm37850,-0.004895806,-0.005144834,-0.004948629,-0.0048284703,-0.0047271904
Actl11,-0.004895806,-0.005144834,-0.004948629,-0.0048284703,-0.0047271904
Gm37974,-0.004895806,-0.005144834,-0.004948629,-0.0048284703,-0.0047271904
Cdhr4,0.021947088,0.039785046,0.023064215,0.024846178,0.021884466
4930535L15Rik,-0.004895806,-0.005144834,-0.004948629,-0.0048284703,-0.0047271904
Gm38134,-0.004895806,-0.005144834,-0.004948629,-0.0048284703,-0.0047271904
Dag1,0.0438923,0.026952429,0.035554618,0.035260018,0.035331246
BC048562,-0.004895806,-0.005144834,-0.004948629,-0.0048284703,-0.0047271904
Dalrd3,0.027370915,0.03197405,0.028117478,0.0346617,0.034861416
Fbxw21,-0.004895806,-0.005144834,-0.004948629,-0.0048284703,-0.0047271904
Fbxw13,-0.004895806,-0.005144834,-0.004948629,-0.0048284703,-0.0047271904
Fbxw20,-0.004895806,-0.005144834,-0.004948629,-0.0048284703,-0.0047271904
Fbxw14,-0.004895806,-0.005144834,-0.004948629,-0.0048284703,-0.0047271904
Fbxw22,-0.004895806,-0.005144834,-0.004948629,-0.0048284703,-0.0047271904
Fbxw16,-0.004895806,-0.005144834,-0.004948629,-0.0048284703,-0.0047271904
Gm42493,-0.004895806,-0.005144834,-0.004948629,-0.0048284703,-0.0047271904
Fbxw19,-0.004895806,-0.005144834,-0.004948629,-0.0048284703,-0.0047271904
Gm42756,-0.004895806,-0.005144834,-0.004948629,-0.0048284703,-0.0047271904
Fbxw15,-0.004895806,-0.005144834,-0.004948629,-0.0048284703,-0.0047271904
Fbxw24,-0.004895806,-0.005144834,-0.004948629,-0.0048284703,-0.0047271904
Fbxw25,-0.004895806,-0.005144834,-0.004948629,-0.0048284703,-0.0047271904
Fbxw18,-0.004895806,-0.005144834,-0.004948629,-0.0048284703,-0.0047271904
Fbxw26,-0.004895806,-0.005144834,-0.004948629,-0.0048284703,-0.0047271904
Spink8,-0.004895806,-0.005144834,-0.004948629,-0.0048284703,-0.0047271904
Camp,-0.004895806,-0.005144834,-0.004948629,-0.0048284703,-0.0047271904
Gm43732,-0.004895806,-0.005144834,-0.004948629,-0.0048284703,-0.0047271904
Gm42775,-0.004895806,-0.005144834,-0.004948629,-0.0048284703,-0.0047271904
Ngp,-0.004895806,-0.005144834,-0.004948629,-0.0048284703,-0.0047271904
Kif9,-0.004895806,0.025554176,0.02197229,0.027441187,0.026475858
Prss42,-0.004895806,-0.005144834,-0.004948629,-0.0048284703,-0.0047271904
Prss44,-0.004895806,-0.005144834,-0.004948629,-0.0048284703,-0.0047271904
Prss45,-0.004895806,-0.005144834,-0.004948629,-0.0048284703,-0.0047271904
Prss46,-0.004895806,-0.005144834,-0.004948629,-0.0048284703,-0.0047271904
Prss50,-0.004895806,-0.005144834,-0.004948629,-0.0048284703,-0.0047271904
Tdgf1,-0.004895806,-0.005144834,-0.004948629,-0.0048284703,-0.0047271904
1700061E17Rik,-0.004895806,-0.005144834,-0.004948629,-0.0048284703,-0.0047271904
Ltf,0.02303759,0.03162088,0.021233894,0.06408401,0.04088827
Trank1,-0.004895806,-0.005144834,-0.004948629,-0.0048284703,-0.0047271904
Dclk3,-0.004895806,-0.005144834,-0.004948629,-0.0048284703,-0.0047271904
Gm42523,-0.004895806,-0.005144834,-0.004948629,-0.0048284703,-0.0047271904
Gm43236,-0.004895806,-0.005144834,-0.004948629,-0.0048284703,-0.0047271904
Stac,-0.004895806,-0.005144834,-0.004948629,-0.0048284703,-0.0047271904
Arpp21,-0.004895806,-0.005144834,-0.004948629,-0.0048284703,-0.0047271904
2310075C17Rik,-0.004895806,-0.005144834,-0.004948629,-0.0048284703,-0.0047271904
2900079G21Rik,-0.004895806,-0.005144834,-0.004948629,-0.0048284703,-0.0047271904
Susd5,-0.004895806,-0.005144834,-0.004948629,-0.0048284703,-0.0047271904
Ccr4,-0.004895806,-0.005144834,-0.004948629,-0.0048284703,-0.0047271904
Trim71,-0.004895806,-0.005144834,-0.004948629,-0.0048284703,-0.0047271904
Gm4665,-0.004895806,-0.005144834,-0.004948629,-0.0048284703,-0.0047271904
Gm26962,-0.004895806,-0.005144834,-0.004948629,-0.0048284703,-0.0047271904
Gadl1,-0.004895806,-0.005144834,-0.004948629,-0.0048284703,-0.0047271904
Gm16142,-0.004895806,-0.005144834,-0.004948629,-0.0048284703,-0.0047271904
Platr11,-0.004895806,-0.005144834,-0.004948629,-0.0048284703,-0.0047271904
Eomes,-0.004895806,-0.005144834,-0.004948629,-0.0048284703,-0.0047271904
Itga9,0.028187316,0.020568028,0.03233764,0.024580723,0.0239706
Scn10a,-0.004895806,-0.005144834,-0.004948629,-0.0048284703,-0.0047271904
Scn11a,-0.004895806,-0.005144834,-0.004948629,-0.0048284703,-0.0047271904
Ttc21a,0.023176508,0.030640848,0.021790441,0.021295324,0.023639698
Xirp1,-0.004895806,-0.005144834,-0.004948629,-0.0048284703,-0.0047271904
Ccr8,-0.004895806,-0.005144834,-0.004948629,-0.0048284703,-0.0047271904
Rpsa,0.049109343,0.039593525,0.048517335,0.037532866,0.04206785
Mobp,-0.004895806,-0.005144834,-0.004948629,-0.0048284703,-0.0047271904
Myrip,-0.004895806,-0.005144834,-0.004948629,-0.0048284703,-0.0047271904
Rpl14,0.043209217,0.04122001,0.044749856,0.049477015,0.05827838
1700020M21Rik,-0.004895806,-0.005144834,-0.004948629,-0.0048284703,-0.0047271904
Ulk4,0.024897043,0.026653675,0.023064215,0.024071202,0.023848666
Lyzl4os,-0.004895806,-0.005144834,-0.004948629,-0.0048284703,-0.0047271904
Gm17163,-0.004895806,-0.005144834,-0.004948629,-0.0048284703,-0.0047271904
Cyp8b1,-0.004895806,-0.005144834,-0.004948629,-0.0048284703,-0.0047271904
Zdhhc3,0.030933388,0.023794388,0.03928199,0.031990174,0.03207308
Lars2,0.042104088,0.039657027,0.04418778,0.029014012,0.029617095
Gm17120,-0.004895806,-0.005144834,-0.004948629,-0.0048284703,-0.0047271904
Ccr9,-0.004895806,-0.005144834,-0.004948629,-0.0048284703,-0.0047271904
Cxcr6,-0.004895806,-0.005144834,-0.004948629,-0.0048284703,-0.0047271904
Ccr1l1,-0.004895806,-0.005144834,-0.004948629,-0.0048284703,-0.0047271904
Ccr3,-0.004895806,-0.005144834,-0.004948629,-0.0048284703,-0.0047271904
Gm21836,-0.004895806,-0.005144834,-0.004948629,-0.0048284703,-0.0047271904
Gm12735,-0.004895806,-0.005144834,-0.004948629,-0.0048284703,-0.0047271904
Dusp18,0.025828503,0.02815911,0.027896471,0.029322682,0.02817725
Sec14l3,0.045198645,0.060781054,0.033077564,0.039902974,0.035952564
Gm11959,-0.004895806,-0.005144834,-0.004948629,-0.0048284703,-0.0047271904
Gm11958,-0.004895806,-0.005144834,-0.004948629,-0.0048284703,-0.0047271904
Gm11032,-0.004895806,-0.005144834,-0.004948629,-0.0048284703,-0.0047271904
Gm11961,-0.004895806,-0.005144834,-0.004948629,-0.0048284703,-0.0047271904
Cabp7,-0.004895806,-0.005144834,-0.004948629,-0.0048284703,-0.0047271904
Ankrd36,-0.004895806,-0.005144834,-0.004948629,-0.0048284703,-0.0047271904
Aebp1,0.027424192,0.03110614,0.031123675,0.0220564,-0.0047271904
Gm11967,-0.004895806,-0.005144834,-0.004948629,-0.0048284703,-0.0047271904
Ppia,0.057985034,0.052541066,0.0529764,0.024580723,0.028696254
Wap,-0.004895806,-0.005144834,-0.004948629,-0.0048284703,-0.0047271904
Gm11985,-0.004895806,-0.005144834,-0.004948629,-0.0048284703,-0.0047271904
Igfbp1,-0.004895806,-0.005144834,-0.004948629,-0.0048284703,-0.0047271904
Gm11986,-0.004895806,-0.005144834,-0.004948629,-0.0048284703,-0.0047271904
Gm11998,-0.004895806,-0.005144834,-0.004948629,-0.0048284703,-0.0047271904
4930512M02Rik,-0.004895806,-0.005144834,-0.004948629,-0.0048284703,-0.0047271904
Gm12000,-0.004895806,-0.005144834,-0.004948629,-0.0048284703,-0.0047271904
Ddc,0.03113173,0.019478831,0.025352823,0.023749411,0.02454543
1700042O10Rik,-0.004895806,-0.005144834,-0.004948629,-0.0048284703,-0.0047271904
Gm12002,-0.004895806,-0.005144834,-0.004948629,-0.0048284703,-0.0047271904
4930554G24Rik,-0.004895806,-0.005144834,-0.004948629,-0.0048284703,-0.0047271904
1700046C09Rik,-0.004895806,-0.005144834,-0.004948629,-0.0048284703,-0.0047271904
Sec61g,0.037059605,0.029262241,0.039585974,0.027982047,0.026819268
Gm12018,-0.004895806,-0.005144834,-0.004948629,-0.0048284703,-0.0047271904
Gm12022,-0.004895806,-0.005144834,-0.004948629,-0.0048284703,-0.0047271904
Gm12023,-0.004895806,-0.005144834,-0.004948629,-0.0048284703,-0.0047271904
Gm28401,-0.004895806,-0.005144834,-0.004948629,-0.0048284703,-0.0047271904
4933406G16Rik,-0.004895806,-0.005144834,-0.004948629,-0.0048284703,-0.0047271904
Gm12027,-0.004895806,-0.005144834,-0.004948629,-0.0048284703,-0.0047271904
Slc1a4,0.026590008,0.02813104,0.023484416,0.02610561,0.028968843
4932414J04Rik,-0.004895806,-0.005144834,-0.004948629,-0.0048284703,-0.0047271904
Gm12050,-0.004895806,-0.005144834,-0.004948629,-0.0048284703,-0.0047271904
Gm12051,-0.004895806,-0.005144834,-0.004948629,-0.0048284703,-0.0047271904
Gm12055,-0.004895806,-0.005144834,-0.004948629,-0.0048284703,-0.0047271904
Gm12056,-0.004895806,-0.005144834,-0.004948629,-0.0048284703,-0.0047271904
Fam161a,0.024653658,0.034590833,0.023935523,0.028710812,0.03317611
1700061J23Rik,-0.004895806,-0.005144834,-0.004948629,-0.0048284703,-0.0047271904
Gm12061,-0.004895806,-0.005144834,-0.004948629,-0.0048284703,-0.0047271904
A830031A19Rik,-0.004895806,-0.005144834,-0.004948629,-0.0048284703,-0.0047271904
Gm12064,-0.004895806,-0.005144834,-0.004948629,-0.0048284703,-0.0047271904
4930538E20Rik,-0.004895806,-0.005144834,-0.004948629,-0.0048284703,-0.0047271904
Gm12065,-0.004895806,-0.005144834,-0.004948629,-0.0048284703,-0.0047271904
Gm12066,-0.004895806,-0.005144834,-0.004948629,-0.0048284703,-0.0047271904
Gm12068,-0.004895806,-0.005144834,-0.004948629,-0.0048284703,-0.0047271904
4933430M04Rik,-0.004895806,-0.005144834,-0.004948629,-0.0048284703,-0.0047271904
Gm10466,-0.004895806,-0.005144834,-0.004948629,-0.0048284703,-0.0047271904
Gm12665,-0.004895806,-0.005144834,-0.004948629,-0.0048284703,-0.0047271904
4933427E13Rik,-0.004895806,-0.005144834,-0.004948629,-0.0048284703,-0.0047271904
Gm12069,-0.004895806,-0.005144834,-0.004948629,-0.0048284703,-0.0047271904
Gm6899,-0.004895806,-0.005144834,-0.004948629,-0.0048284703,-0.0047271904
Gm6685,-0.004895806,-0.005144834,-0.004948629,-0.0048284703,-0.0047271904
Gm12081,-0.004895806,-0.005144834,-0.004948629,-0.0048284703,-0.0047271904
2810471M01Rik,-0.004895806,-0.005144834,-0.004948629,-0.0048284703,-0.0047271904
Gm12082,-0.004895806,-0.005144834,-0.004948629,-0.0048284703,-0.0047271904
Rps27a,0.05033514,0.038048938,0.050160818,0.025221482,0.025101569
Gm12088,-0.004895806,-0.005144834,-0.004948629,-0.0048284703,-0.0047271904
Sptbn1,0.041374337,0.0368764,0.03668361,0.03543573,0.03380786
Gm29237,-0.004895806,-0.005144834,-0.004948629,-0.0048284703,-0.0047271904
Gm17332,-0.004895806,-0.005144834,-0.004948629,-0.0048284703,-0.0047271904
D630024D03Rik,0.021665135,0.025361126,0.02275708,-0.0048284703,0.024465578
4930524B15Rik,-0.004895806,-0.005144834,-0.004948629,-0.0048284703,-0.0047271904
Il9r,-0.004895806,-0.005144834,-0.004948629,-0.0048284703,-0.0047271904
Hba-x,-0.004895806,-0.005144834,-0.004948629,-0.0048284703,-0.0047271904
Hbq1b,-0.004895806,-0.005144834,-0.004948629,-0.0048284703,-0.0047271904
Hbq1a,-0.004895806,-0.005144834,-0.004948629,-0.0048284703,-0.0047271904
4930555O08Rik,-0.004895806,-0.005144834,-0.004948629,-0.0048284703,-0.0047271904
Smim23,-0.004895806,-0.005144834,-0.004948629,-0.0048284703,-0.0047271904
Gm12111,-0.004895806,-0.005144834,-0.004948629,-0.0048284703,-0.0047271904
Gm12114,-0.004895806,-0.005144834,-0.004948629,-0.0048284703,-0.0047271904
Gm12116,-0.004895806,-0.005144834,-0.004948629,-0.0048284703,-0.0047271904
Gm12117,-0.004895806,-0.005144834,-0.004948629,-0.0048284703,-0.0047271904
Gabrp,0.023402853,0.020634819,0.022568636,0.040870585,0.036460835
Gm12119,-0.004895806,-0.005144834,-0.004948629,-0.0048284703,-0.0047271904
Gm12120,-0.004895806,-0.005144834,-0.004948629,-0.0048284703,-0.0047271904
Gm12121,-0.004895806,-0.005144834,-0.004948629,-0.0048284703,-0.0047271904
Foxi1,-0.004895806,-0.005144834,-0.004948629,-0.0048284703,-0.0047271904
4930403D09Rik,-0.004895806,-0.005144834,-0.004948629,-0.0048284703,-0.0047271904
Fam196b,-0.004895806,-0.005144834,-0.004948629,-0.0048284703,-0.0047271904
Gm12711,-0.004895806,-0.005144834,-0.004948629,-0.0048284703,-0.0047271904
Gm12126,-0.004895806,-0.005144834,-0.004948629,-0.0048284703,-0.0047271904
Gm12127,-0.004895806,-0.005144834,-0.004948629,-0.0048284703,-0.0047271904
Gm12128,-0.004895806,-0.005144834,-0.004948629,-0.0048284703,-0.0047271904
Gm12130,-0.004895806,-0.005144834,-0.004948629,-0.0048284703,-0.0047271904
Gm12132,-0.004895806,-0.005144834,-0.004948629,-0.0048284703,-0.0047271904
3110004A20Rik,-0.004895806,-0.005144834,-0.004948629,-0.0048284703,-0.0047271904
Platr13,-0.004895806,-0.005144834,-0.004948629,-0.0048284703,-0.0047271904
Gabrg2,-0.004895806,-0.005144834,-0.004948629,-0.0048284703,-0.0047271904
Gabra1,-0.004895806,-0.005144834,-0.004948629,-0.0048284703,-0.0047271904
Gabra6,-0.004895806,-0.005144834,-0.004948629,-0.0048284703,-0.0047271904
Gabrb2,-0.004895806,-0.005144834,-0.004948629,-0.0048284703,-0.0047271904
Gm9972,-0.004895806,-0.005144834,-0.004948629,-0.0048284703,-0.0047271904
Gm12145,-0.004895806,-0.005144834,-0.004948629,-0.0048284703,-0.0047271904
Gm12147,-0.004895806,-0.005144834,-0.004948629,-0.0048284703,-0.0047271904
Gm12148,-0.004895806,-0.005144834,-0.004948629,-0.0048284703,-0.0047271904
Gm12150,-0.004895806,-0.005144834,-0.004948629,-0.0048284703,-0.0047271904
Gm12153,-0.004895806,-0.005144834,-0.004948629,-0.0048284703,-0.0047271904
Gm12154,-0.004895806,-0.005144834,-0.004948629,-0.0048284703,-0.0047271904
Il12b,-0.004895806,-0.005144834,-0.004948629,-0.0048284703,-0.0047271904
Gm12159,-0.004895806,-0.005144834,-0.004948629,-0.0048284703,-0.0047271904
Gm12160,-0.004895806,-0.005144834,-0.004948629,-0.0048284703,-0.0047271904
Gm12162,-0.004895806,-0.005144834,-0.004948629,-0.0048284703,-0.0047271904
Gm16034,-0.004895806,-0.005144834,-0.004948629,-0.0048284703,-0.0047271904
Fndc9,-0.004895806,-0.005144834,-0.004948629,-0.0048284703,-0.0047271904
Itk,-0.004895806,-0.005144834,-0.004948629,-0.0048284703,-0.0047271904
Gm12167,-0.004895806,-0.005144834,-0.004948629,-0.0048284703,-0.0047271904
Fam71b,-0.004895806,-0.005144834,-0.004948629,-0.0048284703,-0.0047271904
Gm12169,-0.004895806,-0.005144834,-0.004948629,-0.0048284703,-0.0047271904
Gm12171,-0.004895806,-0.005144834,-0.004948629,-0.0048284703,-0.0047271904
BC053393,-0.004895806,-0.005144834,-0.004948629,-0.0048284703,-0.0047271904
Dppa1,-0.004895806,-0.005144834,-0.004948629,-0.0048284703,-0.0047271904
Gm4926,-0.004895806,-0.005144834,-0.004948629,-0.0048284703,-0.0047271904
Timd2,-0.004895806,-0.005144834,-0.004948629,-0.0048284703,-0.0047271904
Olfr1396,-0.004895806,-0.005144834,-0.004948629,-0.0048284703,-0.0047271904
Olfr1395,-0.004895806,-0.005144834,-0.004948629,-0.0048284703,-0.0047271904
Olfr1394,-0.004895806,-0.005144834,-0.004948629,-0.0048284703,-0.0047271904
Olfr1393,-0.004895806,-0.005144834,-0.004948629,-0.0048284703,-0.0047271904
Olfr1392,-0.004895806,-0.005144834,-0.004948629,-0.0048284703,-0.0047271904
Olfr10,-0.004895806,-0.005144834,-0.004948629,-0.0048284703,-0.0047271904
Olfr1391,-0.004895806,-0.005144834,-0.004948629,-0.0048284703,-0.0047271904
Olfr1390,-0.004895806,-0.005144834,-0.004948629,-0.0048284703,-0.0047271904
Olfr1389,-0.004895806,-0.005144834,-0.004948629,-0.0048284703,-0.0047271904
Olfr1387,-0.004895806,-0.005144834,-0.004948629,-0.0048284703,-0.0047271904
Olfr1386,-0.004895806,-0.005144834,-0.004948629,-0.0048284703,-0.0047271904
Olfr1385,-0.004895806,-0.005144834,-0.004948629,-0.0048284703,-0.0047271904
Olfr1384,-0.004895806,-0.005144834,-0.004948629,-0.0048284703,-0.0047271904
Olfr1383,-0.004895806,-0.005144834,-0.004948629,-0.0048284703,-0.0047271904
Olfr1382,-0.004895806,-0.005144834,-0.004948629,-0.0048284703,-0.0047271904
Olfr1381,-0.004895806,-0.005144834,-0.004948629,-0.0048284703,-0.0047271904
Olfr1380,-0.004895806,-0.005144834,-0.004948629,-0.0048284703,-0.0047271904
Scgb3a1,0.03003893,0.043463252,0.0295977,0.066883475,0.042513404
Rasgef1c,-0.004895806,-0.005144834,-0.004948629,-0.0048284703,-0.0047271904
Gm12200,-0.004895806,-0.005144834,-0.004948629,-0.0048284703,-0.0047271904
Grm6,-0.004895806,-0.005144834,-0.004948629,-0.0048284703,-0.0047271904
Gm12660,-0.004895806,-0.005144834,-0.004948629,-0.0048284703,-0.0047271904
4933414I15Rik,-0.004895806,-0.005144834,-0.004948629,-0.0048284703,-0.0047271904
Prop1,-0.004895806,-0.005144834,-0.004948629,-0.0048284703,-0.0047271904
Olfr1378,-0.004895806,-0.005144834,-0.004948629,-0.0048284703,-0.0047271904
Olfr1377,-0.004895806,-0.005144834,-0.004948629,-0.0048284703,-0.0047271904
Olfr51,-0.004895806,-0.005144834,-0.004948629,-0.0048284703,-0.0047271904
Olfr54,-0.004895806,-0.005144834,-0.004948629,-0.0048284703,-0.0047271904
Olfr1375,-0.004895806,-0.005144834,-0.004948629,-0.0048284703,-0.0047271904
9230009I02Rik,-0.004895806,-0.005144834,-0.004948629,-0.0048284703,-0.0047271904
Platr20,-0.004895806,-0.005144834,-0.004948629,-0.0048284703,-0.0047271904
Gm12569,-0.004895806,-0.005144834,-0.004948629,-0.0048284703,-0.0047271904
Gm12205,-0.004895806,-0.005144834,-0.004948629,-0.0048284703,-0.0047271904
Olfr1373,-0.004895806,-0.005144834,-0.004948629,-0.0048284703,-0.0047271904
Olfr1371,-0.004895806,-0.005144834,-0.004948629,-0.0048284703,-0.0047271904
Gm11186,-0.004895806,-0.005144834,-0.004948629,-0.0048284703,-0.0047271904
Gm10447,-0.004895806,-0.005144834,-0.004948629,-0.0048284703,-0.0047271904
Gm12212,-0.004895806,-0.005144834,-0.004948629,-0.0048284703,-0.0047271904
Gm9837,-0.004895806,-0.005144834,-0.004948629,-0.0048284703,-0.0047271904
Gm9945,-0.004895806,-0.005144834,-0.004948629,-0.0048284703,-0.0047271904
Il4,-0.004895806,-0.005144834,-0.004948629,-0.0048284703,-0.0047271904
Il5,-0.004895806,-0.005144834,-0.004948629,-0.0048284703,-0.0047271904
Gm12214,-0.004895806,-0.005144834,-0.004948629,-0.0048284703,-0.0047271904
4933405E24Rik,-0.004895806,-0.005144834,-0.004948629,-0.0048284703,-0.0047271904
Gm12223,-0.004895806,-0.005144834,-0.004948629,-0.0048284703,-0.0047271904
Il3,-0.004895806,-0.005144834,-0.004948629,-0.0048284703,-0.0047271904
Gm12224,-0.004895806,-0.005144834,-0.004948629,-0.0048284703,-0.0047271904
Meikin,-0.004895806,-0.005144834,-0.004948629,-0.0048284703,-0.0047271904
Gm12227,-0.004895806,-0.005144834,-0.004948629,-0.0048284703,-0.0047271904
Slc36a3,-0.004895806,-0.005144834,-0.004948629,-0.0048284703,-0.0047271904
Slc36a3os,-0.004895806,-0.005144834,-0.004948629,-0.0048284703,-0.0047271904
Slc36a1os,-0.004895806,-0.005144834,-0.004948629,-0.0048284703,-0.0047271904
Sparc,0.07113016,0.03556897,0.044371963,0.03154195,0.03763981
Gm12236,-0.004895806,-0.005144834,-0.004948629,-0.0048284703,-0.0047271904
Gm12239,-0.004895806,-0.005144834,-0.004948629,-0.0048284703,-0.0047271904
Nmur2,-0.004895806,-0.005144834,-0.004948629,-0.0048284703,-0.0047271904
Gm12243,-0.004895806,-0.005144834,-0.004948629,-0.0048284703,-0.0047271904
4933424L21Rik,-0.004895806,-0.005144834,-0.004948629,-0.0048284703,-0.0047271904
4933426K07Rik,-0.004895806,-0.005144834,-0.004948629,-0.0048284703,-0.0047271904
Hand1,-0.004895806,-0.005144834,-0.004948629,-0.0048284703,-0.0047271904
Gm12246,-0.004895806,-0.005144834,-0.004948629,-0.0048284703,-0.0047271904
4930438A08Rik,-0.004895806,-0.005144834,-0.004948629,-0.0048284703,-0.0047271904
1810065E05Rik,-0.004895806,-0.005144834,-0.004948629,-0.0048284703,-0.0047271904
Gm12253,-0.004895806,-0.005144834,-0.004948629,-0.0048284703,-0.0047271904
4930504O13Rik,-0.004895806,-0.005144834,-0.004948629,-0.0048284703,-0.0047271904
Olfr30,-0.004895806,-0.005144834,-0.004948629,-0.0048284703,-0.0047271904
Olfr332,-0.004895806,-0.005144834,-0.004948629,-0.0048284703,-0.0047271904
Olfr331,-0.004895806,-0.005144834,-0.004948629,-0.0048284703,-0.0047271904
Olfr330,-0.004895806,-0.005144834,-0.004948629,-0.0048284703,-0.0047271904
Olfr329-ps,-0.004895806,-0.005144834,-0.004948629,-0.0048284703,-0.0047271904
Olfr328,-0.004895806,-0.005144834,-0.004948629,-0.0048284703,-0.0047271904
Olfr224,-0.004895806,-0.005144834,-0.004948629,-0.0048284703,-0.0047271904
Olfr325,-0.004895806,-0.005144834,-0.004948629,-0.0048284703,-0.0047271904
Olfr324,-0.004895806,-0.005144834,-0.004948629,-0.0048284703,-0.0047271904
Olfr323,-0.004895806,-0.005144834,-0.004948629,-0.0048284703,-0.0047271904
Olfr322,-0.004895806,-0.005144834,-0.004948629,-0.0048284703,-0.0047271904
Olfr320,-0.004895806,-0.005144834,-0.004948629,-0.0048284703,-0.0047271904
Olfr319,-0.004895806,-0.005144834,-0.004948629,-0.0048284703,-0.0047271904
Olfr318,-0.004895806,-0.005144834,-0.004948629,-0.0048284703,-0.0047271904
Olfr316,-0.004895806,-0.005144834,-0.004948629,-0.0048284703,-0.0047271904
Olfr315,-0.004895806,-0.005144834,-0.004948629,-0.0048284703,-0.0047271904
Olfr314,-0.004895806,-0.005144834,-0.004948629,-0.0048284703,-0.0047271904
Fam183b,0.02331634,0.04791827,0.025198113,0.026267422,0.030228665
Olfr313,-0.004895806,-0.005144834,-0.004948629,-0.0048284703,-0.0047271904
Olfr312,-0.004895806,-0.005144834,-0.004948629,-0.0048284703,-0.0047271904
Olfr311,-0.004895806,-0.005144834,-0.004948629,-0.0048284703,-0.0047271904
Gm12259,-0.004895806,-0.005144834,-0.004948629,-0.0048284703,-0.0047271904
Gm12256,-0.004895806,-0.005144834,-0.004948629,-0.0048284703,-0.0047271904
Gm12257,-0.004895806,-0.005144834,-0.004948629,-0.0048284703,-0.0047271904
Btnl10,-0.004895806,-0.005144834,-0.004948629,-0.0048284703,-0.0047271904
Gm10435,-0.004895806,-0.005144834,-0.004948629,-0.0048284703,-0.0047271904
Wnt3a,0.030835135,0.019460635,0.020931521,-0.0048284703,0.027432527
Prss38,-0.004895806,-0.005144834,-0.004948629,-0.0048284703,-0.0047271904
Gm15755,-0.004895806,-0.005144834,-0.004948629,-0.0048284703,-0.0047271904
Olfr222,-0.004895806,-0.005144834,-0.004948629,-0.0048284703,-0.0047271904
Olfr223,-0.004895806,-0.005144834,-0.004948629,-0.0048284703,-0.0047271904
Gm12714,-0.004895806,-0.005144834,-0.004948629,-0.0048284703,-0.0047271904
Gm12265,-0.004895806,-0.005144834,-0.004948629,-0.0048284703,-0.0047271904
Kcnj12,-0.004895806,-0.005144834,-0.004948629,-0.0048284703,-0.0047271904
Aldh3a1,0.02444738,0.021551218,0.02341922,0.04192207,0.040954582
B9d1,0.027883576,0.035205074,0.02717041,0.03470361,0.03555002
Gm12272,-0.004895806,-0.005144834,-0.004948629,-0.0048284703,-0.0047271904
Slc5a10,-0.004895806,-0.005144834,-0.004948629,-0.0048284703,-0.0047271904
Gm26964,-0.004895806,-0.005144834,-0.004948629,-0.0048284703,-0.0047271904
Gm12273,-0.004895806,-0.005144834,-0.004948629,-0.0048284703,-0.0047271904
Gm12278,-0.004895806,-0.005144834,-0.004948629,-0.0048284703,-0.0047271904
Gm12949,-0.004895806,-0.005144834,-0.004948629,-0.0048284703,-0.0047271904
Lrrc75aos2,-0.004895806,-0.005144834,-0.004948629,-0.0048284703,-0.0047271904
Lrrc75aos1,-0.004895806,-0.005144834,-0.004948629,-0.0048284703,-0.0047271904
Gm10428,-0.004895806,-0.005144834,-0.004948629,-0.0048284703,-0.0047271904
Zfp286os,-0.004895806,-0.005144834,-0.004948629,-0.0048284703,-0.0047271904
Trim16,0.03330715,0.020368803,0.02628331,0.03408738,0.030479696
Cdrt4os2,-0.004895806,-0.005144834,-0.004948629,-0.0048284703,-0.0047271904
Pmp22,0.051737227,0.023927694,0.030200316,0.038058944,0.038432997
B130011K05Rik,-0.004895806,-0.005144834,-0.004948629,-0.0048284703,-0.0047271904
Gm12289,-0.004895806,-0.005144834,-0.004948629,-0.0048284703,-0.0047271904
Gm12290,-0.004895806,-0.005144834,-0.004948629,-0.0048284703,-0.0047271904
Dnah9,-0.004895806,0.031481896,0.021470746,0.024695706,0.024961092
2310065F04Rik,-0.004895806,-0.005144834,-0.004948629,-0.0048284703,-0.0047271904
Myh2,-0.004895806,-0.005144834,-0.004948629,-0.0048284703,-0.0047271904
9430073C21Rik,-0.004895806,-0.005144834,-0.004948629,-0.0048284703,-0.0047271904
Myh1,-0.004895806,-0.005144834,-0.004948629,-0.0048284703,-0.0047271904
Myh4,-0.004895806,-0.005144834,-0.004948629,-0.0048284703,-0.0047271904
Myh8,-0.004895806,-0.005144834,-0.004948629,-0.0048284703,-0.0047271904
Gm12301,-0.004895806,-0.005144834,-0.004948629,-0.0048284703,-0.0047271904
Glp2r,-0.004895806,-0.005144834,-0.004948629,-0.0048284703,-0.0047271904
Gsg1l2,-0.004895806,-0.005144834,-0.004948629,-0.0048284703,-0.0047271904
Cfap52,0.021545364,0.03248302,0.02341922,0.021692734,-0.0047271904
Mfsd6l,0.023741508,0.025004413,0.025021117,0.024846178,-0.0047271904
Ccdc42os,-0.004895806,-0.005144834,-0.004948629,-0.0048284703,-0.0047271904
Rnf222,-0.004895806,-0.005144834,-0.004948629,-0.0048284703,-0.0047271904
Rpl26,0.0462379,0.042446643,0.046521984,0.04863191,0.05252628
Odf4,-0.004895806,-0.005144834,-0.004948629,-0.0048284703,-0.0047271904
Tmem107,0.028439824,0.042365965,0.028411882,0.034371685,0.03590726
Alox12b,-0.004895806,-0.005144834,-0.004948629,-0.0048284703,-0.0047271904
Gucy2e,-0.004895806,-0.005144834,-0.004948629,-0.0048284703,-0.0047271904
Cntrobos,-0.004895806,-0.005144834,-0.004948629,-0.0048284703,-0.0047271904
Shbg,-0.004895806,-0.005144834,-0.004948629,-0.0048284703,-0.0047271904
Spem1,-0.004895806,-0.005144834,-0.004948629,-0.0048284703,-0.0047271904
Tmem95,-0.004895806,-0.005144834,-0.004948629,-0.0048284703,-0.0047271904
Slc16a11,0.022720411,0.0336776,0.025269363,0.046229716,0.039571587
Alox15,-0.004895806,0.020349918,-0.004948629,0.040670857,0.028853549
Vmo1,-0.004895806,-0.005144834,-0.004948629,-0.0048284703,-0.0047271904
Gltpd2,-0.004895806,-0.005144834,-0.004948629,-0.0048284703,-0.0047271904
Gm12316,-0.004895806,-0.005144834,-0.004948629,-0.0048284703,-0.0047271904
4930544D05Rik,-0.004895806,-0.005144834,-0.004948629,-0.0048284703,-0.0047271904
Gm12315,-0.004895806,-0.005144834,-0.004948629,-0.0048284703,-0.0047271904
Gm12320,-0.004895806,-0.005144834,-0.004948629,-0.0048284703,-0.0047271904
Scimp,-0.004895806,-0.005144834,-0.004948629,-0.0048284703,-0.0047271904
Nlrp1a,-0.004895806,-0.005144834,-0.004948629,-0.0048284703,-0.0047271904
Nlrp1b,-0.004895806,-0.005144834,-0.004948629,-0.0048284703,-0.0047271904
Gm16013,-0.004895806,-0.005144834,-0.004948629,-0.0048284703,-0.0047271904
9230020A06Rik,-0.004895806,-0.005144834,-0.004948629,-0.0048284703,-0.0047271904
Gm12324,-0.004895806,-0.005144834,-0.004948629,-0.0048284703,-0.0047271904
Gm12325,-0.004895806,-0.005144834,-0.004948629,-0.0048284703,-0.0047271904
Gm12326,-0.004895806,-0.005144834,-0.004948629,-0.0048284703,-0.0047271904
4930401O10Rik,-0.004895806,-0.005144834,-0.004948629,-0.0048284703,-0.0047271904
Slc13a5,-0.004895806,-0.005144834,-0.004948629,-0.0048284703,-0.0047271904
Fbxo39,-0.004895806,-0.005144834,-0.004948629,-0.0048284703,-0.0047271904
Tekt1,0.024390452,0.036574386,0.023484416,0.0220564,0.022929236
Tax1bp3,0.033539124,0.025481548,0.032140397,0.025221482,0.027366312
Trpv1,-0.004895806,-0.005144834,-0.004948629,-0.0048284703,-0.0047271904
Olfr20,-0.004895806,-0.005144834,-0.004948629,-0.0048284703,-0.0047271904
Olfr376,-0.004895806,-0.005144834,-0.004948629,-0.0048284703,-0.0047271904
Olfr1,-0.004895806,-0.005144834,-0.004948629,-0.0048284703,-0.0047271904
Olfr378,-0.004895806,-0.005144834,-0.004948629,-0.0048284703,-0.0047271904
Olfr380,-0.004895806,-0.005144834,-0.004948629,-0.0048284703,-0.0047271904
Olfr381,-0.004895806,-0.005144834,-0.004948629,-0.0048284703,-0.0047271904
Olfr382,-0.004895806,-0.005144834,-0.004948629,-0.0048284703,-0.0047271904
Olfr385,-0.004895806,-0.005144834,-0.004948629,-0.0048284703,-0.0047271904
Olfr384,-0.004895806,-0.005144834,-0.004948629,-0.0048284703,-0.0047271904
Zfp735,-0.004895806,-0.005144834,-0.004948629,-0.0048284703,-0.0047271904
Olfr389,-0.004895806,-0.005144834,-0.004948629,-0.0048284703,-0.0047271904
Olfr390,-0.004895806,-0.005144834,-0.004948629,-0.0048284703,-0.0047271904
Olfr391-ps,-0.004895806,-0.005144834,-0.004948629,-0.0048284703,-0.0047271904
Olfr392,-0.004895806,-0.005144834,-0.004948629,-0.0048284703,-0.0047271904
Olfr393,-0.004895806,-0.005144834,-0.004948629,-0.0048284703,-0.0047271904
Olfr394,-0.004895806,-0.005144834,-0.004948629,-0.0048284703,-0.0047271904
Olfr395,-0.004895806,-0.005144834,-0.004948629,-0.0048284703,-0.0047271904
Olfr23,-0.004895806,-0.005144834,-0.004948629,-0.0048284703,-0.0047271904
Olfr397,-0.004895806,-0.005144834,-0.004948629,-0.0048284703,-0.0047271904
Olfr398,-0.004895806,-0.005144834,-0.004948629,-0.0048284703,-0.0047271904
Olfr139,-0.004895806,-0.005144834,-0.004948629,-0.0048284703,-0.0047271904
Olfr399,-0.004895806,-0.005144834,-0.004948629,-0.0048284703,-0.0047271904
Zfp616,-0.004895806,-0.005144834,-0.004948629,-0.0048284703,-0.0047271904
Olfr401,-0.004895806,-0.005144834,-0.004948629,-0.0048284703,-0.0047271904
Olfr402,-0.004895806,-0.005144834,-0.004948629,-0.0048284703,-0.0047271904
Olfr403,-0.004895806,-0.005144834,-0.004948629,-0.0048284703,-0.0047271904
Olfr43,-0.004895806,-0.005144834,-0.004948629,-0.0048284703,-0.0047271904
Olfr406,-0.004895806,-0.005144834,-0.004948629,-0.0048284703,-0.0047271904
Olfr59,-0.004895806,-0.005144834,-0.004948629,-0.0048284703,-0.0047271904
Olfr410,-0.004895806,-0.005144834,-0.004948629,-0.0048284703,-0.0047271904
Olfr411,-0.004895806,-0.005144834,-0.004948629,-0.0048284703,-0.0047271904
Olfr412,-0.004895806,-0.005144834,-0.004948629,-0.0048284703,-0.0047271904
Gm28180,-0.004895806,-0.005144834,-0.004948629,-0.0048284703,-0.0047271904
Gm12333,-0.004895806,-0.005144834,-0.004948629,-0.0048284703,-0.0047271904
Gm12336,-0.004895806,-0.005144834,-0.004948629,-0.0048284703,-0.0047271904
Gm26836,-0.004895806,-0.005144834,-0.004948629,-0.0048284703,-0.0047271904
Gm16075,-0.004895806,-0.005144834,-0.004948629,-0.0048284703,-0.0047271904
1700016K19Rik,0.02288899,0.041893665,0.022186343,0.027308475,0.027726755
Gm26780,-0.004895806,-0.005144834,-0.004948629,-0.0048284703,-0.0047271904
Bhlha9,-0.004895806,-0.005144834,-0.004948629,-0.0048284703,-0.0047271904
Gm10392,-0.004895806,-0.005144834,-0.004948629,-0.0048284703,-0.0047271904
Cryba1,-0.004895806,-0.005144834,-0.004948629,-0.0048284703,-0.0047271904
Gm11190,-0.004895806,-0.005144834,-0.004948629,-0.0048284703,-0.0047271904
Sez6,-0.004895806,-0.005144834,-0.004948629,-0.0048284703,-0.0047271904
Rpl23a,0.035929605,0.02609565,0.037863538,0.024846178,0.026400384
Gm11192,-0.004895806,-0.005144834,-0.004948629,-0.0048284703,-0.0047271904
Sebox,-0.004895806,-0.005144834,-0.004948629,-0.0048284703,-0.0047271904
Gm11201,-0.004895806,-0.005144834,-0.004948629,-0.0048284703,-0.0047271904
Gm9964,-0.004895806,-0.005144834,-0.004948629,-0.0048284703,-0.0047271904
AU040972,0.027054524,0.063597,0.02744925,0.039005257,0.03627385
Evi2b,-0.004895806,-0.005144834,-0.004948629,-0.0048284703,-0.0047271904
Rab11fip4os1,-0.004895806,-0.005144834,-0.004948629,-0.0048284703,-0.0047271904
Rab11fip4os2,-0.004895806,-0.005144834,-0.004948629,-0.0048284703,-0.0047271904
9130204K15Rik,-0.004895806,-0.005144834,-0.004948629,-0.0048284703,-0.0047271904
4930507D10Rik,-0.004895806,-0.005144834,-0.004948629,-0.0048284703,-0.0047271904
Asic2,-0.004895806,-0.005144834,-0.004948629,-0.0048284703,-0.0047271904
Gm11417,-0.004895806,-0.005144834,-0.004948629,-0.0048284703,-0.0047271904
4930527B05Rik,-0.004895806,-0.005144834,-0.004948629,-0.0048284703,-0.0047271904
Gm11418,-0.004895806,-0.005144834,-0.004948629,-0.0048284703,-0.0047271904
5530401A14Rik,-0.004895806,-0.005144834,-0.004948629,-0.0048284703,-0.0047271904
Gm11419,-0.004895806,-0.005144834,-0.004948629,-0.0048284703,-0.0047271904
Gm17268,-0.004895806,-0.005144834,-0.004948629,-0.0048284703,-0.0047271904
Ccl1,-0.004895806,-0.005144834,-0.004948629,-0.0048284703,-0.0047271904
Gm11426,-0.004895806,-0.005144834,-0.004948629,-0.0048284703,-0.0047271904
Fndc8,-0.004895806,-0.005144834,-0.004948629,-0.0048284703,-0.0047271904
Slfn5os,-0.004895806,-0.005144834,-0.004948629,-0.0048284703,-0.0047271904
Slfn1,-0.004895806,-0.005144834,-0.004948629,-0.0048284703,-0.0047271904
Slfn4,-0.004895806,-0.005144834,-0.004948629,-0.0048284703,-0.0047271904
Heatr9,-0.004895806,-0.005144834,-0.004948629,-0.0048284703,-0.0047271904
Dusp14,0.031265352,0.0348945,0.026934799,0.032669544,0.036555283
Gm11437,-0.004895806,-0.005144834,-0.004948629,-0.0048284703,-0.0047271904
Lhx1,-0.004895806,-0.005144834,-0.004948629,-0.0048284703,-0.0047271904
Lhx1os,-0.004895806,-0.005144834,-0.004948629,-0.0048284703,-0.0047271904
1700109G15Rik,-0.004895806,-0.005144834,-0.004948629,-0.0048284703,-0.0047271904
Gm11431,-0.004895806,-0.005144834,-0.004948629,-0.0048284703,-0.0047271904
Gm11444,-0.004895806,-0.005144834,-0.004948629,-0.0048284703,-0.0047271904
Gm11479,-0.004895806,-0.005144834,-0.004948629,-0.0048284703,-0.0047271904
Gm11492,-0.004895806,-0.005144834,-0.004948629,-0.0048284703,-0.0047271904
Mir142hg,-0.004895806,-0.005144834,-0.004948629,-0.0048284703,-0.0047271904
Mpo,-0.004895806,-0.005144834,-0.004948629,-0.0048284703,-0.0047271904
Gm11505,-0.004895806,-0.005144834,-0.004948629,-0.0048284703,-0.0047271904
Lpo,-0.004895806,-0.005144834,-0.004948629,-0.0048284703,-0.0047271904
Epx,-0.004895806,-0.005144834,-0.004948629,-0.0048284703,-0.0047271904
Olfr462,-0.004895806,-0.005144834,-0.004948629,-0.0048284703,-0.0047271904
Olfr463,-0.004895806,-0.005144834,-0.004948629,-0.0048284703,-0.0047271904
Olfr464,-0.004895806,-0.005144834,-0.004948629,-0.0048284703,-0.0047271904
Ccdc182,-0.004895806,-0.005144834,-0.004948629,-0.0048284703,-0.0047271904
Gm11493,-0.004895806,-0.005144834,-0.004948629,-0.0048284703,-0.0047271904
4930556N13Rik,-0.004895806,-0.005144834,-0.004948629,-0.0048284703,-0.0047271904
Scpep1os,-0.004895806,-0.005144834,-0.004948629,-0.0048284703,-0.0047271904
Gm525,-0.004895806,-0.005144834,-0.004948629,-0.0048284703,-0.0047271904
Gm11497,-0.004895806,-0.005144834,-0.004948629,-0.0048284703,-0.0047271904
Gm2018,-0.004895806,-0.005144834,-0.004948629,-0.0048284703,-0.0047271904
Gm11494,-0.004895806,-0.005144834,-0.004948629,-0.0048284703,-0.0047271904
4930405D11Rik,-0.004895806,-0.005144834,-0.004948629,-0.0048284703,-0.0047271904
Kif2b,-0.004895806,-0.005144834,-0.004948629,-0.0048284703,-0.0047271904
Car10,-0.004895806,-0.005144834,-0.004948629,-0.0048284703,-0.0047271904
Nme2,0.041733563,0.028328506,0.039960936,-0.0048284703,-0.0047271904
Mycbpap,0.025500977,0.025241474,0.024706507,0.027899865,0.026400384
Chad,0.023176508,0.02107863,0.022186343,0.039121326,0.03684259
Gm11541,-0.004895806,-0.005144834,-0.004948629,-0.0048284703,-0.0047271904
Tmem92,-0.004895806,-0.005144834,-0.004948629,-0.0048284703,-0.0047271904
Hils1,-0.004895806,-0.005144834,-0.004948629,-0.0048284703,-0.0047271904
Gm11513,-0.004895806,-0.005144834,-0.004948629,-0.0048284703,-0.0047271904
Tac4,-0.004895806,-0.005144834,-0.004948629,-0.0048284703,-0.0047271904
Gm29477,-0.004895806,-0.005144834,-0.004948629,-0.0048284703,-0.0047271904
Gm11528,-0.004895806,-0.005144834,-0.004948629,-0.0048284703,-0.0047271904
Gm9796,-0.004895806,-0.005144834,-0.004948629,-0.0048284703,-0.0047271904
B4galnt2,-0.004895806,-0.005144834,-0.004948629,-0.0048284703,-0.0047271904
Gm11534,-0.004895806,-0.005144834,-0.004948629,-0.0048284703,-0.0047271904
Gm29202,-0.004895806,-0.005144834,-0.004948629,-0.0048284703,-0.0047271904
Gm11535,-0.004895806,-0.005144834,-0.004948629,-0.0048284703,-0.0047271904
Hoxb13,-0.004895806,-0.005144834,-0.004948629,-0.0048284703,-0.0047271904
Gm11537,-0.004895806,-0.005144834,-0.004948629,-0.0048284703,-0.0047271904
Lrrc46,0.021755379,0.026499767,0.023064215,0.024846178,0.023848666
Tbx21,-0.004895806,-0.005144834,-0.004948629,-0.0048284703,-0.0047271904
Gm11583,-0.004895806,-0.005144834,-0.004948629,-0.0048284703,-0.0047271904
Gm11614,-0.004895806,-0.005144834,-0.004948629,-0.0048284703,-0.0047271904
Rpl19,0.05484361,0.041589364,0.053424925,0.029788902,0.032605708
Stac2,-0.004895806,-0.005144834,-0.004948629,-0.0048284703,-0.0047271904
Neurod2,-0.004895806,-0.005144834,-0.004948629,-0.0048284703,-0.0047271904
Ppp1r1b,0.02367553,0.019827168,0.028187122,0.036539383,0.027767247
Lrrc3c,-0.004895806,-0.005144834,-0.004948629,-0.0048284703,-0.0047271904
Gsdma3,-0.004895806,-0.005144834,-0.004948629,-0.0048284703,-0.0047271904
Gsdma2,-0.004895806,-0.005144834,-0.004948629,-0.0048284703,-0.0047271904
Gsdma,-0.004895806,-0.005144834,-0.004948629,-0.0048284703,-0.0047271904
Ccr7,-0.004895806,-0.005144834,-0.004948629,-0.0048284703,-0.0047271904
Krt24,-0.004895806,-0.005144834,-0.004948629,-0.0048284703,-0.0047271904
Krt26,-0.004895806,-0.005144834,-0.004948629,-0.0048284703,-0.0047271904
Krt27,-0.004895806,-0.005144834,-0.004948629,-0.0048284703,-0.0047271904
Krt28,-0.004895806,-0.005144834,-0.004948629,-0.0048284703,-0.0047271904
Gm11940,-0.004895806,-0.005144834,-0.004948629,-0.0048284703,-0.0047271904
Krt23,0.026488353,0.021195844,0.03135896,0.042294268,0.037898965
Krt39,-0.004895806,-0.005144834,-0.004948629,-0.0048284703,-0.0047271904
Krt40,-0.004895806,-0.005144834,-0.004948629,-0.0048284703,-0.0047271904
Krtap3-3,-0.004895806,-0.005144834,-0.004948629,-0.0048284703,-0.0047271904
Krtap3-1,-0.004895806,-0.005144834,-0.004948629,-0.0048284703,-0.0047271904
Krtap1-4,-0.004895806,-0.005144834,-0.004948629,-0.0048284703,-0.0047271904
Krtap1-3,-0.004895806,-0.005144834,-0.004948629,-0.0048284703,-0.0047271904
Krtap9-3,-0.004895806,-0.005144834,-0.004948629,-0.0048284703,-0.0047271904
Gm11938,-0.004895806,-0.005144834,-0.004948629,-0.0048284703,-0.0047271904
Gm11937,-0.004895806,-0.005144834,-0.004948629,-0.0048284703,-0.0047271904
Krtap2-4,-0.004895806,-0.005144834,-0.004948629,-0.0048284703,-0.0047271904
Gm11562,-0.004895806,-0.005144834,-0.004948629,-0.0048284703,-0.0047271904
Krtap4-1,-0.004895806,-0.005144834,-0.004948629,-0.0048284703,-0.0047271904
Krtap4-2,-0.004895806,-0.005144834,-0.004948629,-0.0048284703,-0.0047271904
Krtap4-7,-0.004895806,-0.005144834,-0.004948629,-0.0048284703,-0.0047271904
Gm11555,-0.004895806,-0.005144834,-0.004948629,-0.0048284703,-0.0047271904
Gm11563,-0.004895806,-0.005144834,-0.004948629,-0.0048284703,-0.0047271904
Krtap4-6,-0.004895806,-0.005144834,-0.004948629,-0.0048284703,-0.0047271904
Gm14190,-0.004895806,-0.005144834,-0.004948629,-0.0048284703,-0.0047271904
Gm14180,-0.004895806,-0.005144834,-0.004948629,-0.0048284703,-0.0047271904
Gm11595,-0.004895806,-0.005144834,-0.004948629,-0.0048284703,-0.0047271904
Krtap4-8,-0.004895806,-0.005144834,-0.004948629,-0.0048284703,-0.0047271904
Krtap4-9,-0.004895806,-0.005144834,-0.004948629,-0.0048284703,-0.0047271904
Gm11596,-0.004895806,-0.005144834,-0.004948629,-0.0048284703,-0.0047271904
Gm11569,-0.004895806,-0.005144834,-0.004948629,-0.0048284703,-0.0047271904
Gm11554,-0.004895806,-0.005144834,-0.004948629,-0.0048284703,-0.0047271904
Krtap4-13,-0.004895806,-0.005144834,-0.004948629,-0.0048284703,-0.0047271904
Gm11564,-0.004895806,-0.005144834,-0.004948629,-0.0048284703,-0.0047271904
2300003K06Rik,-0.004895806,-0.005144834,-0.004948629,-0.0048284703,-0.0047271904
Krtap4-16,-0.004895806,-0.005144834,-0.004948629,-0.0048284703,-0.0047271904
Gm11568,-0.004895806,-0.005144834,-0.004948629,-0.0048284703,-0.0047271904
Gm11559,-0.004895806,-0.005144834,-0.004948629,-0.0048284703,-0.0047271904
Krtap9-1,-0.004895806,-0.005144834,-0.004948629,-0.0048284703,-0.0047271904
Gm11567,-0.004895806,-0.005144834,-0.004948629,-0.0048284703,-0.0047271904
Krtap31-1,-0.004895806,-0.005144834,-0.004948629,-0.0048284703,-0.0047271904
Gm11565,-0.004895806,-0.005144834,-0.004948629,-0.0048284703,-0.0047271904
Krtap31-2,-0.004895806,-0.005144834,-0.004948629,-0.0048284703,-0.0047271904
Krtap9-5,-0.004895806,-0.005144834,-0.004948629,-0.0048284703,-0.0047271904
Krtap29-1,-0.004895806,-0.005144834,-0.004948629,-0.0048284703,-0.0047271904
Krtap16-1,-0.004895806,-0.005144834,-0.004948629,-0.0048284703,-0.0047271904
Krt34,-0.004895806,-0.005144834,-0.004948629,-0.0048284703,-0.0047271904
Krt35,-0.004895806,-0.005144834,-0.004948629,-0.0048284703,-0.0047271904
Gm12347,-0.004895806,-0.005144834,-0.004948629,-0.0048284703,-0.0047271904
Krt15,0.02239747,0.027376682,0.022186343,0.06091153,0.068585515
Krt19,0.04048798,0.04700869,0.03149502,0.058246944,0.059045304
Krt9,-0.004895806,-0.005144834,-0.004948629,-0.0048284703,-0.0047271904
Krt17,0.026976282,0.021871971,-0.004948629,0.04580837,0.05108166
Gast,-0.004895806,-0.005144834,-0.004948629,-0.0048284703,-0.0047271904
Ttc25,0.020936292,0.02560275,0.023769336,0.025221482,0.024160448
Zfp385c,-0.004895806,-0.005144834,-0.004948629,-0.0048284703,-0.0047271904
Dhx58os,-0.004895806,-0.005144834,-0.004948629,-0.0048284703,-0.0047271904
Hspb9,-0.004895806,-0.005144834,-0.004948629,-0.0048284703,-0.0047271904
Hsd17b1,-0.004895806,-0.005144834,-0.004948629,-0.0048284703,-0.0047271904
Gm28156,-0.004895806,-0.005144834,-0.004948629,-0.0048284703,-0.0047271904
G6pc,-0.004895806,-0.005144834,-0.004948629,-0.0048284703,-0.0047271904
Rpl27,0.043980677,0.036524728,0.043480173,0.02354124,0.025278557
Gm11634,-0.004895806,-0.005144834,-0.004948629,-0.0048284703,-0.0047271904
Gm11635,-0.004895806,-0.005144834,-0.004948629,-0.0048284703,-0.0047271904
Gm11551,-0.004895806,-0.005144834,-0.004948629,-0.0048284703,-0.0047271904
4930417O22Rik,-0.004895806,-0.005144834,-0.004948629,-0.0048284703,-0.0047271904
Gm20659,-0.004895806,-0.005144834,-0.004948629,-0.0048284703,-0.0047271904
1700006E09Rik,-0.004895806,-0.005144834,-0.004948629,-0.0048284703,-0.0047271904
E130111B04Rik,-0.004895806,-0.005144834,-0.004948629,-0.0048284703,-0.0047271904
Ppy,-0.004895806,-0.005144834,-0.004948629,-0.0048284703,-0.0047271904
Gm11586,-0.004895806,-0.005144834,-0.004948629,-0.0048284703,-0.0047271904
Bloodlinc,-0.004895806,-0.005144834,-0.004948629,-0.0048284703,-0.0047271904
Gm20511,-0.004895806,-0.005144834,-0.004948629,-0.0048284703,-0.0047271904
Spata32,-0.004895806,-0.005144834,-0.004948629,-0.0048284703,-0.0047271904
Arhgap27os3,-0.004895806,-0.005144834,-0.004948629,-0.0048284703,-0.0047271904
Lrrc37a,-0.004895806,-0.005144834,-0.004948629,-0.0048284703,-0.0047271904
Gm884,-0.004895806,-0.005144834,-0.004948629,-0.0048284703,-0.0047271904
Lyzl6,-0.004895806,-0.005144834,-0.004948629,-0.0048284703,-0.0047271904
Wnt9b,-0.004895806,-0.005144834,-0.004948629,-0.0048284703,-0.0047271904
Crhr1,-0.004895806,-0.005144834,-0.004948629,-0.0048284703,-0.0047271904
Sppl2c,-0.004895806,-0.005144834,-0.004948629,-0.0048284703,-0.0047271904
Gm11659,-0.004895806,-0.005144834,-0.004948629,-0.0048284703,-0.0047271904
Gm11665,-0.004895806,-0.005144834,-0.004948629,-0.0048284703,-0.0047271904
Efcab3,-0.004895806,-0.005144834,-0.004948629,-0.0048284703,-0.0047271904
Gm10842,-0.004895806,-0.005144834,-0.004948629,-0.0048284703,-0.0047271904
Mrc2,0.032816675,0.019515265,0.02744925,-0.0048284703,-0.0047271904
Gm11640,-0.004895806,-0.005144834,-0.004948629,-0.0048284703,-0.0047271904
Gm11651,-0.004895806,-0.005144834,-0.004948629,-0.0048284703,-0.0047271904
Gm11672,-0.004895806,-0.005144834,-0.004948629,-0.0048284703,-0.0047271904
Gm10840,-0.004895806,-0.005144834,-0.004948629,-0.0048284703,-0.0047271904
Prr29,0.02109195,0.035272557,0.024351351,0.028582484,0.027182167
Gm11706,-0.004895806,-0.005144834,-0.004948629,-0.0048284703,-0.0047271904
Gm11707,-0.004895806,-0.005144834,-0.004948629,-0.0048284703,-0.0047271904
Gm11712,-0.004895806,-0.005144834,-0.004948629,-0.0048284703,-0.0047271904
C330019F10Rik,-0.004895806,-0.005144834,-0.004948629,-0.0048284703,-0.0047271904
Cacng1,-0.004895806,-0.005144834,-0.004948629,-0.0048284703,-0.0047271904
Gm11657,-0.004895806,-0.005144834,-0.004948629,-0.0048284703,-0.0047271904
Gm11655,-0.004895806,-0.005144834,-0.004948629,-0.0048284703,-0.0047271904
Cep112os1,-0.004895806,-0.005144834,-0.004948629,-0.0048284703,-0.0047271904
Gm11670,-0.004895806,-0.005144834,-0.004948629,-0.0048284703,-0.0047271904
E030025P04Rik,-0.004895806,-0.005144834,-0.004948629,-0.0048284703,-0.0047271904
1700096J18Rik,-0.004895806,-0.005144834,-0.004948629,-0.0048284703,-0.0047271904
Gm15642,-0.004895806,-0.005144834,-0.004948629,-0.0048284703,-0.0047271904
Gm11685,-0.004895806,-0.005144834,-0.004948629,-0.0048284703,-0.0047271904
Gm11684,-0.004895806,-0.005144834,-0.004948629,-0.0048284703,-0.0047271904
1700012B07Rik,-0.004895806,-0.005144834,-0.004948629,-0.0048284703,-0.0047271904
Gm11683,-0.004895806,-0.005144834,-0.004948629,-0.0048284703,-0.0047271904
1700023C21Rik,-0.004895806,-0.005144834,-0.004948629,-0.0048284703,-0.0047271904
Gm11697,-0.004895806,-0.005144834,-0.004948629,-0.0048284703,-0.0047271904
Gm11682,-0.004895806,-0.005144834,-0.004948629,-0.0048284703,-0.0047271904
Kcnj16,-0.004895806,-0.005144834,-0.004948629,-0.0048284703,-0.0047271904
Gm11674,-0.004895806,-0.005144834,-0.004948629,-0.0048284703,-0.0047271904
Gm11680,-0.004895806,-0.005144834,-0.004948629,-0.0048284703,-0.0047271904
Gm11681,-0.004895806,-0.005144834,-0.004948629,-0.0048284703,-0.0047271904
4933434M16Rik,-0.004895806,-0.005144834,-0.004948629,-0.0048284703,-0.0047271904
Cpsf4l,-0.004895806,-0.005144834,-0.004948629,-0.0048284703,-0.0047271904
1700025D23Rik,-0.004895806,-0.005144834,-0.004948629,-0.0048284703,-0.0047271904
1700001J04Rik,-0.004895806,-0.005144834,-0.004948629,-0.0048284703,-0.0047271904
Gm11690,-0.004895806,-0.005144834,-0.004948629,-0.0048284703,-0.0047271904
Gm11691,-0.004895806,-0.005144834,-0.004948629,-0.0048284703,-0.0047271904
4932435O22Rik,-0.004895806,-0.005144834,-0.004948629,-0.0048284703,-0.0047271904
Rpl38,0.045915432,0.039219383,0.04663603,0.027072005,0.024891222
Dnaic2,0.021268312,0.029749874,0.02197229,0.023281192,0.0239706
Kif19a,-0.004895806,0.026120644,-0.004948629,0.029411916,0.025243033
Cd300c,-0.004895806,-0.005144834,-0.004948629,-0.0048284703,-0.0047271904
Cd300e,-0.004895806,-0.005144834,-0.004948629,-0.0048284703,-0.0047271904
Grin2c,-0.004895806,-0.005144834,-0.004948629,-0.0048284703,-0.0047271904
Otop2,-0.004895806,-0.005144834,-0.004948629,-0.0048284703,-0.0047271904
Ush1g,-0.004895806,-0.005144834,-0.004948629,-0.0048284703,-0.0047271904
Ict1os,-0.004895806,-0.005144834,-0.004948629,-0.0048284703,-0.0047271904
Trim80,-0.004895806,-0.005144834,-0.004948629,-0.0048284703,-0.0047271904
Gm11695,-0.004895806,-0.005144834,-0.004948629,-0.0048284703,-0.0047271904
Sumo2,0.039973106,0.03335968,0.037597816,-0.0048284703,0.022189768
Gm26613,-0.004895806,-0.005144834,-0.004948629,-0.0048284703,-0.0047271904
Smim5,0.021665135,0.035895694,0.024625756,0.031712826,0.0299507
Recql5os1,-0.004895806,-0.005144834,-0.004948629,-0.0048284703,-0.0047271904
Gm26730,-0.004895806,-0.005144834,-0.004948629,-0.0048284703,-0.0047271904
Foxj1,0.026898371,0.04938219,0.025617516,0.030746462,0.033632908
Gm11739,-0.004895806,-0.005144834,-0.004948629,-0.0048284703,-0.0047271904
Aanat,-0.004895806,-0.005144834,-0.004948629,-0.0048284703,-0.0047271904
BC018473,-0.004895806,-0.005144834,-0.004948629,-0.0048284703,-0.0047271904
Gm11731,-0.004895806,-0.005144834,-0.004948629,-0.0048284703,-0.0047271904
Gm16045,-0.004895806,-0.005144834,-0.004948629,-0.0048284703,-0.0047271904
Gm11729,-0.004895806,-0.005144834,-0.004948629,-0.0048284703,-0.0047271904
Gm11733,-0.004895806,-0.005144834,-0.004948629,-0.0048284703,-0.0047271904
Gm11723,-0.004895806,-0.005144834,-0.004948629,-0.0048284703,-0.0047271904
6030468B19Rik,-0.004895806,-0.005144834,-0.004948629,-0.0048284703,-0.0047271904
Gm20708,-0.004895806,-0.005144834,-0.004948629,-0.0048284703,-0.0047271904
Gm11725,-0.004895806,-0.005144834,-0.004948629,-0.0048284703,-0.0047271904
Gm11738,-0.004895806,-0.005144834,-0.004948629,-0.0048284703,-0.0047271904
Lgals3bp,0.02942877,0.04129294,0.029416643,0.036302034,0.034819458
Gm11750,-0.004895806,-0.005144834,-0.004948629,-0.0048284703,-0.0047271904
Enpp7,-0.004895806,-0.005144834,-0.004948629,-0.0048284703,-0.0047271904
Gm11754,-0.004895806,-0.005144834,-0.004948629,-0.0048284703,-0.0047271904
Gm11755,-0.004895806,-0.005144834,-0.004948629,-0.0048284703,-0.0047271904
Gm26888,-0.004895806,-0.005144834,-0.004948629,-0.0048284703,-0.0047271904
Ccdc40,0.021406421,0.029083094,0.024351351,0.022992378,0.023249283
Card14,-0.004895806,-0.005144834,-0.004948629,-0.0048284703,-0.0047271904
Gm11766,-0.004895806,-0.005144834,-0.004948629,-0.0048284703,-0.0047271904
Actg1,0.06658273,0.055697676,0.056393992,0.026633471,0.028413825
Tspan10,-0.004895806,-0.005144834,-0.004948629,-0.0048284703,-0.0047271904
Gm11789,-0.004895806,-0.005144834,-0.004948629,-0.0048284703,-0.0047271904
Myadml2,-0.004895806,-0.005144834,-0.004948629,-0.0048284703,-0.0047271904
Gm17178,-0.004895806,-0.005144834,-0.004948629,-0.0048284703,-0.0047271904
Dcxr,0.029368969,0.039036553,0.036931258,0.044359017,0.04494544
Cbr2,0.035014823,0.07663561,0.06283638,0.06265976,0.07194989
Fasn,0.028355246,0.023001866,0.038025636,0.031920373,0.03007367
Gm11773,-0.004895806,-0.005144834,-0.004948629,-0.0048284703,-0.0047271904
Slc16a3,0.02405222,0.025433289,0.021610057,0.021295324,0.023738427
Gm28192,-0.004895806,-0.005144834,-0.004948629,-0.0048284703,-0.0047271904
Gm11775,-0.004895806,-0.005144834,-0.004948629,-0.0048284703,-0.0047271904
Tex19.2,-0.004895806,-0.005144834,-0.004948629,-0.0048284703,-0.0047271904
Tex19.1,-0.004895806,-0.005144834,-0.004948629,-0.0048284703,-0.0047271904
Uts2r,-0.004895806,-0.005144834,-0.004948629,-0.0048284703,-0.0047271904
Gm29513,-0.004895806,-0.005144834,-0.004948629,-0.0048284703,-0.0047271904
Gm15643,-0.004895806,-0.005144834,-0.004948629,-0.0048284703,-0.0047271904
Gm12590,-0.004895806,-0.005144834,-0.004948629,-0.0048284703,-0.0047271904
Calml3,0.02303759,0.023683976,0.020642586,0.044821296,0.037235323
Calm5,-0.004895806,-0.005144834,-0.004948629,-0.0048284703,-0.0047271904
Ucn3,-0.004895806,-0.005144834,-0.004948629,-0.0048284703,-0.0047271904
Akr1c18,-0.004895806,0.020501431,0.02197229,0.040803645,0.036794286
Akr1c20,-0.004895806,-0.005144834,-0.004948629,-0.0048284703,-0.0047271904
Gm5444,-0.004895806,-0.005144834,-0.004948629,-0.0048284703,-0.0047271904
Gm28465,-0.004895806,-0.005144834,-0.004948629,-0.0048284703,-0.0047271904
Adarb2,-0.004895806,-0.005144834,-0.004948629,-0.0048284703,-0.0047271904
Gm9745,-0.004895806,-0.005144834,-0.004948629,-0.0048284703,-0.0047271904
Idi2,-0.004895806,-0.005144834,-0.004948629,-0.0048284703,-0.0047271904
Gm26861,-0.004895806,-0.005144834,-0.004948629,-0.0048284703,-0.0047271904
Prl2c3,-0.004895806,-0.005144834,-0.004948629,-0.0048284703,-0.0047271904
Prl2c2,-0.004895806,-0.005144834,-0.004948629,-0.0048284703,-0.0047271904
Prl2c5,-0.004895806,-0.005144834,-0.004948629,-0.0048284703,-0.0047271904
Pou6f2,-0.004895806,-0.005144834,-0.004948629,-0.0048284703,-0.0047271904
Nme8,-0.004895806,-0.005144834,-0.004948629,-0.0048284703,-0.0047271904
A530099J19Rik,-0.004895806,-0.005144834,-0.004948629,-0.0048284703,-0.0047271904
Gpr141,-0.004895806,-0.005144834,-0.004948629,-0.0048284703,-0.0047271904
Aoah,-0.004895806,-0.005144834,-0.004948629,-0.0048284703,-0.0047271904
Olfr1370,-0.004895806,-0.005144834,-0.004948629,-0.0048284703,-0.0047271904
Olfr263,-0.004895806,-0.005144834,-0.004948629,-0.0048284703,-0.0047271904
Olfr1368,-0.004895806,-0.005144834,-0.004948629,-0.0048284703,-0.0047271904
Gpx5,-0.004895806,-0.005144834,-0.004948629,-0.0048284703,-0.0047271904
Gpx6,-0.004895806,-0.005144834,-0.004948629,-0.0048284703,-0.0047271904
Olfr1367,-0.004895806,-0.005144834,-0.004948629,-0.0048284703,-0.0047271904
Olfr1366,-0.004895806,-0.005144834,-0.004948629,-0.0048284703,-0.0047271904
Olfr1535,-0.004895806,-0.005144834,-0.004948629,-0.0048284703,-0.0047271904
Olfr1364,-0.004895806,-0.005144834,-0.004948629,-0.0048284703,-0.0047271904
Olfr1362,-0.004895806,-0.005144834,-0.004948629,-0.0048284703,-0.0047271904
Olfr11,-0.004895806,-0.005144834,-0.004948629,-0.0048284703,-0.0047271904
Olfr1361,-0.004895806,-0.005144834,-0.004948629,-0.0048284703,-0.0047271904
Olfr1360,-0.004895806,-0.005144834,-0.004948629,-0.0048284703,-0.0047271904
Olfr1359,-0.004895806,-0.005144834,-0.004948629,-0.0048284703,-0.0047271904
Gm11274,-0.004895806,-0.005144834,-0.004948629,-0.0048284703,-0.0047271904
Pom121l2,-0.004895806,-0.005144834,-0.004948629,-0.0048284703,-0.0047271904
Gm11290,-0.004895806,-0.005144834,-0.004948629,-0.0048284703,-0.0047271904
Vmn1r188,-0.004895806,-0.005144834,-0.004948629,-0.0048284703,-0.0047271904
Vmn1r189,-0.004895806,-0.005144834,-0.004948629,-0.0048284703,-0.0047271904
Vmn1r191,-0.004895806,-0.005144834,-0.004948629,-0.0048284703,-0.0047271904
Vmn1r192,-0.004895806,-0.005144834,-0.004948629,-0.0048284703,-0.0047271904
Vmn1r193,-0.004895806,-0.005144834,-0.004948629,-0.0048284703,-0.0047271904
Vmn1r194,-0.004895806,-0.005144834,-0.004948629,-0.0048284703,-0.0047271904
Vmn1r195,-0.004895806,-0.005144834,-0.004948629,-0.0048284703,-0.0047271904
Vmn1r196,-0.004895806,-0.005144834,-0.004948629,-0.0048284703,-0.0047271904
Vmn1r197,-0.004895806,-0.005144834,-0.004948629,-0.0048284703,-0.0047271904
Vmn1r198,-0.004895806,-0.005144834,-0.004948629,-0.0048284703,-0.0047271904
Vmn1r199,-0.004895806,-0.005144834,-0.004948629,-0.0048284703,-0.0047271904
Vmn1r200,-0.004895806,-0.005144834,-0.004948629,-0.0048284703,-0.0047271904
Vmn1r201,-0.004895806,-0.005144834,-0.004948629,-0.0048284703,-0.0047271904
Vmn1r202,-0.004895806,-0.005144834,-0.004948629,-0.0048284703,-0.0047271904
Vmn1r203,-0.004895806,-0.005144834,-0.004948629,-0.0048284703,-0.0047271904
Gm11300,-0.004895806,-0.005144834,-0.004948629,-0.0048284703,-0.0047271904
Vmn1r204,-0.004895806,-0.005144834,-0.004948629,-0.0048284703,-0.0047271904
Vmn1r205,-0.004895806,-0.005144834,-0.004948629,-0.0048284703,-0.0047271904
Vmn1r206,-0.004895806,-0.005144834,-0.004948629,-0.0048284703,-0.0047271904
Gm11309,-0.004895806,-0.005144834,-0.004948629,-0.0048284703,-0.0047271904
Vmn1r208,-0.004895806,-0.005144834,-0.004948629,-0.0048284703,-0.0047271904
Gm11314,-0.004895806,-0.005144834,-0.004948629,-0.0048284703,-0.0047271904
Vmn1r209,-0.004895806,-0.005144834,-0.004948629,-0.0048284703,-0.0047271904
Vmn1r210,-0.004895806,-0.005144834,-0.004948629,-0.0048284703,-0.0047271904
Vmn1r211,-0.004895806,-0.005144834,-0.004948629,-0.0048284703,-0.0047271904
Vmn1r212,-0.004895806,-0.005144834,-0.004948629,-0.0048284703,-0.0047271904
Vmn1r213,-0.004895806,-0.005144834,-0.004948629,-0.0048284703,-0.0047271904
Vmn1r214,-0.004895806,-0.005144834,-0.004948629,-0.0048284703,-0.0047271904
Vmn1r215,-0.004895806,-0.005144834,-0.004948629,-0.0048284703,-0.0047271904
Vmn1r216,-0.004895806,-0.005144834,-0.004948629,-0.0048284703,-0.0047271904
Vmn1r217,-0.004895806,-0.005144834,-0.004948629,-0.0048284703,-0.0047271904
Vmn1r218,-0.004895806,-0.005144834,-0.004948629,-0.0048284703,-0.0047271904
Vmn1r219,-0.004895806,-0.005144834,-0.004948629,-0.0048284703,-0.0047271904
Vmn1r220,-0.004895806,-0.005144834,-0.004948629,-0.0048284703,-0.0047271904
Vmn1r222,-0.004895806,-0.005144834,-0.004948629,-0.0048284703,-0.0047271904
Vmn1r223,-0.004895806,-0.005144834,-0.004948629,-0.0048284703,-0.0047271904
4930557F10Rik,-0.004895806,-0.005144834,-0.004948629,-0.0048284703,-0.0047271904
4933404K08Rik,-0.004895806,-0.005144834,-0.004948629,-0.0048284703,-0.0047271904
Btn1a1,-0.004895806,-0.005144834,-0.004948629,-0.0048284703,-0.0047271904
Hist1h2bc,0.029670143,0.03891617,0.030374402,0.041419882,0.041638296
Trim38,-0.004895806,-0.005144834,-0.004948629,-0.0048284703,-0.0047271904
Gm11337,-0.004895806,-0.005144834,-0.004948629,-0.0048284703,-0.0047271904
Slc17a3,-0.004895806,-0.005144834,-0.004948629,-0.0048284703,-0.0047271904
Slc17a1,-0.004895806,-0.005144834,-0.004948629,-0.0048284703,-0.0047271904
Slc17a4,-0.004895806,-0.005144834,-0.004948629,-0.0048284703,-0.0047271904
Hist1h2ba,-0.004895806,-0.005144834,-0.004948629,-0.0048284703,-0.0047271904
Hist1h2aa,-0.004895806,-0.005144834,-0.004948629,-0.0048284703,-0.0047271904
Scgn,-0.004895806,-0.005144834,-0.004948629,-0.0048284703,-0.0047271904
Gm11339,-0.004895806,-0.005144834,-0.004948629,-0.0048284703,-0.0047271904
Gm11342,-0.004895806,-0.005144834,-0.004948629,-0.0048284703,-0.0047271904
C530050E15Rik,-0.004895806,-0.005144834,-0.004948629,-0.0048284703,-0.0047271904
1700016G14Rik,-0.004895806,-0.005144834,-0.004948629,-0.0048284703,-0.0047271904
Dcdc2a,-0.004895806,0.024584979,0.021470746,0.023281192,0.02174337
Nrsn1,-0.004895806,-0.005144834,-0.004948629,-0.0048284703,-0.0047271904
Gm11351,-0.004895806,-0.005144834,-0.004948629,-0.0048284703,-0.0047271904
1700092E19Rik,-0.004895806,-0.005144834,-0.004948629,-0.0048284703,-0.0047271904
Hdgfl1,-0.004895806,-0.005144834,-0.004948629,-0.0048284703,-0.0047271904
Prl,-0.004895806,-0.005144834,-0.004948629,-0.0048284703,-0.0047271904
Prl3d1,-0.004895806,-0.005144834,-0.004948629,-0.0048284703,-0.0047271904
Prl3d2,-0.004895806,-0.005144834,-0.004948629,-0.0048284703,-0.0047271904
Prl3d3,-0.004895806,-0.005144834,-0.004948629,-0.0048284703,-0.0047271904
Prl3c1,-0.004895806,-0.005144834,-0.004948629,-0.0048284703,-0.0047271904
Prl3b1,-0.004895806,-0.005144834,-0.004948629,-0.0048284703,-0.0047271904
Prl3a1,-0.004895806,-0.005144834,-0.004948629,-0.0048284703,-0.0047271904
4930511O05Rik,-0.004895806,-0.005144834,-0.004948629,-0.0048284703,-0.0047271904
Prl6a1,-0.004895806,-0.005144834,-0.004948629,-0.0048284703,-0.0047271904
Prl8a2,-0.004895806,-0.005144834,-0.004948629,-0.0048284703,-0.0047271904
Prl2b1,-0.004895806,-0.005144834,-0.004948629,-0.0048284703,-0.0047271904
Prl8a6,-0.004895806,-0.005144834,-0.004948629,-0.0048284703,-0.0047271904
Prl8a8,-0.004895806,-0.005144834,-0.004948629,-0.0048284703,-0.0047271904
Prl8a9,-0.004895806,-0.005144834,-0.004948629,-0.0048284703,-0.0047271904
Prl8a1,-0.004895806,-0.005144834,-0.004948629,-0.0048284703,-0.0047271904
Prl7b1,-0.004895806,-0.005144834,-0.004948629,-0.0048284703,-0.0047271904
Prl7a1,-0.004895806,-0.005144834,-0.004948629,-0.0048284703,-0.0047271904
Prl7a2,-0.004895806,-0.005144834,-0.004948629,-0.0048284703,-0.0047271904
Prl7d1,-0.004895806,-0.005144834,-0.004948629,-0.0048284703,-0.0047271904
Prl7c1,-0.004895806,-0.005144834,-0.004948629,-0.0048284703,-0.0047271904
Prl2a1,-0.004895806,-0.005144834,-0.004948629,-0.0048284703,-0.0047271904
Prl2c1,-0.004895806,-0.005144834,-0.004948629,-0.0048284703,-0.0047271904
Prl4a1,-0.004895806,-0.005144834,-0.004948629,-0.0048284703,-0.0047271904
Prl5a1,-0.004895806,-0.005144834,-0.004948629,-0.0048284703,-0.0047271904
Gm11365,-0.004895806,-0.005144834,-0.004948629,-0.0048284703,-0.0047271904
Gm11368,-0.004895806,-0.005144834,-0.004948629,-0.0048284703,-0.0047271904
4930519D14Rik,-0.004895806,-0.005144834,-0.004948629,-0.0048284703,-0.0047271904
Gm5447,-0.004895806,-0.005144834,-0.004948629,-0.0048284703,-0.0047271904
4930401O12Rik,-0.004895806,-0.005144834,-0.004948629,-0.0048284703,-0.0047271904
Gm11373,-0.004895806,-0.005144834,-0.004948629,-0.0048284703,-0.0047271904
Gm11376,-0.004895806,-0.005144834,-0.004948629,-0.0048284703,-0.0047271904
Gm11377,-0.004895806,-0.005144834,-0.004948629,-0.0048284703,-0.0047271904
Gm11378,-0.004895806,-0.005144834,-0.004948629,-0.0048284703,-0.0047271904
Gm11379,-0.004895806,-0.005144834,-0.004948629,-0.0048284703,-0.0047271904
Gm11381,-0.004895806,-0.005144834,-0.004948629,-0.0048284703,-0.0047271904
Serpinb1a,0.025452927,0.020236924,0.02275708,0.03889024,0.037691243
Serpinb6b,0.04095711,0.025872214,0.036296695,0.033380732,0.036227494
Serpinb9,0.037887808,0.023838725,0.03338419,0.02994211,0.032178156
Serpinb9c,-0.004895806,-0.005144834,-0.004948629,-0.0048284703,-0.0047271904
Serpinb9d,-0.004895806,-0.005144834,-0.004948629,-0.0048284703,-0.0047271904
Serpinb9e,-0.004895806,-0.005144834,-0.004948629,-0.0048284703,-0.0047271904
Serpinb9f,-0.004895806,-0.005144834,-0.004948629,-0.0048284703,-0.0047271904
Gm11397,-0.004895806,-0.005144834,-0.004948629,-0.0048284703,-0.0047271904
Serpinb9g,-0.004895806,-0.005144834,-0.004948629,-0.0048284703,-0.0047271904
Serpinb6d,-0.004895806,-0.005144834,-0.004948629,-0.0048284703,-0.0047271904
Serpinb6e,-0.004895806,-0.005144834,-0.004948629,-0.0048284703,-0.0047271904
Pxdc1,0.033154503,0.021156704,0.025021117,0.024205836,0.027221473
4933417A18Rik,-0.004895806,-0.005144834,-0.004948629,-0.0048284703,-0.0047271904
Gm29459,-0.004895806,-0.005144834,-0.004948629,-0.0048284703,-0.0047271904
Ofcc1,-0.004895806,-0.005144834,-0.004948629,-0.0048284703,-0.0047271904
Gm9979,-0.004895806,-0.005144834,-0.004948629,-0.0048284703,-0.0047271904
Mak,0.022150673,0.026952429,0.022412844,0.026267422,0.024891222
Gcm2,-0.004895806,-0.005144834,-0.004948629,-0.0048284703,-0.0047271904
Sycp2l,-0.004895806,-0.005144834,-0.004948629,-0.0048284703,-0.0047271904
Gm17364,-0.004895806,-0.005144834,-0.004948629,-0.0048284703,-0.0047271904
Gm5082,-0.004895806,-0.005144834,-0.004948629,-0.0048284703,-0.0047271904
Gm28564,-0.004895806,-0.005144834,-0.004948629,-0.0048284703,-0.0047271904
Phactr1,0.03198625,0.020031163,0.027529728,0.021295324,-0.0047271904
Gm15810,-0.004895806,-0.005144834,-0.004948629,-0.0048284703,-0.0047271904
Gm15813,-0.004895806,-0.005144834,-0.004948629,-0.0048284703,-0.0047271904
Gm27007,-0.004895806,-0.005144834,-0.004948629,-0.0048284703,-0.0047271904
Gm10113,-0.004895806,-0.005144834,-0.004948629,-0.0048284703,-0.0047271904
Stmnd1,0.021665135,0.033438496,0.023769336,0.028682211,0.026262783
4931429P17Rik,-0.004895806,-0.005144834,-0.004948629,-0.0048284703,-0.0047271904
A830005F24Rik,-0.004895806,-0.005144834,-0.004948629,-0.0048284703,-0.0047271904
Gm906,-0.004895806,-0.005144834,-0.004948629,-0.0048284703,-0.0047271904
Gm8739,-0.004895806,-0.005144834,-0.004948629,-0.0048284703,-0.0047271904
Nutm2,-0.004895806,-0.005144834,-0.004948629,-0.0048284703,-0.0047271904
Gm904,-0.004895806,-0.005144834,-0.004948629,-0.0048284703,-0.0047271904
Gm8765,-0.004895806,-0.005144834,-0.004948629,-0.0048284703,-0.0047271904
Gm26651,-0.004895806,-0.005144834,-0.004948629,-0.0048284703,-0.0047271904
Gm2762,-0.004895806,-0.005144834,-0.004948629,-0.0048284703,-0.0047271904
Gm43262,-0.004895806,-0.005144834,-0.004948629,-0.0048284703,-0.0047271904
Drd1,-0.004895806,-0.005144834,-0.004948629,-0.0048284703,-0.0047271904
Gm16578,-0.004895806,-0.005144834,-0.004948629,-0.0048284703,-0.0047271904
Gm16248,-0.004895806,-0.005144834,-0.004948629,-0.0048284703,-0.0047271904
Cdhr2,-0.004895806,-0.005144834,-0.004948629,-0.0048284703,-0.0047271904
Sncb,-0.004895806,-0.005144834,-0.004948629,-0.0048284703,-0.0047271904
Gm16249,-0.004895806,-0.005144834,-0.004948629,-0.0048284703,-0.0047271904
Gm29431,-0.004895806,-0.005144834,-0.004948629,-0.0048284703,-0.0047271904
5330429C05Rik,-0.004895806,-0.005144834,-0.004948629,-0.0048284703,-0.0047271904
4930526F13Rik,-0.004895806,-0.005144834,-0.004948629,-0.0048284703,-0.0047271904
Gm17617,-0.004895806,-0.005144834,-0.004948629,-0.0048284703,-0.0047271904
Slc34a1,-0.004895806,-0.005144834,-0.004948629,-0.0048284703,-0.0047271904
Pfn3,-0.004895806,-0.005144834,-0.004948629,-0.0048284703,-0.0047271904
Gm15911,-0.004895806,-0.005144834,-0.004948629,-0.0048284703,-0.0047271904
4930451E10Rik,-0.004895806,-0.005144834,-0.004948629,-0.0048284703,-0.0047271904
Gm28760,-0.004895806,-0.005144834,-0.004948629,-0.0048284703,-0.0047271904
4930550C17Rik,-0.004895806,-0.005144834,-0.004948629,-0.0048284703,-0.0047271904
Neurog1,-0.004895806,-0.005144834,-0.004948629,-0.0048284703,-0.0047271904
Gm10782,-0.004895806,-0.005144834,-0.004948629,-0.0048284703,-0.0047271904
Il9,-0.004895806,-0.005144834,-0.004948629,-0.0048284703,-0.0047271904
Lect2,-0.004895806,-0.005144834,-0.004948629,-0.0048284703,-0.0047271904
Trpc7,-0.004895806,-0.005144834,-0.004948629,-0.0048284703,-0.0047271904
Gm26555,-0.004895806,-0.005144834,-0.004948629,-0.0048284703,-0.0047271904
Kif27,0.021866169,0.024197012,0.021233894,0.022992378,0.024660043
4921517D22Rik,-0.004895806,-0.005144834,-0.004948629,-0.0048284703,-0.0047271904
Spata31d1b,-0.004895806,-0.005144834,-0.004948629,-0.0048284703,-0.0047271904
Spata31d1d,-0.004895806,-0.005144834,-0.004948629,-0.0048284703,-0.0047271904
4930528D03Rik,-0.004895806,-0.005144834,-0.004948629,-0.0048284703,-0.0047271904
1700014D04Rik,-0.004895806,-0.005144834,-0.004948629,-0.0048284703,-0.0047271904
Gm5084,-0.004895806,-0.005144834,-0.004948629,-0.0048284703,-0.0047271904
BC051665,-0.004895806,-0.005144834,-0.004948629,-0.0048284703,-0.0047271904
Ctsll3,-0.004895806,-0.005144834,-0.004948629,-0.0048284703,-0.0047271904
4930486L24Rik,-0.004895806,-0.005144834,-0.004948629,-0.0048284703,-0.0047271904
Tpbpb,-0.004895806,-0.005144834,-0.004948629,-0.0048284703,-0.0047271904
Tpbpa,-0.004895806,-0.005144834,-0.004948629,-0.0048284703,-0.0047271904
Ctsj,-0.004895806,-0.005144834,-0.004948629,-0.0048284703,-0.0047271904
Ctsq,-0.004895806,-0.005144834,-0.004948629,-0.0048284703,-0.0047271904
Ctsr,-0.004895806,-0.005144834,-0.004948629,-0.0048284703,-0.0047271904
Cts6,-0.004895806,-0.005144834,-0.004948629,-0.0048284703,-0.0047271904
Cts8,-0.004895806,-0.005144834,-0.004948629,-0.0048284703,-0.0047271904
Cts7,-0.004895806,-0.005144834,-0.004948629,-0.0048284703,-0.0047271904
Ctsm,-0.004895806,-0.005144834,-0.004948629,-0.0048284703,-0.0047271904
Cts3,-0.004895806,-0.005144834,-0.004948629,-0.0048284703,-0.0047271904
Hsd17b3,-0.004895806,-0.005144834,-0.004948629,-0.0048284703,-0.0047271904
Cntnap3,-0.004895806,-0.005144834,-0.004948629,-0.0048284703,-0.0047271904
Spata31,-0.004895806,-0.005144834,-0.004948629,-0.0048284703,-0.0047271904
Spata31d1c,-0.004895806,-0.005144834,-0.004948629,-0.0048284703,-0.0047271904
Olfr465-ps1,-0.004895806,-0.005144834,-0.004948629,-0.0048284703,-0.0047271904
Olfr466,-0.004895806,-0.005144834,-0.004948629,-0.0048284703,-0.0047271904
Nlrp4f,-0.004895806,-0.005144834,-0.004948629,-0.0048284703,-0.0047271904
Gm10139,-0.004895806,-0.005144834,-0.004948629,-0.0048284703,-0.0047271904
Gm26639,-0.004895806,-0.005144834,-0.004948629,-0.0048284703,-0.0047271904
Platr2,-0.004895806,-0.005144834,-0.004948629,-0.0048284703,-0.0047271904
Gm10324,-0.004895806,-0.005144834,-0.004948629,-0.0048284703,-0.0047271904
Gm17514,-0.004895806,-0.005144834,-0.004948629,-0.0048284703,-0.0047271904
Gm10772,-0.004895806,-0.005144834,-0.004948629,-0.0048284703,-0.0047271904
Gm26754,-0.004895806,-0.005144834,-0.004948629,-0.0048284703,-0.0047271904
Gm26715,-0.004895806,-0.005144834,-0.004948629,-0.0048284703,-0.0047271904
2410141K09Rik,-0.004895806,-0.005144834,-0.004948629,-0.0048284703,-0.0047271904
Gm26806,-0.004895806,-0.005144834,-0.004948629,-0.0048284703,-0.0047271904
Gm28044,-0.004895806,-0.005144834,-0.004948629,-0.0048284703,-0.0047271904
Gm26965,-0.004895806,-0.005144834,-0.004948629,-0.0048284703,-0.0047271904
BC048507,-0.004895806,-0.005144834,-0.004948629,-0.0048284703,-0.0047271904
1700001L19Rik,0.02109195,0.030062344,0.02275708,0.026838547,0.026870683
Gm26844,-0.004895806,-0.005144834,-0.004948629,-0.0048284703,-0.0047271904
A530095I07Rik,-0.004895806,-0.005144834,-0.004948629,-0.0048284703,-0.0047271904
1700084F23Rik,-0.004895806,-0.005144834,-0.004948629,-0.0048284703,-0.0047271904
1700100L14Rik,-0.004895806,-0.005144834,-0.004948629,-0.0048284703,-0.0047271904
8030423J24Rik,-0.004895806,-0.005144834,-0.004948629,-0.0048284703,-0.0047271904
Lpcat1,0.03319252,0.022569764,0.04984092,0.027414568,0.02755232
Slc6a18,-0.004895806,-0.005144834,-0.004948629,-0.0048284703,-0.0047271904
Slc6a19os,-0.004895806,-0.005144834,-0.004948629,-0.0048284703,-0.0047271904
Slc9a3,-0.004895806,-0.005144834,-0.004948629,-0.0048284703,-0.0047271904
Ahrr,-0.004895806,-0.005144834,-0.004948629,-0.0048284703,-0.0047271904
Glrx,0.027397534,0.022465706,0.03463767,0.031406574,0.032020804
Gm29318,-0.004895806,-0.005144834,-0.004948629,-0.0048284703,-0.0047271904
Gm28526,-0.004895806,-0.005144834,-0.004948629,-0.0048284703,-0.0047271904
Gm4211,-0.004895806,-0.005144834,-0.004948629,-0.0048284703,-0.0047271904
C130071C03Rik,-0.004895806,-0.005144834,-0.004948629,-0.0048284703,-0.0047271904
Gm26803,-0.004895806,-0.005144834,-0.004948629,-0.0048284703,-0.0047271904
2810049E08Rik,-0.004895806,-0.005144834,-0.004948629,-0.0048284703,-0.0047271904
Gm17750,-0.004895806,-0.005144834,-0.004948629,-0.0048284703,-0.0047271904
Cox7c,0.040553898,0.03642597,0.039103106,0.030034719,0.028767576
Rps23,0.045398638,0.03480705,0.045756415,0.03188559,0.034204178
Ckmt2,-0.004895806,-0.005144834,-0.004948629,-0.0048284703,-0.0047271904
1700119I11Rik,-0.004895806,-0.005144834,-0.004948629,-0.0048284703,-0.0047271904
Gm20379,-0.004895806,-0.005144834,-0.004948629,-0.0048284703,-0.0047271904
C030017D09Rik,-0.004895806,-0.005144834,-0.004948629,-0.0048284703,-0.0047271904
Spz1,-0.004895806,-0.005144834,-0.004948629,-0.0048284703,-0.0047271904
Bhmt,-0.004895806,-0.005144834,-0.004948629,-0.0048284703,-0.0047271904
Gm15622,-0.004895806,-0.005144834,-0.004948629,-0.0048284703,-0.0047271904
Bhmt2,-0.004895806,-0.005144834,-0.004948629,-0.0048284703,-0.0047271904
Dmgdh,-0.004895806,-0.005144834,-0.004948629,-0.0048284703,-0.0047271904
Gm26527,-0.004895806,-0.005144834,-0.004948629,-0.0048284703,-0.0047271904
Gm15907,-0.004895806,-0.005144834,-0.004948629,-0.0048284703,-0.0047271904
Otp,-0.004895806,-0.005144834,-0.004948629,-0.0048284703,-0.0047271904
Gm16243,-0.004895806,-0.005144834,-0.004948629,-0.0048284703,-0.0047271904
Crhbp,-0.004895806,-0.005144834,-0.004948629,-0.0048284703,-0.0047271904
Gm17190,-0.004895806,-0.005144834,-0.004948629,-0.0048284703,-0.0047271904
Gm29543,-0.004895806,-0.005144834,-0.004948629,-0.0048284703,-0.0047271904
Gm17622,-0.004895806,-0.005144834,-0.004948629,-0.0048284703,-0.0047271904
1700029F12Rik,-0.004895806,-0.005144834,-0.004948629,-0.0048284703,-0.0047271904
Nsa2,0.03304104,0.023905413,0.03550955,0.028469203,0.031490505
C430039J16Rik,-0.004895806,-0.005144834,-0.004948629,-0.0048284703,-0.0047271904
5330416C01Rik,-0.004895806,-0.005144834,-0.004948629,-0.0048284703,-0.0047271904
Gm26619,-0.004895806,-0.005144834,-0.004948629,-0.0048284703,-0.0047271904
Btf3,0.041163903,0.034850705,0.0405459,0.03602255,0.037486695
Foxd1,-0.004895806,-0.005144834,-0.004948629,-0.0048284703,-0.0047271904
2310005E17Rik,-0.004895806,-0.005144834,-0.004948629,-0.0048284703,-0.0047271904
Gm29501,-0.004895806,-0.005144834,-0.004948629,-0.0048284703,-0.0047271904
Tmem174,-0.004895806,-0.005144834,-0.004948629,-0.0048284703,-0.0047271904
1700024P04Rik,-0.004895806,-0.005144834,-0.004948629,-0.0048284703,-0.0047271904
2310020H05Rik,-0.004895806,-0.005144834,-0.004948629,-0.0048284703,-0.0047271904
Map1b,0.02769298,0.034462716,0.026383994,0.025982073,0.026262783
Gm29502,-0.004895806,-0.005144834,-0.004948629,-0.0048284703,-0.0047271904
Gm29341,-0.004895806,-0.005144834,-0.004948629,-0.0048284703,-0.0047271904
Cd180,-0.004895806,-0.005144834,-0.004948629,-0.0048284703,-0.0047271904
1700099I09Rik,-0.004895806,-0.005144834,-0.004948629,-0.0048284703,-0.0047271904
Gm17160,-0.004895806,-0.005144834,-0.004948629,-0.0048284703,-0.0047271904
Fam159b,-0.004895806,-0.005144834,-0.004948629,-0.0048284703,-0.0047271904
4933425L06Rik,-0.004895806,-0.005144834,-0.004948629,-0.0048284703,-0.0047271904
Htr1a,-0.004895806,-0.005144834,-0.004948629,-0.0048284703,-0.0047271904
Gm28988,-0.004895806,-0.005144834,-0.004948629,-0.0048284703,-0.0047271904
1700006H21Rik,-0.004895806,-0.005144834,-0.004948629,-0.0048284703,-0.0047271904
Depdc1b,-0.004895806,-0.005144834,-0.004948629,-0.0048284703,-0.0047271904
Gapt,-0.004895806,-0.005144834,-0.004948629,-0.0048284703,-0.0047271904
Actbl2,-0.004895806,-0.005144834,-0.004948629,-0.0048284703,-0.0047271904
Gm6270,-0.004895806,-0.005144834,-0.004948629,-0.0048284703,-0.0047271904
Gm15290,-0.004895806,-0.005144834,-0.004948629,-0.0048284703,-0.0047271904
Gm15288,-0.004895806,-0.005144834,-0.004948629,-0.0048284703,-0.0047271904
Gm10198,-0.004895806,-0.005144834,-0.004948629,-0.0048284703,-0.0047271904
Gm15287,-0.004895806,-0.005144834,-0.004948629,-0.0048284703,-0.0047271904
Gm15325,-0.004895806,-0.005144834,-0.004948629,-0.0048284703,-0.0047271904
Gm15324,-0.004895806,-0.005144834,-0.004948629,-0.0048284703,-0.0047271904
Gm15322,-0.004895806,-0.005144834,-0.004948629,-0.0048284703,-0.0047271904
Gm15323,-0.004895806,-0.005144834,-0.004948629,-0.0048284703,-0.0047271904
Ddx4,-0.004895806,-0.005144834,-0.004948629,-0.0048284703,-0.0047271904
Gzmk,-0.004895806,-0.005144834,-0.004948629,-0.0048284703,-0.0047271904
Hspb3,-0.004895806,-0.005144834,-0.004948629,-0.0048284703,-0.0047271904
4930544M13Rik,-0.004895806,-0.005144834,-0.004948629,-0.0048284703,-0.0047271904
Emb,0.028524816,0.03511561,0.037234697,0.039841086,0.041779783
4933413L06Rik,-0.004895806,-0.005144834,-0.004948629,-0.0048284703,-0.0047271904
1700003P14Rik,-0.004895806,-0.005144834,-0.004948629,-0.0048284703,-0.0047271904
1700074H08Rik,-0.004895806,-0.005144834,-0.004948629,-0.0048284703,-0.0047271904
AF067063,-0.004895806,-0.005144834,-0.004948629,-0.0048284703,-0.0047271904
D13Ertd608e,-0.004895806,-0.005144834,-0.004948629,-0.0048284703,-0.0047271904
Tcstv1,-0.004895806,-0.005144834,-0.004948629,-0.0048284703,-0.0047271904
Gm21761,-0.004895806,-0.005144834,-0.004948629,-0.0048284703,-0.0047271904
B020031M17Rik,-0.004895806,-0.005144834,-0.004948629,-0.0048284703,-0.0047271904
Gm21188,-0.004895806,-0.005144834,-0.004948629,-0.0048284703,-0.0047271904
Gm20767,-0.004895806,-0.005144834,-0.004948629,-0.0048284703,-0.0047271904
Gm21818,-0.004895806,-0.005144834,-0.004948629,-0.0048284703,-0.0047271904
Gm21762,-0.004895806,-0.005144834,-0.004948629,-0.0048284703,-0.0047271904
Gm21731,-0.004895806,-0.005144834,-0.004948629,-0.0048284703,-0.0047271904
AF067061,-0.004895806,-0.005144834,-0.004948629,-0.0048284703,-0.0047271904
Tcstv3,-0.004895806,-0.005144834,-0.004948629,-0.0048284703,-0.0047271904
Dtnbos,-0.004895806,-0.005144834,-0.004948629,-0.0048284703,-0.0047271904
Dnmt3aos,-0.004895806,-0.005144834,-0.004948629,-0.0048284703,-0.0047271904
Gm3625,-0.004895806,-0.005144834,-0.004948629,-0.0048284703,-0.0047271904
Fam228a,-0.004895806,-0.005144834,-0.004948629,-0.0048284703,-0.0047271904
1700101O22Rik,-0.004895806,-0.005144834,-0.004948629,-0.0048284703,-0.0047271904
Gdf7,-0.004895806,-0.005144834,-0.004948629,-0.0048284703,-0.0047271904
Slc7a15,-0.004895806,-0.005144834,-0.004948629,-0.0048284703,-0.0047271904
9930038B18Rik,-0.004895806,-0.005144834,-0.004948629,-0.0048284703,-0.0047271904
Nt5c1b,-0.004895806,-0.005144834,-0.004948629,-0.0048284703,-0.0047271904
Msgn1,-0.004895806,-0.005144834,-0.004948629,-0.0048284703,-0.0047271904
4930511A02Rik,-0.004895806,-0.005144834,-0.004948629,-0.0048284703,-0.0047271904
Platr19,-0.004895806,-0.005144834,-0.004948629,-0.0048284703,-0.0047271904
4930519A11Rik,-0.004895806,-0.005144834,-0.004948629,-0.0048284703,-0.0047271904
Ntsr2,-0.004895806,-0.005144834,-0.004948629,-0.0048284703,-0.0047271904
2410004P03Rik,0.022511516,0.038620286,0.02275708,0.023937441,0.024261659
Gm10479,-0.004895806,-0.005144834,-0.004948629,-0.0048284703,-0.0047271904
Gm21863,-0.004895806,-0.005144834,-0.004948629,-0.0048284703,-0.0047271904
Gm10330,-0.004895806,-0.005144834,-0.004948629,-0.0048284703,-0.0047271904
Gm9866,-0.004895806,-0.005144834,-0.004948629,-0.0048284703,-0.0047271904
Dcdc2c,-0.004895806,-0.005144834,-0.004948629,-0.0048284703,-0.0047271904
Allc,-0.004895806,-0.005144834,-0.004948629,-0.0048284703,-0.0047271904
Rps7,0.053382803,0.037772775,0.052342,0.025982073,0.026400384
Myt1l,-0.004895806,-0.005144834,-0.004948629,-0.0048284703,-0.0047271904
Gm15691,-0.004895806,-0.005144834,-0.004948629,-0.0048284703,-0.0047271904
2310016D03Rik,-0.004895806,-0.005144834,-0.004948629,-0.0048284703,-0.0047271904
Gm28806,-0.004895806,-0.005144834,-0.004948629,-0.0048284703,-0.0047271904
6030469F06Rik,-0.004895806,-0.005144834,-0.004948629,-0.0048284703,-0.0047271904
Slc26a3,-0.004895806,-0.005144834,-0.004948629,-0.0048284703,-0.0047271904
Gpr22,-0.004895806,-0.005144834,-0.004948629,-0.0048284703,-0.0047271904
Cdhr3,0.0225844,0.03543135,0.02197229,0.02354124,-0.0047271904
Atxn7l1os1,-0.004895806,-0.005144834,-0.004948629,-0.0048284703,-0.0047271904
Efcab10,0.024527347,0.034209985,0.02275708,0.0220564,0.022624228
Ferd3l,-0.004895806,-0.005144834,-0.004948629,-0.0048284703,-0.0047271904
Prps1l1,-0.004895806,-0.005144834,-0.004948629,-0.0048284703,-0.0047271904
Agr3,0.02288899,0.028774213,0.02414799,0.024580723,0.023541426
Agr2,-0.004895806,0.026145676,0.022186343,0.045502786,0.03876417
Lrrc72,-0.004895806,-0.005144834,-0.004948629,-0.0048284703,-0.0047271904
Gm29007,-0.004895806,-0.005144834,-0.004948629,-0.0048284703,-0.0047271904
3110039M20Rik,-0.004895806,-0.005144834,-0.004948629,-0.0048284703,-0.0047271904
1810007C17Rik,-0.004895806,-0.005144834,-0.004948629,-0.0048284703,-0.0047271904
Gpr33,-0.004895806,-0.005144834,-0.004948629,-0.0048284703,-0.0047271904
1700031P21Rik,-0.004895806,-0.005144834,-0.004948629,-0.0048284703,-0.0047271904
1700060O08Rik,-0.004895806,-0.005144834,-0.004948629,-0.0048284703,-0.0047271904
Gm20403,-0.004895806,-0.005144834,-0.004948629,-0.0048284703,-0.0047271904
Insm2,-0.004895806,-0.005144834,-0.004948629,-0.0048284703,-0.0047271904
Mbip,0.03334556,0.023334661,0.035330743,0.03094165,0.034325175
Nkx2-9,-0.004895806,-0.005144834,-0.004948629,-0.0048284703,-0.0047271904
Pax9,0.023090912,0.02130383,-0.004948629,0.037226997,0.038004056
4921518K17Rik,-0.004895806,-0.005144834,-0.004948629,-0.0048284703,-0.0047271904
Sstr1,-0.004895806,-0.005144834,-0.004948629,-0.0048284703,-0.0047271904
Gm17529,-0.004895806,-0.005144834,-0.004948629,-0.0048284703,-0.0047271904
Lrfn5,-0.004895806,-0.005144834,-0.004948629,-0.0048284703,-0.0047271904
Fscb,-0.004895806,-0.005144834,-0.004948629,-0.0048284703,-0.0047271904
Rps29,0.046129324,0.037827525,0.04798091,-0.0048284703,-0.0047271904
Gm15561,-0.004895806,-0.005144834,-0.004948629,-0.0048284703,-0.0047271904
4931403G20Rik,-0.004895806,-0.005144834,-0.004948629,-0.0048284703,-0.0047271904
F730035M05Rik,-0.004895806,-0.005144834,-0.004948629,-0.0048284703,-0.0047271904
Trim9,-0.004895806,-0.005144834,-0.004948629,-0.0048284703,-0.0047271904
Psma3,0.034299023,0.031327058,0.035375226,0.033651523,0.032641873
1700083H02Rik,-0.004895806,-0.005144834,-0.004948629,-0.0048284703,-0.0047271904
Gpr135,-0.004895806,-0.005144834,-0.004948629,-0.0048284703,-0.0047271904
Ccdc175,-0.004895806,-0.005144834,-0.004948629,-0.0048284703,-0.0047271904
4930447C04Rik,-0.004895806,-0.005144834,-0.004948629,-0.0048284703,-0.0047271904
Six6,-0.004895806,-0.005144834,-0.004948629,-0.0048284703,-0.0047271904
D830013O20Rik,-0.004895806,-0.005144834,-0.004948629,-0.0048284703,-0.0047271904
Gm29587,-0.004895806,-0.005144834,-0.004948629,-0.0048284703,-0.0047271904
Gm11042,-0.004895806,-0.005144834,-0.004948629,-0.0048284703,-0.0047271904
Kcnh5,-0.004895806,-0.005144834,-0.004948629,-0.0048284703,-0.0047271904
Gphb5,-0.004895806,-0.005144834,-0.004948629,-0.0048284703,-0.0047271904
Tex21,-0.004895806,-0.005144834,-0.004948629,-0.0048284703,-0.0047271904
Mthfd1,0.037728477,0.022095257,0.032851707,0.029895997,0.032750886
Akap5,0.04581007,0.02027453,0.03002808,0.02242604,0.022302747
Hspa2,0.029458748,0.038976215,0.026485225,0.031122684,0.036043607
Ppp1r36,0.026037645,0.0332813,0.023935523,0.027736634,0.030702526
Gm10451,-0.004895806,-0.005144834,-0.004948629,-0.0048284703,-0.0047271904
Gpx2,0.025369124,0.031938355,0.025508791,0.042995583,0.045719534
Fam71d,-0.004895806,-0.005144834,-0.004948629,-0.0048284703,-0.0047271904
Erh,0.03510147,0.029905343,0.034679994,0.028796898,0.03159177
Ccdc177,-0.004895806,-0.005144834,-0.004948629,-0.0048284703,-0.0047271904
Gm26796,-0.004895806,-0.005144834,-0.004948629,-0.0048284703,-0.0047271904
1700052I22Rik,-0.004895806,-0.005144834,-0.004948629,-0.0048284703,-0.0047271904
Slc10a1,-0.004895806,-0.005144834,-0.004948629,-0.0048284703,-0.0047271904
Gm3693,-0.004895806,-0.005144834,-0.004948629,-0.0048284703,-0.0047271904
Gm28370,-0.004895806,-0.005144834,-0.004948629,-0.0048284703,-0.0047271904
Adam21,-0.004895806,-0.005144834,-0.004948629,-0.0048284703,-0.0047271904
Gm16572,-0.004895806,-0.005144834,-0.004948629,-0.0048284703,-0.0047271904
1700085C21Rik,-0.004895806,-0.005144834,-0.004948629,-0.0048284703,-0.0047271904
Gm29530,-0.004895806,-0.005144834,-0.004948629,-0.0048284703,-0.0047271904
Gm26623,-0.004895806,-0.005144834,-0.004948629,-0.0048284703,-0.0047271904
Acot1,0.03289109,0.037718263,0.039463487,0.029072376,0.030543054
4732463B04Rik,-0.004895806,-0.005144834,-0.004948629,-0.0048284703,-0.0047271904
Vsx2,-0.004895806,-0.005144834,-0.004948629,-0.0048284703,-0.0047271904
Vrtn,-0.004895806,-0.005144834,-0.004948629,-0.0048284703,-0.0047271904
Syndig1l,-0.004895806,-0.005144834,-0.004948629,-0.0048284703,-0.0047271904
Npc2,0.04180674,0.039979678,0.06357491,0.04002768,0.03993389
Gm17139,-0.004895806,-0.005144834,-0.004948629,-0.0048284703,-0.0047271904
Ift43,0.03270574,0.041075516,0.030566491,0.033887655,0.03541835
4732487G21Rik,-0.004895806,-0.005144834,-0.004948629,-0.0048284703,-0.0047271904
Lrrc74a,-0.004895806,-0.005144834,-0.004948629,-0.0048284703,-0.0047271904
Zdhhc22,-0.004895806,-0.005144834,-0.004948629,-0.0048284703,-0.0047271904
Tmem63c,-0.004895806,-0.005144834,-0.004948629,-0.0048284703,-0.0047271904
Sptlc2,0.034971703,0.023661967,0.03546463,0.033690616,0.03193406
Gm29362,-0.004895806,-0.005144834,-0.004948629,-0.0048284703,-0.0047271904
Gm8300,-0.004895806,-0.005144834,-0.004948629,-0.0048284703,-0.0047271904
Oog1,-0.004895806,-0.005144834,-0.004948629,-0.0048284703,-0.0047271904
Gm4027,-0.004895806,-0.005144834,-0.004948629,-0.0048284703,-0.0047271904
Gm16381,-0.004895806,-0.005144834,-0.004948629,-0.0048284703,-0.0047271904
Gm21319,-0.004895806,-0.005144834,-0.004948629,-0.0048284703,-0.0047271904
Gm21936,-0.004895806,-0.005144834,-0.004948629,-0.0048284703,-0.0047271904
BB287469,-0.004895806,-0.005144834,-0.004948629,-0.0048284703,-0.0047271904
Gm2016,-0.004895806,-0.005144834,-0.004948629,-0.0048284703,-0.0047271904
Gm2035,-0.004895806,-0.005144834,-0.004948629,-0.0048284703,-0.0047271904
Gm2042,-0.004895806,-0.005144834,-0.004948629,-0.0048284703,-0.0047271904
Gm2075,-0.004895806,-0.005144834,-0.004948629,-0.0048284703,-0.0047271904
Gm6803,-0.004895806,-0.005144834,-0.004948629,-0.0048284703,-0.0047271904
Gm2056,-0.004895806,-0.005144834,-0.004948629,-0.0048284703,-0.0047271904
Gm10436,-0.004895806,-0.005144834,-0.004948629,-0.0048284703,-0.0047271904
Gm8332,-0.004895806,-0.005144834,-0.004948629,-0.0048284703,-0.0047271904
Gm5662,-0.004895806,-0.005144834,-0.004948629,-0.0048284703,-0.0047271904
Gm5039,-0.004895806,-0.005144834,-0.004948629,-0.0048284703,-0.0047271904
Dio2,-0.004895806,-0.005144834,-0.004948629,-0.0048284703,-0.0047271904
5430427M07Rik,-0.004895806,-0.005144834,-0.004948629,-0.0048284703,-0.0047271904
Gm16876,-0.004895806,-0.005144834,-0.004948629,-0.0048284703,-0.0047271904
Kcnk10,-0.004895806,-0.005144834,-0.004948629,-0.0048284703,-0.0047271904
3300002A11Rik,0.0235115,0.040045265,0.024476651,0.025519747,0.025172176
Gm26723,-0.004895806,-0.005144834,-0.004948629,-0.0048284703,-0.0047271904
Catsperb,-0.004895806,-0.005144834,-0.004948629,-0.0048284703,-0.0047271904
Fbln5,0.051367085,0.022590637,0.029750114,0.023937441,0.022624228
Gm16339,-0.004895806,-0.005144834,-0.004948629,-0.0048284703,-0.0047271904
Gm20069,-0.004895806,-0.005144834,-0.004948629,-0.0048284703,-0.0047271904
Gm28051,-0.004895806,-0.005144834,-0.004948629,-0.0048284703,-0.0047271904
Gm21971,-0.004895806,-0.005144834,-0.004948629,-0.0048284703,-0.0047271904
Cox8c,-0.004895806,-0.005144834,-0.004948629,-0.0048284703,-0.0047271904
Prima1,-0.004895806,-0.005144834,-0.004948629,-0.0048284703,-0.0047271904
Gm15523,-0.004895806,-0.005144834,-0.004948629,-0.0048284703,-0.0047271904
9330161L09Rik,-0.004895806,-0.005144834,-0.004948629,-0.0048284703,-0.0047271904
Ifi27l2b,-0.004895806,-0.005144834,-0.004948629,-0.0048284703,-0.0047271904
Serpina16,-0.004895806,-0.005144834,-0.004948629,-0.0048284703,-0.0047271904
Serpina1f,-0.004895806,-0.005144834,-0.004948629,-0.0048284703,-0.0047271904
Serpina1b,-0.004895806,-0.005144834,-0.004948629,-0.0048284703,-0.0047271904
Serpina1d,-0.004895806,-0.005144834,-0.004948629,-0.0048284703,-0.0047271904
Serpina1a,-0.004895806,-0.005144834,-0.004948629,-0.0048284703,-0.0047271904
Serpina1c,-0.004895806,-0.005144834,-0.004948629,-0.0048284703,-0.0047271904
B430119L08Rik,-0.004895806,-0.005144834,-0.004948629,-0.0048284703,-0.0047271904
Serpina11,-0.004895806,-0.005144834,-0.004948629,-0.0048284703,-0.0047271904
Serpina12,-0.004895806,-0.005144834,-0.004948629,-0.0048284703,-0.0047271904
Serpina5,-0.004895806,-0.005144834,-0.004948629,-0.0048284703,-0.0047271904
Serpina3a,-0.004895806,-0.005144834,-0.004948629,-0.0048284703,-0.0047271904
Serpina3b,-0.004895806,-0.005144834,-0.004948629,-0.0048284703,-0.0047271904
Serpina3j,-0.004895806,-0.005144834,-0.004948629,-0.0048284703,-0.0047271904
Serpina3k,-0.004895806,-0.005144834,-0.004948629,-0.0048284703,-0.0047271904
Tcl1b2,-0.004895806,-0.005144834,-0.004948629,-0.0048284703,-0.0047271904
Tcl1b1,-0.004895806,-0.005144834,-0.004948629,-0.0048284703,-0.0047271904
Tcl1b5,-0.004895806,-0.005144834,-0.004948629,-0.0048284703,-0.0047271904
Tcl1b3,-0.004895806,-0.005144834,-0.004948629,-0.0048284703,-0.0047271904
Tcl1b4,-0.004895806,-0.005144834,-0.004948629,-0.0048284703,-0.0047271904
Tcl1,-0.004895806,-0.005144834,-0.004948629,-0.0048284703,-0.0047271904
Ak7,0.02405222,0.033203345,0.022186343,0.025640342,0.023541426
Gm17032,-0.004895806,-0.005144834,-0.004948629,-0.0048284703,-0.0047271904
1700121N20Rik,-0.004895806,-0.005144834,-0.004948629,-0.0048284703,-0.0047271904
Gm17033,-0.004895806,-0.005144834,-0.004948629,-0.0048284703,-0.0047271904
4933406K04Rik,-0.004895806,-0.005144834,-0.004948629,-0.0048284703,-0.0047271904
1700013N06Rik,-0.004895806,-0.005144834,-0.004948629,-0.0048284703,-0.0047271904
Gm16086,-0.004895806,-0.005144834,-0.004948629,-0.0048284703,-0.0047271904
Gm16085,-0.004895806,-0.005144834,-0.004948629,-0.0048284703,-0.0047271904
Gm16084,-0.004895806,-0.005144834,-0.004948629,-0.0048284703,-0.0047271904
Gm2800,-0.004895806,-0.005144834,-0.004948629,-0.0048284703,-0.0047271904
3110018I06Rik,-0.004895806,-0.005144834,-0.004948629,-0.0048284703,-0.0047271904
4930465M20Rik,-0.004895806,-0.005144834,-0.004948629,-0.0048284703,-0.0047271904
Gm15208,-0.004895806,-0.005144834,-0.004948629,-0.0048284703,-0.0047271904
4930478K11Rik,-0.004895806,-0.005144834,-0.004948629,-0.0048284703,-0.0047271904
Gm16596,-0.004895806,-0.005144834,-0.004948629,-0.0048284703,-0.0047271904
Dlk1,0.029609468,0.02104942,0.042574603,0.021692734,-0.0047271904
Meg3,0.039418504,0.021952901,0.041958272,0.024580723,0.022036606
Gm17111,-0.004895806,-0.005144834,-0.004948629,-0.0048284703,-0.0047271904
1700001K19Rik,-0.004895806,-0.005144834,-0.004948629,-0.0048284703,-0.0047271904
Mok,0.027760813,0.02914259,0.022412844,0.027387986,0.031323142
4930595D18Rik,-0.004895806,-0.005144834,-0.004948629,-0.0048284703,-0.0047271904
Ckb,0.031098498,0.04364218,0.029237539,0.026633471,0.026475858
Gm15996,-0.004895806,-0.005144834,-0.004948629,-0.0048284703,-0.0047271904
Tdrd9,-0.004895806,-0.005144834,-0.004948629,-0.0048284703,-0.0047271904
Rd3l,-0.004895806,-0.005144834,-0.004948629,-0.0048284703,-0.0047271904
A530016L24Rik,-0.004895806,-0.005144834,-0.004948629,-0.0048284703,-0.0047271904
Tmem179,-0.004895806,-0.005144834,-0.004948629,-0.0048284703,-0.0047271904
Adam6b,-0.004895806,-0.005144834,-0.004948629,-0.0048284703,-0.0047271904
Adam6a,-0.004895806,-0.005144834,-0.004948629,-0.0048284703,-0.0047271904
Gm30948,-0.004895806,-0.005144834,-0.004948629,-0.0048284703,-0.0047271904
Gm19331,-0.004895806,-0.005144834,-0.004948629,-0.0048284703,-0.0047271904
Wdr60,0.026112014,0.028817985,0.026058748,0.03058559,0.029828629
Gm11027,-0.004895806,-0.005144834,-0.004948629,-0.0048284703,-0.0047271904
Gm5441,-0.004895806,-0.005144834,-0.004948629,-0.0048284703,-0.0047271904
Rapgef5,0.027979653,0.02127433,0.033001896,0.021692734,-0.0047271904
Dnah11,0.028215194,0.025996007,-0.004948629,0.023749411,-0.0047271904
Sp8,-0.004895806,-0.005144834,-0.004948629,-0.0048284703,-0.0047271904
Abcb5,-0.004895806,-0.005144834,-0.004948629,-0.0048284703,-0.0047271904
Gm15632,-0.004895806,-0.005144834,-0.004948629,-0.0048284703,-0.0047271904
C6,0.023176508,0.019606585,0.033461854,-0.0048284703,-0.0047271904
Mroh2b,-0.004895806,-0.005144834,-0.004948629,-0.0048284703,-0.0047271904
Gm16311,-0.004895806,-0.005144834,-0.004948629,-0.0048284703,-0.0047271904
C9,-0.004895806,-0.005144834,-0.004948629,-0.0048284703,-0.0047271904
Gm2310,-0.004895806,-0.005144834,-0.004948629,-0.0048284703,-0.0047271904
Ranbp3l,-0.004895806,-0.005144834,-0.004948629,-0.0048284703,-0.0047271904
Ugt3a1,-0.004895806,-0.005144834,-0.004948629,-0.0048284703,-0.0047271904
Ugt3a2,-0.004895806,-0.005144834,-0.004948629,-0.0048284703,-0.0047271904
Capsl,0.026666613,0.040514838,0.025424652,0.037076663,0.035727512
Il7r,-0.004895806,-0.005144834,-0.004948629,-0.0048284703,-0.0047271904
Spef2,0.024175586,0.032557182,0.022186343,-0.0048284703,0.024660043
Gm21973,-0.004895806,-0.005144834,-0.004948629,-0.0048284703,-0.0047271904
Agxt2,-0.004895806,-0.005144834,-0.004948629,-0.0048284703,-0.0047271904
Slc45a2,-0.004895806,-0.005144834,-0.004948629,-0.0048284703,-0.0047271904
Rxfp3,-0.004895806,-0.005144834,-0.004948629,-0.0048284703,-0.0047271904
1700047G03Rik,-0.004895806,-0.005144834,-0.004948629,-0.0048284703,-0.0047271904
Cdh9,-0.004895806,-0.005144834,-0.004948629,-0.0048284703,-0.0047271904
Cdh10,-0.004895806,-0.005144834,-0.004948629,-0.0048284703,-0.0047271904
Cdh12,-0.004895806,-0.005144834,-0.004948629,-0.0048284703,-0.0047271904
Cdh18,-0.004895806,-0.005144834,-0.004948629,-0.0048284703,-0.0047271904
Gm2824,-0.004895806,-0.005144834,-0.004948629,-0.0048284703,-0.0047271904
9230109A22Rik,-0.004895806,-0.005144834,-0.004948629,-0.0048284703,-0.0047271904
Basp1,0.026564542,0.033961754,0.0255329,0.03763641,0.03019755
Gm5468,-0.004895806,-0.005144834,-0.004948629,-0.0048284703,-0.0047271904
March11,-0.004895806,-0.005144834,-0.004948629,-0.0048284703,-0.0047271904
Dnah5,-0.004895806,0.03293378,0.022568636,0.024071202,0.024660043
Ropn1l,0.022150673,0.02507522,0.0247528,0.028133703,0.02568567
Cmbl,0.02378561,0.03097176,0.023593536,0.033612534,0.03457022
Tas2r119,-0.004895806,-0.005144834,-0.004948629,-0.0048284703,-0.0047271904
Rpl30,0.04776179,0.038796958,0.05049158,0.036115084,0.036939714
Kcns2,-0.004895806,-0.005144834,-0.004948629,-0.0048284703,-0.0047271904
Osr2,0.02288899,0.023816546,0.021610057,0.03866326,0.04170883
Ywhaz,0.042643424,0.040652506,0.03916245,0.036396477,0.03632036
Gm10384,-0.004895806,-0.005144834,-0.004948629,-0.0048284703,-0.0047271904
4930447A16Rik,-0.004895806,-0.005144834,-0.004948629,-0.0048284703,-0.0047271904
Gm15942,-0.004895806,-0.005144834,-0.004948629,-0.0048284703,-0.0047271904
Odf1,-0.004895806,-0.005144834,-0.004948629,-0.0048284703,-0.0047271904
Dcstamp,-0.004895806,-0.005144834,-0.004948629,-0.0048284703,-0.0047271904
Dpys,-0.004895806,-0.005144834,-0.004948629,-0.0048284703,-0.0047271904
Gm16291,-0.004895806,-0.005144834,-0.004948629,-0.0048284703,-0.0047271904
9330182O14Rik,-0.004895806,-0.005144834,-0.004948629,-0.0048284703,-0.0047271904
Gm16294,-0.004895806,-0.005144834,-0.004948629,-0.0048284703,-0.0047271904
Gm17473,-0.004895806,-0.005144834,-0.004948629,-0.0048284703,-0.0047271904
Gm10373,-0.004895806,-0.005144834,-0.004948629,-0.0048284703,-0.0047271904
Tmem74,-0.004895806,-0.005144834,-0.004948629,-0.0048284703,-0.0047271904
Trhr,-0.004895806,-0.005144834,-0.004948629,-0.0048284703,-0.0047271904
1700022A22Rik,-0.004895806,-0.005144834,-0.004948629,-0.0048284703,-0.0047271904
4930548G14Rik,-0.004895806,-0.005144834,-0.004948629,-0.0048284703,-0.0047271904
Slc30a8,-0.004895806,-0.005144834,-0.004948629,-0.0048284703,-0.0047271904
Gm7489,-0.004895806,-0.005144834,-0.004948629,-0.0048284703,-0.0047271904
1700040F17Rik,-0.004895806,-0.005144834,-0.004948629,-0.0048284703,-0.0047271904
Slc22a22,-0.004895806,-0.005144834,-0.004948629,-0.0048284703,-0.0047271904
9330154K18Rik,-0.004895806,-0.005144834,-0.004948629,-0.0048284703,-0.0047271904
4933412E24Rik,-0.004895806,-0.005144834,-0.004948629,-0.0048284703,-0.0047271904
A1bg,-0.004895806,-0.005144834,-0.004948629,-0.0048284703,-0.0047271904
Gsdmc,-0.004895806,-0.005144834,-0.004948629,-0.0048284703,-0.0047271904
Gsdmc2,-0.004895806,-0.005144834,-0.004948629,-0.0048284703,-0.0047271904
Gsdmc4,-0.004895806,-0.005144834,-0.004948629,-0.0048284703,-0.0047271904
Gm21798,-0.004895806,-0.005144834,-0.004948629,-0.0048284703,-0.0047271904
Gm21961,-0.004895806,-0.005144834,-0.004948629,-0.0048284703,-0.0047271904
Oc90,-0.004895806,-0.005144834,-0.004948629,-0.0048284703,-0.0047271904
Hhla1,-0.004895806,-0.005144834,-0.004948629,-0.0048284703,-0.0047271904
Gm27153,-0.004895806,-0.005144834,-0.004948629,-0.0048284703,-0.0047271904
Gm27242,-0.004895806,-0.005144834,-0.004948629,-0.0048284703,-0.0047271904
Lrrc6,0.021665135,0.028385354,-0.004948629,0.0220564,-0.0047271904
Gm17140,-0.004895806,-0.005144834,-0.004948629,-0.0048284703,-0.0047271904
Gm17035,-0.004895806,-0.005144834,-0.004948629,-0.0048284703,-0.0047271904
1700012I11Rik,-0.004895806,-0.005144834,-0.004948629,-0.0048284703,-0.0047271904
Fam135b,-0.004895806,-0.005144834,-0.004948629,-0.0048284703,-0.0047271904
Gm16308,-0.004895806,-0.005144834,-0.004948629,-0.0048284703,-0.0047271904
Kcnk9,-0.004895806,-0.005144834,-0.004948629,-0.0048284703,-0.0047271904
Dennd3,0.033854246,0.02046346,0.027678221,0.026267422,0.026780805
Mroh5,-0.004895806,-0.005144834,-0.004948629,-0.0048284703,-0.0047271904
Gm6569,-0.004895806,-0.005144834,-0.004948629,-0.0048284703,-0.0047271904
Mroh4,-0.004895806,-0.005144834,-0.004948629,-0.0048284703,-0.0047271904
Lypd2,0.02653911,0.03931184,0.025898222,0.055925168,0.047337424
Gml,-0.004895806,-0.005144834,-0.004948629,-0.0048284703,-0.0047271904
Gml2,-0.004895806,-0.005144834,-0.004948629,-0.0048284703,-0.0047271904
Cyp11b1,-0.004895806,-0.005144834,-0.004948629,-0.0048284703,-0.0047271904
Cyp11b2,-0.004895806,-0.005144834,-0.004948629,-0.0048284703,-0.0047271904
Ly6e,0.037519023,0.05092144,0.04455928,0.05457551,0.04781354
Ly6a,0.03450584,0.048194125,0.034595467,0.049187392,0.043134864
Gm28502,-0.004895806,-0.005144834,-0.004948629,-0.0048284703,-0.0047271904
Ly6g,-0.004895806,-0.005144834,-0.004948629,-0.0048284703,-0.0047271904
Ly6f,-0.004895806,-0.005144834,-0.004948629,-0.0048284703,-0.0047271904
Gm15945,-0.004895806,-0.005144834,-0.004948629,-0.0048284703,-0.0047271904
Mroh6,-0.004895806,-0.005144834,-0.004948629,-0.0048284703,-0.0047271904
Mapk15,0.023176508,0.034763534,0.021233894,0.02715049,0.026564294
Spatc1,-0.004895806,-0.005144834,-0.004948629,-0.0048284703,-0.0047271904
Scrt1,-0.004895806,-0.005144834,-0.004948629,-0.0048284703,-0.0047271904
Tonsl,0.024175586,0.026296582,0.02454533,0.040217135,0.040370185
Foxh1,-0.004895806,-0.005144834,-0.004948629,-0.0048284703,-0.0047271904
Rpl8,0.048685946,0.04498505,0.049999557,0.049331162,0.054956235
1700109K24Rik,-0.004895806,-0.005144834,-0.004948629,-0.0048284703,-0.0047271904
Apol7b,-0.004895806,-0.005144834,-0.004948629,-0.0048284703,-0.0047271904
Apol10a,-0.004895806,-0.005144834,-0.004948629,-0.0048284703,-0.0047271904
Apol11a,-0.004895806,-0.005144834,-0.004948629,-0.0048284703,-0.0047271904
1700025B11Rik,-0.004895806,-0.005144834,-0.004948629,-0.0048284703,-0.0047271904
Apol11b,-0.004895806,-0.005144834,-0.004948629,-0.0048284703,-0.0047271904
Apol7e,-0.004895806,-0.005144834,-0.004948629,-0.0048284703,-0.0047271904
Myh9,0.038157787,0.027852872,0.034262322,0.03392738,0.032678124
Cacng2,-0.004895806,-0.005144834,-0.004948629,-0.0048284703,-0.0047271904
Pvalb,-0.004895806,-0.005144834,-0.004948629,-0.0048284703,-0.0047271904
Csf2rb2,-0.004895806,-0.005144834,-0.004948629,-0.0048284703,-0.0047271904
Tst,0.02919083,0.035990536,0.033697374,0.050240036,0.044852357
Il2rb,-0.004895806,-0.005144834,-0.004948629,-0.0048284703,-0.0047271904
1700027A07Rik,-0.004895806,-0.005144834,-0.004948629,-0.0048284703,-0.0047271904
Lgals1,0.03731286,0.026525324,0.03334551,0.027777303,0.028896695
1700088E04Rik,0.025889775,0.038737785,0.026058748,0.031122684,0.031899497
Gm16059,-0.004895806,-0.005144834,-0.004948629,-0.0048284703,-0.0047271904
Kcnj4,-0.004895806,-0.005144834,-0.004948629,-0.0048284703,-0.0047271904
Rpl3,0.045002256,0.036134087,0.04759638,0.033534862,0.03650798
Mgat3,0.023090912,0.021333372,0.020642586,0.037481397,0.035638485
Cacna1i,-0.004895806,-0.005144834,-0.004948629,-0.0048284703,-0.0047271904
Enthd1,-0.004895806,-0.005144834,-0.004948629,-0.0048284703,-0.0047271904
Mchr1,-0.004895806,-0.005144834,-0.004948629,-0.0048284703,-0.0047271904
Dnajb7,-0.004895806,-0.005144834,-0.004948629,-0.0048284703,-0.0047271904
1700029P11Rik,-0.004895806,-0.005144834,-0.004948629,-0.0048284703,-0.0047271904
4930407I10Rik,-0.004895806,-0.005144834,-0.004948629,-0.0048284703,-0.0047271904
Mei1,-0.004895806,-0.005144834,-0.004948629,-0.0048284703,-0.0047271904
Tnfrsf13c,-0.004895806,-0.005144834,-0.004948629,-0.0048284703,-0.0047271904
1500009C09Rik,-0.004895806,-0.005144834,-0.004948629,-0.0048284703,-0.0047271904
Sept3,-0.004895806,-0.005144834,-0.004948629,-0.0048284703,-0.0047271904
Cyp2d11,-0.004895806,-0.005144834,-0.004948629,-0.0048284703,-0.0047271904
Cyp2d10,-0.004895806,-0.005144834,-0.004948629,-0.0048284703,-0.0047271904
Cyp2d9,-0.004895806,-0.005144834,-0.004948629,-0.0048284703,-0.0047271904
Cyp2d12,-0.004895806,-0.005144834,-0.004948629,-0.0048284703,-0.0047271904
Cyp2d34,-0.004895806,-0.005144834,-0.004948629,-0.0048284703,-0.0047271904
Cyp2d40,-0.004895806,-0.005144834,-0.004948629,-0.0048284703,-0.0047271904
Cyp2d26,-0.004895806,-0.005144834,-0.004948629,-0.0048284703,-0.0047271904
Gm29019,-0.004895806,-0.005144834,-0.004948629,-0.0048284703,-0.0047271904
AW121686,-0.004895806,-0.005144834,-0.004948629,-0.0048284703,-0.0047271904
Nfam1,-0.004895806,-0.005144834,-0.004948629,-0.0048284703,-0.0047271904
Gm17206,-0.004895806,-0.005144834,-0.004948629,-0.0048284703,-0.0047271904
Mpped1,-0.004895806,-0.005144834,-0.004948629,-0.0048284703,-0.0047271904
Pnpla5,-0.004895806,-0.005144834,-0.004948629,-0.0048284703,-0.0047271904
Parvg,-0.004895806,-0.005144834,-0.004948629,-0.0048284703,-0.0047271904
Smc1b,-0.004895806,-0.005144834,-0.004948629,-0.0048284703,-0.0047271904
7530416G11Rik,-0.004895806,-0.005144834,-0.004948629,-0.0048284703,-0.0047271904
Gm15722,-0.004895806,-0.005144834,-0.004948629,-0.0048284703,-0.0047271904
Gm15569,-0.004895806,-0.005144834,-0.004948629,-0.0048284703,-0.0047271904
Zdhhc25,-0.004895806,-0.005144834,-0.004948629,-0.0048284703,-0.0047271904
Mlc1,0.024653658,0.01962489,0.033737,-0.0048284703,-0.0047271904
Mov10l1,-0.004895806,-0.005144834,-0.004948629,-0.0048284703,-0.0047271904
Miox,-0.004895806,-0.005144834,-0.004948629,-0.0048284703,-0.0047271904
Odf3b,0.02189648,0.0404466,0.022412844,0.024398098,0.026138542
Klhdc7b,-0.004895806,-0.005144834,-0.004948629,-0.0048284703,-0.0047271904
Syce3,-0.004895806,-0.005144834,-0.004948629,-0.0048284703,-0.0047271904
Rabl2,0.027238412,0.034335773,0.026805216,0.031272344,0.033575043
Syt10,0.020810576,0.024747007,0.020931521,-0.0048284703,-0.0047271904
CN725425,-0.004895806,-0.005144834,-0.004948629,-0.0048284703,-0.0047271904
4933438A12Rik,-0.004895806,-0.005144834,-0.004948629,-0.0048284703,-0.0047271904
Smgc,-0.004895806,-0.005144834,-0.004948629,-0.0048284703,-0.0047271904
Nell2,-0.004895806,-0.005144834,-0.004948629,-0.0048284703,-0.0047271904
Dbx2,-0.004895806,-0.005144834,-0.004948629,-0.0048284703,-0.0047271904
Rapgef3os1,-0.004895806,-0.005144834,-0.004948629,-0.0048284703,-0.0047271904
Olfr288,-0.004895806,-0.005144834,-0.004948629,-0.0048284703,-0.0047271904
Olfr287,-0.004895806,-0.005144834,-0.004948629,-0.0048284703,-0.0047271904
H1fnt,-0.004895806,-0.005144834,-0.004948629,-0.0048284703,-0.0047271904
Olfr285,-0.004895806,-0.005144834,-0.004948629,-0.0048284703,-0.0047271904
Olfr284,-0.004895806,-0.005144834,-0.004948629,-0.0048284703,-0.0047271904
Olfr283,-0.004895806,-0.005144834,-0.004948629,-0.0048284703,-0.0047271904
Olfr282,-0.004895806,-0.005144834,-0.004948629,-0.0048284703,-0.0047271904
Olfr281,-0.004895806,-0.005144834,-0.004948629,-0.0048284703,-0.0047271904
Olfr279,-0.004895806,-0.005144834,-0.004948629,-0.0048284703,-0.0047271904
Gm29331,-0.004895806,-0.005144834,-0.004948629,-0.0048284703,-0.0047271904
Ccdc65,0.022079207,0.026195837,0.020931521,0.021692734,-0.0047271904
Wnt1,-0.004895806,-0.005144834,-0.004948629,-0.0048284703,-0.0047271904
Ddn,-0.004895806,-0.005144834,-0.004948629,-0.0048284703,-0.0047271904
Tuba1a,0.034547564,0.05635635,0.028511148,0.03894762,0.038542457
C1ql4,-0.004895806,-0.005144834,-0.004948629,-0.0048284703,-0.0047271904
Aqp5,0.063054755,0.025337135,0.036634628,0.056527954,0.050915226
Gm17058,-0.004895806,-0.005144834,-0.004948629,-0.0048284703,-0.0047271904
Gm17057,-0.004895806,-0.005144834,-0.004948629,-0.0048284703,-0.0047271904
Mettl7a3,-0.004895806,-0.005144834,-0.004948629,-0.0048284703,-0.0047271904
Methig1,-0.004895806,-0.005144834,-0.004948629,-0.0048284703,-0.0047271904
Higd1c,-0.004895806,-0.005144834,-0.004948629,-0.0048284703,-0.0047271904
Gm27209,-0.004895806,-0.005144834,-0.004948629,-0.0048284703,-0.0047271904
Ankrd33,-0.004895806,-0.005144834,-0.004948629,-0.0048284703,-0.0047271904
Gm16031,-0.004895806,-0.005144834,-0.004948629,-0.0048284703,-0.0047271904
Krt7,0.056273773,0.037237912,0.034511443,0.048767958,0.047221664
Krt83,-0.004895806,-0.005144834,-0.004948629,-0.0048284703,-0.0047271904
Krt84,-0.004895806,-0.005144834,-0.004948629,-0.0048284703,-0.0047271904
Krt82,-0.004895806,-0.005144834,-0.004948629,-0.0048284703,-0.0047271904
Gm5414,-0.004895806,-0.005144834,-0.004948629,-0.0048284703,-0.0047271904
Gm5478,-0.004895806,-0.005144834,-0.004948629,-0.0048284703,-0.0047271904
Krt5,0.02109195,0.021471756,-0.004948629,0.03727749,0.04769249
Krt71,-0.004895806,-0.005144834,-0.004948629,-0.0048284703,-0.0047271904
Krt72,-0.004895806,-0.005144834,-0.004948629,-0.0048284703,-0.0047271904
Krt73,-0.004895806,-0.005144834,-0.004948629,-0.0048284703,-0.0047271904
Krt2,-0.004895806,-0.005144834,-0.004948629,-0.0048284703,-0.0047271904
Krt4,-0.004895806,0.020673072,-0.004948629,0.05089591,0.042437974
Krt8,0.04042242,0.048919555,0.035667937,0.047977526,0.046127934
Krt18,0.041588563,0.05003576,0.037971377,0.05318257,0.050590515
Sp7,-0.004895806,-0.005144834,-0.004948629,-0.0048284703,-0.0047271904
Gm10337,-0.004895806,-0.005144834,-0.004948629,-0.0048284703,-0.0047271904
Gm28047,-0.004895806,-0.005144834,-0.004948629,-0.0048284703,-0.0047271904
Atp5g2,0.040163655,0.034982514,0.040747356,0.025822656,0.024070894
Hoxc13,-0.004895806,-0.005144834,-0.004948629,-0.0048284703,-0.0047271904
Hoxc12,-0.004895806,-0.005144834,-0.004948629,-0.0048284703,-0.0047271904
Hotair,-0.004895806,-0.005144834,-0.004948629,-0.0048284703,-0.0047271904
Hoxc11,-0.004895806,-0.005144834,-0.004948629,-0.0048284703,-0.0047271904
Hoxc10,-0.004895806,-0.005144834,-0.004948629,-0.0048284703,-0.0047271904
Hoxc9,-0.004895806,-0.005144834,-0.004948629,-0.0048284703,-0.0047271904
Hoxc8,-0.004895806,-0.005144834,-0.004948629,-0.0048284703,-0.0047271904
Hoxc6,-0.004895806,-0.005144834,-0.004948629,-0.0048284703,-0.0047271904
Gm28876,-0.004895806,-0.005144834,-0.004948629,-0.0048284703,-0.0047271904
Gm10830,-0.004895806,-0.005144834,-0.004948629,-0.0048284703,-0.0047271904
Gm28265,-0.004895806,-0.005144834,-0.004948629,-0.0048284703,-0.0047271904
Hnrnpa1,0.034054723,0.02424226,0.035874307,0.024846178,0.027485672
Gtsf1,-0.004895806,-0.005144834,-0.004948629,-0.0048284703,-0.0047271904
Glycam1,-0.004895806,-0.005144834,-0.004948629,-0.0048284703,-0.0047271904
Mucl2,-0.004895806,-0.005144834,-0.004948629,-0.0048284703,-0.0047271904
Olfr161,-0.004895806,-0.005144834,-0.004948629,-0.0048284703,-0.0047271904
Mefv,-0.004895806,-0.005144834,-0.004948629,-0.0048284703,-0.0047271904
Olfr15,-0.004895806,-0.005144834,-0.004948629,-0.0048284703,-0.0047271904
Gm15879,-0.004895806,-0.005144834,-0.004948629,-0.0048284703,-0.0047271904
Dnase1,-0.004895806,-0.005144834,-0.004948629,-0.0048284703,-0.0047271904
4930562C15Rik,-0.004895806,0.025122574,-0.004948629,0.023281192,0.0239706
Sept12,-0.004895806,-0.005144834,-0.004948629,-0.0048284703,-0.0047271904
AU021092,0.036375083,0.023443177,0.035599835,0.037845973,0.031124579
Tmem114,-0.004895806,-0.005144834,-0.004948629,-0.0048284703,-0.0047271904
Emp2,0.061176825,0.036624238,0.040883563,0.03855126,0.03810999
Gm15558,-0.004895806,-0.005144834,-0.004948629,-0.0048284703,-0.0047271904
Tnp2,-0.004895806,-0.005144834,-0.004948629,-0.0048284703,-0.0047271904
Prm3,-0.004895806,-0.005144834,-0.004948629,-0.0048284703,-0.0047271904
Prm2,-0.004895806,-0.005144834,-0.004948629,-0.0048284703,-0.0047271904
Gm11172,-0.004895806,-0.005144834,-0.004948629,-0.0048284703,-0.0047271904
Gm26822,-0.004895806,-0.005144834,-0.004948629,-0.0048284703,-0.0047271904
Gm21859,-0.004895806,-0.005144834,-0.004948629,-0.0048284703,-0.0047271904
Tnfrsf17,-0.004895806,-0.005144834,-0.004948629,-0.0048284703,-0.0047271904
Gm4279,-0.004895806,-0.005144834,-0.004948629,-0.0048284703,-0.0047271904
Gm9961,-0.004895806,-0.005144834,-0.004948629,-0.0048284703,-0.0047271904
1700003L19Rik,-0.004895806,-0.005144834,-0.004948629,-0.0048284703,-0.0047271904
2310015D24Rik,-0.004895806,-0.005144834,-0.004948629,-0.0048284703,-0.0047271904
Pla2g10os,-0.004895806,-0.005144834,-0.004948629,-0.0048284703,-0.0047271904
Gm15868,-0.004895806,-0.005144834,-0.004948629,-0.0048284703,-0.0047271904
Efcab1,0.022772951,0.027552024,0.022412844,0.026481137,0.027930127
Gm21897,-0.004895806,-0.005144834,-0.004948629,-0.0048284703,-0.0047271904
Olfr19,-0.004895806,-0.005144834,-0.004948629,-0.0048284703,-0.0047271904
Spag6l,0.02078166,0.030381098,0.024249414,-0.0048284703,-0.0047271904
Rimbp3,-0.004895806,-0.005144834,-0.004948629,-0.0048284703,-0.0047271904
Lrrc74b,0.021755379,0.029504217,0.024249414,0.02503294,0.025278557
Ccdc74a,0.023424536,0.026860971,0.022186343,0.025221482,0.022624228
Gm20518,-0.004895806,-0.005144834,-0.004948629,-0.0048284703,-0.0047271904
Tssk2,-0.004895806,-0.005144834,-0.004948629,-0.0048284703,-0.0047271904
Gsc2,-0.004895806,-0.005144834,-0.004948629,-0.0048284703,-0.0047271904
Vpreb2,-0.004895806,-0.005144834,-0.004948629,-0.0048284703,-0.0047271904
Comt,0.032092035,0.039720867,0.03353994,0.04156122,0.044577636
4930588K23Rik,-0.004895806,-0.005144834,-0.004948629,-0.0048284703,-0.0047271904
Gm28539,-0.004895806,-0.005144834,-0.004948629,-0.0048284703,-0.0047271904
2010309G21Rik,-0.004895806,-0.005144834,-0.004948629,-0.0048284703,-0.0047271904
Gm43388,-0.004895806,-0.005144834,-0.004948629,-0.0048284703,-0.0047271904
Olfr164,-0.004895806,-0.005144834,-0.004948629,-0.0048284703,-0.0047271904
Olfr165,-0.004895806,-0.005144834,-0.004948629,-0.0048284703,-0.0047271904
Olfr166,-0.004895806,-0.005144834,-0.004948629,-0.0048284703,-0.0047271904
Olfr167,-0.004895806,-0.005144834,-0.004948629,-0.0048284703,-0.0047271904
Olfr168,-0.004895806,-0.005144834,-0.004948629,-0.0048284703,-0.0047271904
Olfr169,-0.004895806,-0.005144834,-0.004948629,-0.0048284703,-0.0047271904
Olfr170,-0.004895806,-0.005144834,-0.004948629,-0.0048284703,-0.0047271904
Olfr171,-0.004895806,-0.005144834,-0.004948629,-0.0048284703,-0.0047271904
Lamp3,0.02829909,0.02130383,0.045651417,-0.0048284703,-0.0047271904
Map6d1,-0.004895806,-0.005144834,-0.004948629,-0.0048284703,-0.0047271904
Cyp2ab1,-0.004895806,-0.005144834,-0.004948629,-0.0048284703,-0.0047271904
Vwa5b2,-0.004895806,-0.005144834,-0.004948629,-0.0048284703,-0.0047271904
Teddm3,-0.004895806,-0.005144834,-0.004948629,-0.0048284703,-0.0047271904
Gm26744,-0.004895806,-0.005144834,-0.004948629,-0.0048284703,-0.0047271904
2610020F03Rik,-0.004895806,-0.005144834,-0.004948629,-0.0048284703,-0.0047271904
Etv5,0.027028406,0.020846,0.038356114,0.021692734,0.025941407
Hrg,-0.004895806,-0.005144834,-0.004948629,-0.0048284703,-0.0047271904
Kng1,-0.004895806,-0.005144834,-0.004948629,-0.0048284703,-0.0047271904
Rtp1,-0.004895806,-0.005144834,-0.004948629,-0.0048284703,-0.0047271904
Masp1,-0.004895806,-0.005144834,-0.004948629,-0.0048284703,-0.0047271904
Sst,-0.004895806,-0.005144834,-0.004948629,-0.0048284703,-0.0047271904
Rtp2,-0.004895806,-0.005144834,-0.004948629,-0.0048284703,-0.0047271904
Cldn16,-0.004895806,-0.005144834,-0.004948629,-0.0048284703,-0.0047271904
Tmem207,-0.004895806,-0.005144834,-0.004948629,-0.0048284703,-0.0047271904
Ostn,-0.004895806,-0.005144834,-0.004948629,-0.0048284703,-0.0047271904
Uts2b,-0.004895806,-0.005144834,-0.004948629,-0.0048284703,-0.0047271904
Fgf12,-0.004895806,-0.005144834,-0.004948629,-0.0048284703,-0.0047271904
Gm26834,-0.004895806,-0.005144834,-0.004948629,-0.0048284703,-0.0047271904
Hes1,0.031467944,0.03816113,0.03015316,0.047125712,0.047107145
1700025H01Rik,-0.004895806,-0.005144834,-0.004948629,-0.0048284703,-0.0047271904
Gm15729,-0.004895806,-0.005144834,-0.004948629,-0.0048284703,-0.0047271904
Bex6,-0.004895806,-0.005144834,-0.004948629,-0.0048284703,-0.0047271904
Smco1,-0.004895806,-0.005144834,-0.004948629,-0.0048284703,-0.0047271904
Tm4sf19,-0.004895806,-0.005144834,-0.004948629,-0.0048284703,-0.0047271904
Slc51a,-0.004895806,-0.005144834,-0.004948629,-0.0048284703,-0.0047271904
Zdhhc19,-0.004895806,-0.005144834,-0.004948629,-0.0048284703,-0.0047271904
Tnk2os,-0.004895806,-0.005144834,-0.004948629,-0.0048284703,-0.0047271904
Iqcg,0.024356375,0.031796426,0.02275708,0.02725566,0.025880214
1600019K03Rik,-0.004895806,-0.005144834,-0.004948629,-0.0048284703,-0.0047271904
Gm5416,-0.004895806,-0.005144834,-0.004948629,-0.0048284703,-0.0047271904
Stfa1,-0.004895806,-0.005144834,-0.004948629,-0.0048284703,-0.0047271904
BC117090,-0.004895806,-0.005144834,-0.004948629,-0.0048284703,-0.0047271904
Gm15845,-0.004895806,-0.005144834,-0.004948629,-0.0048284703,-0.0047271904
Stfa2,-0.004895806,-0.005144834,-0.004948629,-0.0048284703,-0.0047271904
Stfa3,-0.004895806,-0.005144834,-0.004948629,-0.0048284703,-0.0047271904
Casr,-0.004895806,-0.005144834,-0.004948629,-0.0048284703,-0.0047271904
Slc15a2,0.029884266,0.025971184,0.031701375,0.042143974,0.041021258
4930565N06Rik,-0.004895806,-0.005144834,-0.004948629,-0.0048284703,-0.0047271904
Fstl1,0.03666418,0.024527436,0.030438175,0.025519747,0.0293194
Maats1,0.021545364,0.027688123,-0.004948629,-0.0048284703,0.022405948
Gm21987,-0.004895806,-0.005144834,-0.004948629,-0.0048284703,-0.0047271904
Upk1b,0.02303759,0.021831622,0.025557036,0.044090558,0.041851155
4930435E12Rik,-0.004895806,-0.005144834,-0.004948629,-0.0048284703,-0.0047271904
Gm15802,-0.004895806,-0.005144834,-0.004948629,-0.0048284703,-0.0047271904
Gm28750,-0.004895806,-0.005144834,-0.004948629,-0.0048284703,-0.0047271904
Tigit,-0.004895806,-0.005144834,-0.004948629,-0.0048284703,-0.0047271904
Drd3,-0.004895806,-0.005144834,-0.004948629,-0.0048284703,-0.0047271904
Cfap44,0.022212114,0.032819774,0.021790441,0.02274936,0.021884466
Cd200r4,-0.004895806,-0.005144834,-0.004948629,-0.0048284703,-0.0047271904
Cd200r2,-0.004895806,-0.005144834,-0.004948629,-0.0048284703,-0.0047271904
Cd200r3,-0.004895806,-0.005144834,-0.004948629,-0.0048284703,-0.0047271904
Btla,-0.004895806,-0.005144834,-0.004948629,-0.0048284703,-0.0047271904
Cd200,0.029398842,0.021851785,0.033657853,0.025896069,0.02969234
Gm609,-0.004895806,-0.005144834,-0.004948629,-0.0048284703,-0.0047271904
Slc9c1,-0.004895806,-0.005144834,-0.004948629,-0.0048284703,-0.0047271904
Gcsam,-0.004895806,-0.005144834,-0.004948629,-0.0048284703,-0.0047271904
Tmprss7,-0.004895806,-0.005144834,-0.004948629,-0.0048284703,-0.0047271904
Tagln3,-0.004895806,-0.005144834,-0.004948629,-0.0048284703,-0.0047271904
Gm15591,-0.004895806,-0.005144834,-0.004948629,-0.0048284703,-0.0047271904
Phldb2,0.032742627,0.022758368,0.034057997,0.023749411,0.026986882
Gm15640,-0.004895806,-0.005144834,-0.004948629,-0.0048284703,-0.0047271904
Gm15638,-0.004895806,-0.005144834,-0.004948629,-0.0048284703,-0.0047271904
Cd96,-0.004895806,-0.005144834,-0.004948629,-0.0048284703,-0.0047271904
Dppa4,-0.004895806,-0.005144834,-0.004948629,-0.0048284703,-0.0047271904
Trat1,-0.004895806,-0.005144834,-0.004948629,-0.0048284703,-0.0047271904
Myh15,-0.004895806,-0.005144834,-0.004948629,-0.0048284703,-0.0047271904
1700026J12Rik,-0.004895806,-0.005144834,-0.004948629,-0.0048284703,-0.0047271904
Ift57,0.027760813,0.032335803,0.027039135,0.03263303,0.033965115
G730013B05Rik,-0.004895806,-0.005144834,-0.004948629,-0.0048284703,-0.0047271904
Ccdc54,-0.004895806,-0.005144834,-0.004948629,-0.0048284703,-0.0047271904
1700116B05Rik,-0.004895806,-0.005144834,-0.004948629,-0.0048284703,-0.0047271904
Zpld1,-0.004895806,-0.005144834,-0.004948629,-0.0048284703,-0.0047271904
Rpl24,0.04657045,0.03793774,0.046409164,0.024846178,0.026870683
Abi3bp,0.02613687,0.020962017,0.023593536,0.03058559,0.03987278
Tmem45a2,-0.004895806,-0.005144834,-0.004948629,-0.0048284703,-0.0047271904
Gm26800,-0.004895806,-0.005144834,-0.004948629,-0.0048284703,-0.0047271904
Gm813,-0.004895806,-0.005144834,-0.004948629,-0.0048284703,-0.0047271904
E330017A01Rik,-0.004895806,-0.005144834,-0.004948629,-0.0048284703,-0.0047271904
Olfr172,-0.004895806,-0.005144834,-0.004948629,-0.0048284703,-0.0047271904
Olfr173,-0.004895806,-0.005144834,-0.004948629,-0.0048284703,-0.0047271904
Olfr175-ps1,-0.004895806,-0.005144834,-0.004948629,-0.0048284703,-0.0047271904
Olfr177,-0.004895806,-0.005144834,-0.004948629,-0.0048284703,-0.0047271904
Olfr178,-0.004895806,-0.005144834,-0.004948629,-0.0048284703,-0.0047271904
Olfr180,-0.004895806,-0.005144834,-0.004948629,-0.0048284703,-0.0047271904
Olfr181,-0.004895806,-0.005144834,-0.004948629,-0.0048284703,-0.0047271904
Olfr183,-0.004895806,-0.005144834,-0.004948629,-0.0048284703,-0.0047271904
Olfr186,-0.004895806,-0.005144834,-0.004948629,-0.0048284703,-0.0047271904
Olfr187,-0.004895806,-0.005144834,-0.004948629,-0.0048284703,-0.0047271904
Olfr190,-0.004895806,-0.005144834,-0.004948629,-0.0048284703,-0.0047271904
Olfr191,-0.004895806,-0.005144834,-0.004948629,-0.0048284703,-0.0047271904
Olfr193,-0.004895806,-0.005144834,-0.004948629,-0.0048284703,-0.0047271904
Olfr194,-0.004895806,-0.005144834,-0.004948629,-0.0048284703,-0.0047271904
Olfr195,-0.004895806,-0.005144834,-0.004948629,-0.0048284703,-0.0047271904
Olfr196,-0.004895806,-0.005144834,-0.004948629,-0.0048284703,-0.0047271904
Olfr198,-0.004895806,-0.005144834,-0.004948629,-0.0048284703,-0.0047271904
Olfr199,-0.004895806,-0.005144834,-0.004948629,-0.0048284703,-0.0047271904
Olfr201,-0.004895806,-0.005144834,-0.004948629,-0.0048284703,-0.0047271904
Olfr202,-0.004895806,-0.005144834,-0.004948629,-0.0048284703,-0.0047271904
Olfr203,-0.004895806,-0.005144834,-0.004948629,-0.0048284703,-0.0047271904
Olfr204,-0.004895806,-0.005144834,-0.004948629,-0.0048284703,-0.0047271904
Olfr205,-0.004895806,-0.005144834,-0.004948629,-0.0048284703,-0.0047271904
Olfr206,-0.004895806,-0.005144834,-0.004948629,-0.0048284703,-0.0047271904
Olfr209,-0.004895806,-0.005144834,-0.004948629,-0.0048284703,-0.0047271904
Gabrr3,-0.004895806,-0.005144834,-0.004948629,-0.0048284703,-0.0047271904
1700022E09Rik,-0.004895806,-0.005144834,-0.004948629,-0.0048284703,-0.0047271904
Epha6,-0.004895806,-0.005144834,-0.004948629,-0.0048284703,-0.0047271904
Gm9017,-0.004895806,-0.005144834,-0.004948629,-0.0048284703,-0.0047271904
Csnka2ip,-0.004895806,-0.005144834,-0.004948629,-0.0048284703,-0.0047271904
Htr1f,-0.004895806,-0.005144834,-0.004948629,-0.0048284703,-0.0047271904
Pou1f1,-0.004895806,-0.005144834,-0.004948629,-0.0048284703,-0.0047271904
4933411O13Rik,-0.004895806,-0.005144834,-0.004948629,-0.0048284703,-0.0047271904
Speer2,-0.004895806,-0.005144834,-0.004948629,-0.0048284703,-0.0047271904
Lipi,-0.004895806,-0.005144834,-0.004948629,-0.0048284703,-0.0047271904
Gm15555,-0.004895806,-0.005144834,-0.004948629,-0.0048284703,-0.0047271904
1700041M19Rik,-0.004895806,-0.005144834,-0.004948629,-0.0048284703,-0.0047271904
Gm11146,-0.004895806,-0.005144834,-0.004948629,-0.0048284703,-0.0047271904
Gm17333,-0.004895806,-0.005144834,-0.004948629,-0.0048284703,-0.0047271904
Btg3,0.034176357,0.021630969,0.0325558,0.030426294,0.033768803
Tmprss15,-0.004895806,-0.005144834,-0.004948629,-0.0048284703,-0.0047271904
1700066C05Rik,-0.004895806,-0.005144834,-0.004948629,-0.0048284703,-0.0047271904
Ncam2,-0.004895806,-0.005144834,-0.004948629,-0.0048284703,-0.0047271904
Gm21833,-0.004895806,-0.005144834,-0.004948629,-0.0048284703,-0.0047271904
App,0.0556737,0.03750253,0.04734781,0.036635492,0.03660275
Adamts1,0.028327147,0.021254681,0.03644048,0.027548064,0.032354876
Cldn17,-0.004895806,-0.005144834,-0.004948629,-0.0048284703,-0.0047271904
Krtap24-1,-0.004895806,-0.005144834,-0.004948629,-0.0048284703,-0.0047271904
2310079G19Rik,-0.004895806,-0.005144834,-0.004948629,-0.0048284703,-0.0047271904
Krtap26-1,-0.004895806,-0.005144834,-0.004948629,-0.0048284703,-0.0047271904
Krtap27-1,-0.004895806,-0.005144834,-0.004948629,-0.0048284703,-0.0047271904
2310061N02Rik,-0.004895806,-0.005144834,-0.004948629,-0.0048284703,-0.0047271904
Krtap13-1,-0.004895806,-0.005144834,-0.004948629,-0.0048284703,-0.0047271904
Krtap13,-0.004895806,-0.005144834,-0.004948629,-0.0048284703,-0.0047271904
2310034C09Rik,-0.004895806,-0.005144834,-0.004948629,-0.0048284703,-0.0047271904
2310057N15Rik,-0.004895806,-0.005144834,-0.004948629,-0.0048284703,-0.0047271904
Gm5965,-0.004895806,-0.005144834,-0.004948629,-0.0048284703,-0.0047271904
Krtap14,-0.004895806,-0.005144834,-0.004948629,-0.0048284703,-0.0047271904
Krtap15,-0.004895806,-0.005144834,-0.004948629,-0.0048284703,-0.0047271904
Krtap19-1,-0.004895806,-0.005144834,-0.004948629,-0.0048284703,-0.0047271904
Krtap19-2,-0.004895806,-0.005144834,-0.004948629,-0.0048284703,-0.0047271904
Krtap19-3,-0.004895806,-0.005144834,-0.004948629,-0.0048284703,-0.0047271904
Krtap19-4,-0.004895806,-0.005144834,-0.004948629,-0.0048284703,-0.0047271904
Krtap19-5,-0.004895806,-0.005144834,-0.004948629,-0.0048284703,-0.0047271904
Krtap19-9b,-0.004895806,-0.005144834,-0.004948629,-0.0048284703,-0.0047271904
Krtap16-3,-0.004895806,-0.005144834,-0.004948629,-0.0048284703,-0.0047271904
Gm10229,-0.004895806,-0.005144834,-0.004948629,-0.0048284703,-0.0047271904
Krtap6-1,-0.004895806,-0.005144834,-0.004948629,-0.0048284703,-0.0047271904
Gm10228,-0.004895806,-0.005144834,-0.004948629,-0.0048284703,-0.0047271904
Krtap6-5,-0.004895806,-0.005144834,-0.004948629,-0.0048284703,-0.0047271904
1110025L11Rik,-0.004895806,-0.005144834,-0.004948629,-0.0048284703,-0.0047271904
Krtap6-3,-0.004895806,-0.005144834,-0.004948629,-0.0048284703,-0.0047271904
Gm6358,-0.004895806,-0.005144834,-0.004948629,-0.0048284703,-0.0047271904
Gm10061,-0.004895806,-0.005144834,-0.004948629,-0.0048284703,-0.0047271904
Gm9789,-0.004895806,-0.005144834,-0.004948629,-0.0048284703,-0.0047271904
Gm7735,-0.004895806,-0.005144834,-0.004948629,-0.0048284703,-0.0047271904
1110057P08Rik,-0.004895806,-0.005144834,-0.004948629,-0.0048284703,-0.0047271904
Krtap20-2,-0.004895806,-0.005144834,-0.004948629,-0.0048284703,-0.0047271904
Krtap21-1,-0.004895806,-0.005144834,-0.004948629,-0.0048284703,-0.0047271904
Krtap6-2,-0.004895806,-0.005144834,-0.004948629,-0.0048284703,-0.0047271904
Krtap8-1,-0.004895806,-0.005144834,-0.004948629,-0.0048284703,-0.0047271904
Krtap7-1,-0.004895806,-0.005144834,-0.004948629,-0.0048284703,-0.0047271904
Krtap11-1,-0.004895806,-0.005144834,-0.004948629,-0.0048284703,-0.0047271904
1110008E08Rik,-0.004895806,-0.005144834,-0.004948629,-0.0048284703,-0.0047271904
1110004E09Rik,0.0288112,0.041971028,0.02971952,0.035613663,0.036746148
Olig2,-0.004895806,-0.005144834,-0.004948629,-0.0048284703,-0.0047271904
Olig1,-0.004895806,-0.005144834,-0.004948629,-0.0048284703,-0.0047271904
Gm15966,-0.004895806,-0.005144834,-0.004948629,-0.0048284703,-0.0047271904
Gm21970,-0.004895806,-0.005144834,-0.004948629,-0.0048284703,-0.0047271904
Tmem50b,0.030511929,0.027935846,0.036488753,0.034453947,0.032989774
Atp5o,-0.004895806,0.027229683,-0.004948629,0.040280934,0.041088294
Gm15976,-0.004895806,-0.005144834,-0.004948629,-0.0048284703,-0.0047271904
1700048M11Rik,-0.004895806,-0.005144834,-0.004948629,-0.0048284703,-0.0047271904
4930563D23Rik,-0.004895806,-0.005144834,-0.004948629,-0.0048284703,-0.0047271904
Kcne1,-0.004895806,-0.005144834,-0.004948629,-0.0048284703,-0.0047271904
Clic6,0.025951248,0.032081652,0.027570102,0.035658505,0.030798957
Cldn14,-0.004895806,-0.005144834,-0.004948629,-0.0048284703,-0.0047271904
Kcnj6,-0.004895806,-0.005144834,-0.004948629,-0.0048284703,-0.0047271904
Gm7976,-0.004895806,-0.005144834,-0.004948629,-0.0048284703,-0.0047271904
Kcnj15,0.025537096,0.019901147,0.031840496,0.0220564,-0.0047271904
Gm15340,-0.004895806,-0.005144834,-0.004948629,-0.0048284703,-0.0047271904
Itgb2l,-0.004895806,-0.005144834,-0.004948629,-0.0048284703,-0.0047271904
Dscam,-0.004895806,-0.005144834,-0.004948629,-0.0048284703,-0.0047271904
Bace2,0.026769258,0.022885056,0.025103513,0.039297447,0.039046753
Cldn20,-0.004895806,-0.005144834,-0.004948629,-0.0048284703,-0.0047271904
Nox3,-0.004895806,-0.005144834,-0.004948629,-0.0048284703,-0.0047271904
Gm29050,-0.004895806,-0.005144834,-0.004948629,-0.0048284703,-0.0047271904
Dynlt1b,0.03136632,0.041664682,0.031910535,-0.0048284703,-0.0047271904
Gm1604a,-0.004895806,-0.005144834,-0.004948629,-0.0048284703,-0.0047271904
Tcp10a,-0.004895806,-0.005144834,-0.004948629,-0.0048284703,-0.0047271904
Ttll2,-0.004895806,-0.005144834,-0.004948629,-0.0048284703,-0.0047271904
Gm9992,-0.004895806,-0.005144834,-0.004948629,-0.0048284703,-0.0047271904
Rsph3a,0.028739152,0.029780848,0.028943224,0.02274936,0.028343916
Mpc1,0.033814482,0.03429372,0.036201686,0.028064607,0.02848401
Prr18,0.025369124,0.026705272,0.022412844,0.02242604,0.025019506
Gm16702,-0.004895806,-0.005144834,-0.004948629,-0.0048284703,-0.0047271904
Gm17087,-0.004895806,-0.005144834,-0.004948629,-0.0048284703,-0.0047271904
6530411M01Rik,-0.004895806,-0.005144834,-0.004948629,-0.0048284703,-0.0047271904
Gm17728,-0.004895806,-0.005144834,-0.004948629,-0.0048284703,-0.0047271904
Pabpc6,-0.004895806,-0.005144834,-0.004948629,-0.0048284703,-0.0047271904
Pacrg,0.025706545,0.028672522,0.026908807,0.025519747,0.026986882
A230009B12Rik,-0.004895806,-0.005144834,-0.004948629,-0.0048284703,-0.0047271904
Gm16168,-0.004895806,-0.005144834,-0.004948629,-0.0048284703,-0.0047271904
Gm28505,-0.004895806,-0.005144834,-0.004948629,-0.0048284703,-0.0047271904
Plg,-0.004895806,-0.005144834,-0.004948629,-0.0048284703,-0.0047271904
Mas1,-0.004895806,-0.005144834,-0.004948629,-0.0048284703,-0.0047271904
Gpr31b,-0.004895806,-0.005144834,-0.004948629,-0.0048284703,-0.0047271904
Tcp10b,-0.004895806,-0.005144834,-0.004948629,-0.0048284703,-0.0047271904
Unc93a,-0.004895806,-0.005144834,-0.004948629,-0.0048284703,-0.0047271904
Smok2a,-0.004895806,-0.005144834,-0.004948629,-0.0048284703,-0.0047271904
Smok2b,-0.004895806,-0.005144834,-0.004948629,-0.0048284703,-0.0047271904
Tcp10c,-0.004895806,-0.005144834,-0.004948629,-0.0048284703,-0.0047271904
Gm16050,-0.004895806,-0.005144834,-0.004948629,-0.0048284703,-0.0047271904
Gm7168,-0.004895806,-0.005144834,-0.004948629,-0.0048284703,-0.0047271904
Gm7356,-0.004895806,-0.005144834,-0.004948629,-0.0048284703,-0.0047271904
Gm5091,-0.004895806,-0.005144834,-0.004948629,-0.0048284703,-0.0047271904
Gm26873,-0.004895806,-0.005144834,-0.004948629,-0.0048284703,-0.0047271904
Vmn2r90,-0.004895806,-0.005144834,-0.004948629,-0.0048284703,-0.0047271904
Fpr1,-0.004895806,-0.005144834,-0.004948629,-0.0048284703,-0.0047271904
Fpr2,-0.004895806,-0.005144834,-0.004948629,-0.0048284703,-0.0047271904
Fpr3,-0.004895806,-0.005144834,-0.004948629,-0.0048284703,-0.0047271904
Fpr-rs4,-0.004895806,-0.005144834,-0.004948629,-0.0048284703,-0.0047271904
Vmn2r124,-0.004895806,-0.005144834,-0.004948629,-0.0048284703,-0.0047271904
Vmn2r91,-0.004895806,-0.005144834,-0.004948629,-0.0048284703,-0.0047271904
Vmn2r92,-0.004895806,-0.005144834,-0.004948629,-0.0048284703,-0.0047271904
Vmn2r94,-0.004895806,-0.005144834,-0.004948629,-0.0048284703,-0.0047271904
Vmn2r93,-0.004895806,-0.005144834,-0.004948629,-0.0048284703,-0.0047271904
Vmn2r95,-0.004895806,-0.005144834,-0.004948629,-0.0048284703,-0.0047271904
Vmn2r96,-0.004895806,-0.005144834,-0.004948629,-0.0048284703,-0.0047271904
Vmn2r97,-0.004895806,-0.005144834,-0.004948629,-0.0048284703,-0.0047271904
Vmn2r98,-0.004895806,-0.005144834,-0.004948629,-0.0048284703,-0.0047271904
Vmn2r99,-0.004895806,-0.005144834,-0.004948629,-0.0048284703,-0.0047271904
Vmn2r100,-0.004895806,-0.005144834,-0.004948629,-0.0048284703,-0.0047271904
Vmn2r101,-0.004895806,-0.005144834,-0.004948629,-0.0048284703,-0.0047271904
Vmn2r102,-0.004895806,-0.005144834,-0.004948629,-0.0048284703,-0.0047271904
Vmn2r103,-0.004895806,-0.005144834,-0.004948629,-0.0048284703,-0.0047271904
Vmn2r104,-0.004895806,-0.005144834,-0.004948629,-0.0048284703,-0.0047271904
Fpr-rs7,-0.004895806,-0.005144834,-0.004948629,-0.0048284703,-0.0047271904
Fpr-rs6,-0.004895806,-0.005144834,-0.004948629,-0.0048284703,-0.0047271904
Vmn2r105,-0.004895806,-0.005144834,-0.004948629,-0.0048284703,-0.0047271904
Vmn2r106,-0.004895806,-0.005144834,-0.004948629,-0.0048284703,-0.0047271904
Vmn2r107,-0.004895806,-0.005144834,-0.004948629,-0.0048284703,-0.0047271904
Vmn1r224,-0.004895806,-0.005144834,-0.004948629,-0.0048284703,-0.0047271904
Vmn2r108,-0.004895806,-0.005144834,-0.004948629,-0.0048284703,-0.0047271904
Vmn1r225,-0.004895806,-0.005144834,-0.004948629,-0.0048284703,-0.0047271904
Vmn2r109,-0.004895806,-0.005144834,-0.004948629,-0.0048284703,-0.0047271904
Vmn2r110,-0.004895806,-0.005144834,-0.004948629,-0.0048284703,-0.0047271904
Fpr-rs3,-0.004895806,-0.005144834,-0.004948629,-0.0048284703,-0.0047271904
Vmn1r226,-0.004895806,-0.005144834,-0.004948629,-0.0048284703,-0.0047271904
Vmn1r228,-0.004895806,-0.005144834,-0.004948629,-0.0048284703,-0.0047271904
Vmn1r229,-0.004895806,-0.005144834,-0.004948629,-0.0048284703,-0.0047271904
Vmn1r230,-0.004895806,-0.005144834,-0.004948629,-0.0048284703,-0.0047271904
Vmn1r231,-0.004895806,-0.005144834,-0.004948629,-0.0048284703,-0.0047271904
Vmn1r232,-0.004895806,-0.005144834,-0.004948629,-0.0048284703,-0.0047271904
Vmn1r233,-0.004895806,-0.005144834,-0.004948629,-0.0048284703,-0.0047271904
Vmn1r234,-0.004895806,-0.005144834,-0.004948629,-0.0048284703,-0.0047271904
Vmn1r235,-0.004895806,-0.005144834,-0.004948629,-0.0048284703,-0.0047271904
Vmn1r236,-0.004895806,-0.005144834,-0.004948629,-0.0048284703,-0.0047271904
Vmn1r237,-0.004895806,-0.005144834,-0.004948629,-0.0048284703,-0.0047271904
Gm10509,-0.004895806,-0.005144834,-0.004948629,-0.0048284703,-0.0047271904
Gm9772,-0.004895806,-0.005144834,-0.004948629,-0.0048284703,-0.0047271904
Vmn2r111,-0.004895806,-0.005144834,-0.004948629,-0.0048284703,-0.0047271904
Vmn2r112,-0.004895806,-0.005144834,-0.004948629,-0.0048284703,-0.0047271904
Gm9805,-0.004895806,-0.005144834,-0.004948629,-0.0048284703,-0.0047271904
Gm5493,-0.004895806,-0.005144834,-0.004948629,-0.0048284703,-0.0047271904
Vmn2r113,-0.004895806,-0.005144834,-0.004948629,-0.0048284703,-0.0047271904
Vmn2r-ps130,-0.004895806,-0.005144834,-0.004948629,-0.0048284703,-0.0047271904
Vmn2r114,-0.004895806,-0.005144834,-0.004948629,-0.0048284703,-0.0047271904
Vmn2r115,-0.004895806,-0.005144834,-0.004948629,-0.0048284703,-0.0047271904
Vmn2r116,-0.004895806,-0.005144834,-0.004948629,-0.0048284703,-0.0047271904
Vmn2r117,-0.004895806,-0.005144834,-0.004948629,-0.0048284703,-0.0047271904
Gm26695,-0.004895806,-0.005144834,-0.004948629,-0.0048284703,-0.0047271904
Mmp25,-0.004895806,-0.005144834,-0.004948629,-0.0048284703,-0.0047271904
Gm16275,-0.004895806,-0.005144834,-0.004948629,-0.0048284703,-0.0047271904
Prss33,-0.004895806,-0.005144834,-0.004948629,-0.0048284703,-0.0047271904
Gm15947,-0.004895806,-0.005144834,-0.004948629,-0.0048284703,-0.0047271904
Prss21,-0.004895806,-0.005144834,-0.004948629,-0.0048284703,-0.0047271904
Gm5225,-0.004895806,-0.005144834,-0.004948629,-0.0048284703,-0.0047271904
Atp6v0c,0.03810334,0.033164524,0.039709695,0.022992378,0.024352042
Abca3,0.03007004,0.024378626,0.042033542,0.032025196,0.029889556
Rnf151,-0.004895806,-0.005144834,-0.004948629,-0.0048284703,-0.0047271904
Rps2,0.048825108,0.045725882,0.052139796,0.050082676,0.057242144
Meiob,-0.004895806,-0.005144834,-0.004948629,-0.0048284703,-0.0047271904
Ptx4,-0.004895806,-0.005144834,-0.004948629,-0.0048284703,-0.0047271904
Ube2i,0.035632957,0.026423303,0.037917342,0.025221482,0.022624228
Prss34,-0.004895806,-0.005144834,-0.004948629,-0.0048284703,-0.0047271904
Prss28,-0.004895806,-0.005144834,-0.004948629,-0.0048284703,-0.0047271904
Prss29,-0.004895806,-0.005144834,-0.004948629,-0.0048284703,-0.0047271904
Tpsab1,-0.004895806,-0.005144834,-0.004948629,-0.0048284703,-0.0047271904
Tekt4,-0.004895806,0.033010285,0.023267878,-0.0048284703,0.024465578
Msln,0.035498165,0.022034133,0.025617516,0.047362085,0.038324445
Ccdc78,0.02239747,0.03259441,0.021470746,0.024580723,0.024160448
A930017K11Rik,-0.004895806,-0.005144834,-0.004948629,-0.0048284703,-0.0047271904
Arhgdig,0.027317798,0.032744262,0.02404707,0.027189856,0.025880214
Dusp1,0.04380462,0.043824084,0.03813485,0.050562497,0.053773154
Gm17218,-0.004895806,-0.005144834,-0.004948629,-0.0048284703,-0.0047271904
Gm20468,-0.004895806,-0.005144834,-0.004948629,-0.0048284703,-0.0047271904
Itpr3os,-0.004895806,-0.005144834,-0.004948629,-0.0048284703,-0.0047271904
Gm15458,-0.004895806,-0.005144834,-0.004948629,-0.0048284703,-0.0047271904
Gm15597,-0.004895806,-0.005144834,-0.004948629,-0.0048284703,-0.0047271904
Tcp11,0.026336908,0.026020866,0.023064215,0.026481137,0.023249283
Rpl10a,0.047030803,0.036724515,0.04722574,0.026916038,0.02542129
Clpsl2,-0.004895806,-0.005144834,-0.004948629,-0.0048284703,-0.0047271904
Lhfpl5,-0.004895806,-0.005144834,-0.004948629,-0.0048284703,-0.0047271904
Pnpla1os,-0.004895806,-0.005144834,-0.004948629,-0.0048284703,-0.0047271904
4930539E08Rik,-0.004895806,-0.005144834,-0.004948629,-0.0048284703,-0.0047271904
Gm16191,-0.004895806,-0.005144834,-0.004948629,-0.0048284703,-0.0047271904
Pxt1,-0.004895806,-0.005144834,-0.004948629,-0.0048284703,-0.0047271904
Gm16195,-0.004895806,-0.005144834,-0.004948629,-0.0048284703,-0.0047271904
Gm16194,-0.004895806,-0.005144834,-0.004948629,-0.0048284703,-0.0047271904
Rab44,-0.004895806,-0.005144834,-0.004948629,-0.0048284703,-0.0047271904
Gm17657,-0.004895806,-0.005144834,-0.004948629,-0.0048284703,-0.0047271904
Tff3,-0.004895806,-0.005144834,-0.004948629,-0.0048284703,-0.0047271904
Gm15318,-0.004895806,-0.005144834,-0.004948629,-0.0048284703,-0.0047271904
Ubash3a,-0.004895806,-0.005144834,-0.004948629,-0.0048284703,-0.0047271904
Rsph1,0.024746025,0.04617408,0.024799202,0.030143421,0.028288186
Gm26858,-0.004895806,-0.005144834,-0.004948629,-0.0048284703,-0.0047271904
Rasal3,-0.004895806,-0.005144834,-0.004948629,-0.0048284703,-0.0047271904
Cyp4f37,-0.004895806,-0.005144834,-0.004948629,-0.0048284703,-0.0047271904
Cyp4f14,-0.004895806,-0.005144834,-0.004948629,-0.0048284703,-0.0047271904
4921501E09Rik,-0.004895806,-0.005144834,-0.004948629,-0.0048284703,-0.0047271904
Morc2b,-0.004895806,-0.005144834,-0.004948629,-0.0048284703,-0.0047271904
Olfr55,-0.004895806,-0.005144834,-0.004948629,-0.0048284703,-0.0047271904
Olfr239,-0.004895806,-0.005144834,-0.004948629,-0.0048284703,-0.0047271904
Olfr63,-0.004895806,-0.005144834,-0.004948629,-0.0048284703,-0.0047271904
Actl9,-0.004895806,-0.005144834,-0.004948629,-0.0048284703,-0.0047271904
4931413I07Rik,-0.004895806,-0.005144834,-0.004948629,-0.0048284703,-0.0047271904
Rps18,0.04304469,0.03984957,0.04427949,0.04992777,0.059456237
Gm26940,-0.004895806,-0.005144834,-0.004948629,-0.0048284703,-0.0047271904
Gm20506,-0.004895806,-0.005144834,-0.004948629,-0.0048284703,-0.0047271904
H2-Ab1,0.032056693,0.035661507,0.041160733,0.03300223,0.03311997
H2-Aa,0.03350021,0.03755612,0.046297535,0.032761227,0.033232458
H2-Eb1,0.03188119,0.03226274,0.04061268,0.031238966,0.031223554
Btnl1,-0.004895806,-0.005144834,-0.004948629,-0.0048284703,-0.0047271904
Btnl4,-0.004895806,-0.005144834,-0.004948629,-0.0048284703,-0.0047271904
Btnl6,-0.004895806,-0.005144834,-0.004948629,-0.0048284703,-0.0047271904
Ager,0.07786335,0.023377998,0.046187084,0.02354124,0.024261659
Gm20463,-0.004895806,-0.005144834,-0.004948629,-0.0048284703,-0.0047271904
Gm20461,-0.004895806,-0.005144834,-0.004948629,-0.0048284703,-0.0047271904
Gm20547,-0.004895806,-0.005144834,-0.004948629,-0.0048284703,-0.0047271904
Hspa1a,0.02855324,0.031207703,0.02773253,0.045303717,0.050432056
Ly6g5c,-0.004895806,-0.005144834,-0.004948629,-0.0048284703,-0.0047271904
Gm16181,-0.004895806,-0.005144834,-0.004948629,-0.0048284703,-0.0047271904
Pou5f1,-0.004895806,-0.005144834,-0.004948629,-0.0048284703,-0.0047271904
Gm19553,-0.004895806,-0.005144834,-0.004948629,-0.0048284703,-0.0047271904
Sfta2,0.03157023,0.029023811,0.044654153,0.024846178,0.024160448
Gm20443,-0.004895806,-0.005144834,-0.004948629,-0.0048284703,-0.0047271904
Gm7030,-0.004895806,-0.005144834,-0.004948629,-0.0048284703,-0.0047271904
BC023719,-0.004895806,-0.005144834,-0.004948629,-0.0048284703,-0.0047271904
H2-T3,-0.004895806,-0.005144834,-0.004948629,-0.0048284703,-0.0047271904
Gm20546,-0.004895806,-0.005144834,-0.004948629,-0.0048284703,-0.0047271904
H2-M10.2,-0.004895806,-0.005144834,-0.004948629,-0.0048284703,-0.0047271904
H2-M10.1,-0.004895806,-0.005144834,-0.004948629,-0.0048284703,-0.0047271904
H2-M10.3,-0.004895806,-0.005144834,-0.004948629,-0.0048284703,-0.0047271904
H2-M10.4,-0.004895806,-0.005144834,-0.004948629,-0.0048284703,-0.0047271904
H2-M11,-0.004895806,-0.005144834,-0.004948629,-0.0048284703,-0.0047271904
H2-M9,-0.004895806,-0.005144834,-0.004948629,-0.0048284703,-0.0047271904
H2-M1,-0.004895806,-0.005144834,-0.004948629,-0.0048284703,-0.0047271904
H2-M10.5,-0.004895806,-0.005144834,-0.004948629,-0.0048284703,-0.0047271904
H2-M10.6,-0.004895806,-0.005144834,-0.004948629,-0.0048284703,-0.0047271904
Trim40,-0.004895806,-0.005144834,-0.004948629,-0.0048284703,-0.0047271904
Trim31,-0.004895806,-0.005144834,-0.004948629,-0.0048284703,-0.0047271904
2410137M14Rik,-0.004895806,-0.005144834,-0.004948629,-0.0048284703,-0.0047271904
Mog,-0.004895806,-0.005144834,-0.004948629,-0.0048284703,-0.0047271904
Olfr90,-0.004895806,-0.005144834,-0.004948629,-0.0048284703,-0.0047271904
Olfr91,-0.004895806,-0.005144834,-0.004948629,-0.0048284703,-0.0047271904
Olfr92,-0.004895806,-0.005144834,-0.004948629,-0.0048284703,-0.0047271904
Olfr94,-0.004895806,-0.005144834,-0.004948629,-0.0048284703,-0.0047271904
Olfr95,-0.004895806,-0.005144834,-0.004948629,-0.0048284703,-0.0047271904
Olfr96,-0.004895806,-0.005144834,-0.004948629,-0.0048284703,-0.0047271904
Olfr97,-0.004895806,-0.005144834,-0.004948629,-0.0048284703,-0.0047271904
Olfr98,-0.004895806,-0.005144834,-0.004948629,-0.0048284703,-0.0047271904
Olfr99,-0.004895806,-0.005144834,-0.004948629,-0.0048284703,-0.0047271904
Olfr101,-0.004895806,-0.005144834,-0.004948629,-0.0048284703,-0.0047271904
Olfr102,-0.004895806,-0.005144834,-0.004948629,-0.0048284703,-0.0047271904
Olfr103,-0.004895806,-0.005144834,-0.004948629,-0.0048284703,-0.0047271904
Olfr107,-0.004895806,-0.005144834,-0.004948629,-0.0048284703,-0.0047271904
Olfr108,-0.004895806,-0.005144834,-0.004948629,-0.0048284703,-0.0047271904
Olfr109,-0.004895806,-0.005144834,-0.004948629,-0.0048284703,-0.0047271904
Olfr110,-0.004895806,-0.005144834,-0.004948629,-0.0048284703,-0.0047271904
Olfr111,-0.004895806,-0.005144834,-0.004948629,-0.0048284703,-0.0047271904
Olfr112,-0.004895806,-0.005144834,-0.004948629,-0.0048284703,-0.0047271904
Olfr113,-0.004895806,-0.005144834,-0.004948629,-0.0048284703,-0.0047271904
Olfr114,-0.004895806,-0.005144834,-0.004948629,-0.0048284703,-0.0047271904
Olfr115,-0.004895806,-0.005144834,-0.004948629,-0.0048284703,-0.0047271904
Olfr116,-0.004895806,-0.005144834,-0.004948629,-0.0048284703,-0.0047271904
Olfr117,-0.004895806,-0.005144834,-0.004948629,-0.0048284703,-0.0047271904
Olfr118,-0.004895806,-0.005144834,-0.004948629,-0.0048284703,-0.0047271904
Olfr119,-0.004895806,-0.005144834,-0.004948629,-0.0048284703,-0.0047271904
Olfr120,-0.004895806,-0.005144834,-0.004948629,-0.0048284703,-0.0047271904
Olfr121,-0.004895806,-0.005144834,-0.004948629,-0.0048284703,-0.0047271904
Olfr122,-0.004895806,-0.005144834,-0.004948629,-0.0048284703,-0.0047271904
Olfr123,-0.004895806,-0.005144834,-0.004948629,-0.0048284703,-0.0047271904
Olfr124,-0.004895806,-0.005144834,-0.004948629,-0.0048284703,-0.0047271904
Olfr125,-0.004895806,-0.005144834,-0.004948629,-0.0048284703,-0.0047271904
Olfr127,-0.004895806,-0.005144834,-0.004948629,-0.0048284703,-0.0047271904
Olfr128,-0.004895806,-0.005144834,-0.004948629,-0.0048284703,-0.0047271904
Olfr129,-0.004895806,-0.005144834,-0.004948629,-0.0048284703,-0.0047271904
Olfr130,-0.004895806,-0.005144834,-0.004948629,-0.0048284703,-0.0047271904
Olfr131,-0.004895806,-0.005144834,-0.004948629,-0.0048284703,-0.0047271904
Olfr132,-0.004895806,-0.005144834,-0.004948629,-0.0048284703,-0.0047271904
Olfr133,-0.004895806,-0.005144834,-0.004948629,-0.0048284703,-0.0047271904
Olfr134,-0.004895806,-0.005144834,-0.004948629,-0.0048284703,-0.0047271904
Olfr135,-0.004895806,-0.005144834,-0.004948629,-0.0048284703,-0.0047271904
Olfr138,-0.004895806,-0.005144834,-0.004948629,-0.0048284703,-0.0047271904
Olfr137,-0.004895806,-0.005144834,-0.004948629,-0.0048284703,-0.0047271904
Olfr136,-0.004895806,-0.005144834,-0.004948629,-0.0048284703,-0.0047271904
Esp36,-0.004895806,-0.005144834,-0.004948629,-0.0048284703,-0.0047271904
Esp34,-0.004895806,-0.005144834,-0.004948629,-0.0048284703,-0.0047271904
Esp31,-0.004895806,-0.005144834,-0.004948629,-0.0048284703,-0.0047271904
Esp24,-0.004895806,-0.005144834,-0.004948629,-0.0048284703,-0.0047271904
Gm21903,-0.004895806,-0.005144834,-0.004948629,-0.0048284703,-0.0047271904
Esp23,-0.004895806,-0.005144834,-0.004948629,-0.0048284703,-0.0047271904
Esp18,-0.004895806,-0.005144834,-0.004948629,-0.0048284703,-0.0047271904
Esp16,-0.004895806,-0.005144834,-0.004948629,-0.0048284703,-0.0047271904
Esp15,-0.004895806,-0.005144834,-0.004948629,-0.0048284703,-0.0047271904
Esp38,-0.004895806,-0.005144834,-0.004948629,-0.0048284703,-0.0047271904
Pgk2,-0.004895806,-0.005144834,-0.004948629,-0.0048284703,-0.0047271904
Crisp3,-0.004895806,-0.005144834,-0.004948629,-0.0048284703,-0.0047271904
Crisp1,-0.004895806,-0.005144834,-0.004948629,-0.0048284703,-0.0047271904
Esp6,-0.004895806,-0.005144834,-0.004948629,-0.0048284703,-0.0047271904
Esp4,-0.004895806,-0.005144834,-0.004948629,-0.0048284703,-0.0047271904
Esp3,-0.004895806,-0.005144834,-0.004948629,-0.0048284703,-0.0047271904
Esp1,-0.004895806,-0.005144834,-0.004948629,-0.0048284703,-0.0047271904
Glyatl3,-0.004895806,-0.005144834,-0.004948629,-0.0048284703,-0.0047271904
Ptchd4,-0.004895806,-0.005144834,-0.004948629,-0.0048284703,-0.0047271904
Opn5,-0.004895806,-0.005144834,-0.004948629,-0.0048284703,-0.0047271904
Adgrf2,-0.004895806,-0.005144834,-0.004948629,-0.0048284703,-0.0047271904
Adgrf1,-0.004895806,-0.005144834,-0.004948629,-0.0048284703,-0.0047271904
Adgrf5,0.03067272,0.022906248,0.03472245,0.028272714,0.026564294
Mep1a,-0.004895806,-0.005144834,-0.004948629,-0.0048284703,-0.0047271904
Ankrd66,0.021947088,0.026474241,0.021233894,0.022992378,-0.0047271904
1700071M16Rik,-0.004895806,-0.005144834,-0.004948629,-0.0048284703,-0.0047271904
Tdrd6,-0.004895806,-0.005144834,-0.004948629,-0.0048284703,-0.0047271904
Clic5,0.041516725,0.022779431,0.029537128,0.030714158,0.024465578
Runx2os3,-0.004895806,-0.005144834,-0.004948629,-0.0048284703,-0.0047271904
Runx2os2,-0.004895806,-0.005144834,-0.004948629,-0.0048284703,-0.0047271904
Tcte1,-0.004895806,0.024527436,-0.004948629,0.021295324,-0.0047271904
Gm17080,-0.004895806,-0.005144834,-0.004948629,-0.0048284703,-0.0047271904
Gm16172,-0.004895806,-0.005144834,-0.004948629,-0.0048284703,-0.0047271904
Vegfa,0.044905376,0.020991113,0.029934898,0.031508,0.034488082
Rsph9,0.026387254,0.04151454,0.026779411,0.032201488,0.032143053
Ttbk1,-0.004895806,-0.005144834,-0.004948629,-0.0048284703,-0.0047271904
Gm26904,-0.004895806,-0.005144834,-0.004948629,-0.0048284703,-0.0047271904
Ptcra,-0.004895806,-0.005144834,-0.004948629,-0.0048284703,-0.0047271904
Prph2,-0.004895806,-0.005144834,-0.004948629,-0.0048284703,-0.0047271904
Gm16494,-0.004895806,-0.005144834,-0.004948629,-0.0048284703,-0.0047271904
1700122O11Rik,-0.004895806,-0.005144834,-0.004948629,-0.0048284703,-0.0047271904
1700067P10Rik,-0.004895806,-0.005144834,-0.004948629,-0.0048284703,-0.0047271904
9830107B12Rik,-0.004895806,-0.005144834,-0.004948629,-0.0048284703,-0.0047271904
A530064D06Rik,-0.004895806,-0.005144834,-0.004948629,-0.0048284703,-0.0047271904
Trem3,-0.004895806,-0.005144834,-0.004948629,-0.0048284703,-0.0047271904
Treml4,-0.004895806,-0.005144834,-0.004948629,-0.0048284703,-0.0047271904
Treml2,-0.004895806,-0.005144834,-0.004948629,-0.0048284703,-0.0047271904
B430306N03Rik,-0.004895806,-0.005144834,-0.004948629,-0.0048284703,-0.0047271904
Lrfn2,-0.004895806,-0.005144834,-0.004948629,-0.0048284703,-0.0047271904
1700008K24Rik,-0.004895806,-0.005144834,-0.004948629,-0.0048284703,-0.0047271904
Gm16555,-0.004895806,-0.005144834,-0.004948629,-0.0048284703,-0.0047271904
Gm16554,-0.004895806,-0.005144834,-0.004948629,-0.0048284703,-0.0047271904
AY702103,-0.004895806,-0.005144834,-0.004948629,-0.0048284703,-0.0047271904
Dazl,-0.004895806,-0.005144834,-0.004948629,-0.0048284703,-0.0047271904
Gm19585,-0.004895806,-0.005144834,-0.004948629,-0.0048284703,-0.0047271904
Pp2d1,-0.004895806,-0.005144834,-0.004948629,-0.0048284703,-0.0047271904
Slc5a7,-0.004895806,-0.005144834,-0.004948629,-0.0048284703,-0.0047271904
1700025K24Rik,-0.004895806,-0.005144834,-0.004948629,-0.0048284703,-0.0047271904
Gm26547,-0.004895806,-0.005144834,-0.004948629,-0.0048284703,-0.0047271904
Vmn2r118,-0.004895806,-0.005144834,-0.004948629,-0.0048284703,-0.0047271904
Adgre4,-0.004895806,-0.005144834,-0.004948629,-0.0048284703,-0.0047271904
Arrdc5,-0.004895806,-0.005144834,-0.004948629,-0.0048284703,-0.0047271904
Znrf4,-0.004895806,-0.005144834,-0.004948629,-0.0048284703,-0.0047271904
Rpl36,0.048147656,0.03885642,0.048656017,0.027072005,0.026325203
Prr22,-0.004895806,-0.005144834,-0.004948629,-0.0048284703,-0.0047271904
Slc25a41,-0.004895806,-0.005144834,-0.004948629,-0.0048284703,-0.0047271904
Gm17168,-0.004895806,-0.005144834,-0.004948629,-0.0048284703,-0.0047271904
Tnfsf14,-0.004895806,-0.005144834,-0.004948629,-0.0048284703,-0.0047271904
Vmn2r120,-0.004895806,-0.005144834,-0.004948629,-0.0048284703,-0.0047271904
Gm21834,-0.004895806,-0.005144834,-0.004948629,-0.0048284703,-0.0047271904
Cntnap5c,-0.004895806,-0.005144834,-0.004948629,-0.0048284703,-0.0047271904
Pdzph1,-0.004895806,-0.005144834,-0.004948629,-0.0048284703,-0.0047271904
Nudt12os,-0.004895806,-0.005144834,-0.004948629,-0.0048284703,-0.0047271904
Gm29051,-0.004895806,-0.005144834,-0.004948629,-0.0048284703,-0.0047271904
AU016765,-0.004895806,-0.005144834,-0.004948629,-0.0048284703,-0.0047271904
Gm17133,-0.004895806,-0.005144834,-0.004948629,-0.0048284703,-0.0047271904
4930583I09Rik,-0.004895806,-0.005144834,-0.004948629,-0.0048284703,-0.0047271904
Lrrc30,-0.004895806,-0.005144834,-0.004948629,-0.0048284703,-0.0047271904
Gm26561,-0.004895806,-0.005144834,-0.004948629,-0.0048284703,-0.0047271904
Galnt14,-0.004895806,-0.005144834,-0.004948629,-0.0048284703,-0.0047271904
Srd5a2,-0.004895806,-0.005144834,-0.004948629,-0.0048284703,-0.0047271904
Nlrc4,-0.004895806,-0.005144834,-0.004948629,-0.0048284703,-0.0047271904
Gm26749,-0.004895806,-0.005144834,-0.004948629,-0.0048284703,-0.0047271904
Cdkl4,0.022668,0.024447167,0.021790441,-0.0048284703,0.022189768
Gm11096,-0.004895806,-0.005144834,-0.004948629,-0.0048284703,-0.0047271904
Gm6594,-0.004895806,-0.005144834,-0.004948629,-0.0048284703,-0.0047271904
Gm29052,-0.004895806,-0.005144834,-0.004948629,-0.0048284703,-0.0047271904
Kcng3,-0.004895806,-0.005144834,-0.004948629,-0.0048284703,-0.0047271904
Dync2li1,0.028159488,0.03263173,0.028884975,0.033342443,0.03465282
Gm28528,-0.004895806,-0.005144834,-0.004948629,-0.0048284703,-0.0047271904
Gm29418,-0.004895806,-0.005144834,-0.004948629,-0.0048284703,-0.0047271904
2010106C02Rik,-0.004895806,-0.005144834,-0.004948629,-0.0048284703,-0.0047271904
Epas1,0.029518874,0.02388316,0.03152922,0.043742284,0.045039307
Tmem247,-0.004895806,-0.005144834,-0.004948629,-0.0048284703,-0.0047271904
Atp6v1e2,-0.004895806,-0.005144834,-0.004948629,-0.0048284703,-0.0047271904
Gm15978,-0.004895806,-0.005144834,-0.004948629,-0.0048284703,-0.0047271904
0610012D04Rik,-0.004895806,-0.005144834,-0.004948629,-0.0048284703,-0.0047271904
Gm28676,-0.004895806,-0.005144834,-0.004948629,-0.0048284703,-0.0047271904
Rpl36-ps4,-0.004895806,-0.005144834,-0.004948629,-0.0048284703,-0.0047271904
Gm26612,-0.004895806,-0.005144834,-0.004948629,-0.0048284703,-0.0047271904
Lhcgr,-0.004895806,-0.005144834,-0.004948629,-0.0048284703,-0.0047271904
Fshr,-0.004895806,-0.005144834,-0.004948629,-0.0048284703,-0.0047271904
Gm10308,-0.004895806,-0.005144834,-0.004948629,-0.0048284703,-0.0047271904
Gm15404,-0.004895806,-0.005144834,-0.004948629,-0.0048284703,-0.0047271904
Adcyap1,-0.004895806,-0.005144834,-0.004948629,-0.0048284703,-0.0047271904
Gm29277,-0.004895806,-0.005144834,-0.004948629,-0.0048284703,-0.0047271904
Gm29089,-0.004895806,-0.005144834,-0.004948629,-0.0048284703,-0.0047271904
Zfy1,-0.004895806,-0.005144834,-0.004948629,-0.0048284703,-0.0047271904
Uba1y,-0.004895806,-0.005144834,-0.004948629,-0.0048284703,-0.0047271904
Gm28588,-0.004895806,-0.005144834,-0.004948629,-0.0048284703,-0.0047271904
Gm28587,-0.004895806,-0.005144834,-0.004948629,-0.0048284703,-0.0047271904
Usp9y,-0.004895806,-0.005144834,-0.004948629,-0.0048284703,-0.0047271904
Zfy2,-0.004895806,-0.005144834,-0.004948629,-0.0048284703,-0.0047271904
Sry,-0.004895806,-0.005144834,-0.004948629,-0.0048284703,-0.0047271904
Gm4064,-0.004895806,-0.005144834,-0.004948629,-0.0048284703,-0.0047271904
Rbmy,-0.004895806,-0.005144834,-0.004948629,-0.0048284703,-0.0047271904
Gm10256,-0.004895806,-0.005144834,-0.004948629,-0.0048284703,-0.0047271904
Gm10352,-0.004895806,-0.005144834,-0.004948629,-0.0048284703,-0.0047271904
Gm29289,-0.004895806,-0.005144834,-0.004948629,-0.0048284703,-0.0047271904
Gm21677,-0.004895806,-0.005144834,-0.004948629,-0.0048284703,-0.0047271904
Gm21704,-0.004895806,-0.005144834,-0.004948629,-0.0048284703,-0.0047271904
Gm21708,-0.004895806,-0.005144834,-0.004948629,-0.0048284703,-0.0047271904
Gm3376,-0.004895806,-0.005144834,-0.004948629,-0.0048284703,-0.0047271904
Gm28242,-0.004895806,-0.005144834,-0.004948629,-0.0048284703,-0.0047271904
Gm28357,-0.004895806,-0.005144834,-0.004948629,-0.0048284703,-0.0047271904
Gm29351,-0.004895806,-0.005144834,-0.004948629,-0.0048284703,-0.0047271904
Gm29349,-0.004895806,-0.005144834,-0.004948629,-0.0048284703,-0.0047271904
Gm20918,-0.004895806,-0.005144834,-0.004948629,-0.0048284703,-0.0047271904
Gm29353,-0.004895806,-0.005144834,-0.004948629,-0.0048284703,-0.0047271904
Gm21820,-0.004895806,-0.005144834,-0.004948629,-0.0048284703,-0.0047271904
Gm29158,-0.004895806,-0.005144834,-0.004948629,-0.0048284703,-0.0047271904
Gm21854,-0.004895806,-0.005144834,-0.004948629,-0.0048284703,-0.0047271904
Gm20914,-0.004895806,-0.005144834,-0.004948629,-0.0048284703,-0.0047271904
Gm28171,-0.004895806,-0.005144834,-0.004948629,-0.0048284703,-0.0047271904
Gm28173,-0.004895806,-0.005144834,-0.004948629,-0.0048284703,-0.0047271904
Gm29194,-0.004895806,-0.005144834,-0.004948629,-0.0048284703,-0.0047271904
Gm21778,-0.004895806,-0.005144834,-0.004948629,-0.0048284703,-0.0047271904
Gm29198,-0.004895806,-0.005144834,-0.004948629,-0.0048284703,-0.0047271904
Gm29193,-0.004895806,-0.005144834,-0.004948629,-0.0048284703,-0.0047271904
Gm28430,-0.004895806,-0.005144834,-0.004948629,-0.0048284703,-0.0047271904
Gm21746,-0.004895806,-0.005144834,-0.004948629,-0.0048284703,-0.0047271904
Gm28593,-0.004895806,-0.005144834,-0.004948629,-0.0048284703,-0.0047271904
Gm20873,-0.004895806,-0.005144834,-0.004948629,-0.0048284703,-0.0047271904
Gm28919,-0.004895806,-0.005144834,-0.004948629,-0.0048284703,-0.0047271904
Gm21719,-0.004895806,-0.005144834,-0.004948629,-0.0048284703,-0.0047271904
Gm28444,-0.004895806,-0.005144834,-0.004948629,-0.0048284703,-0.0047271904
Gm20830,-0.004895806,-0.005144834,-0.004948629,-0.0048284703,-0.0047271904
Gm28442,-0.004895806,-0.005144834,-0.004948629,-0.0048284703,-0.0047271904
Gm28445,-0.004895806,-0.005144834,-0.004948629,-0.0048284703,-0.0047271904
Gm28999,-0.004895806,-0.005144834,-0.004948629,-0.0048284703,-0.0047271904
Gm21244,-0.004895806,-0.005144834,-0.004948629,-0.0048284703,-0.0047271904
Gm28998,-0.004895806,-0.005144834,-0.004948629,-0.0048284703,-0.0047271904
Gm28398,-0.004895806,-0.005144834,-0.004948629,-0.0048284703,-0.0047271904
Gm28395,-0.004895806,-0.005144834,-0.004948629,-0.0048284703,-0.0047271904
Gm21788,-0.004895806,-0.005144834,-0.004948629,-0.0048284703,-0.0047271904
Gm28394,-0.004895806,-0.005144834,-0.004948629,-0.0048284703,-0.0047271904
Gm28393,-0.004895806,-0.005144834,-0.004948629,-0.0048284703,-0.0047271904
Gm20826,-0.004895806,-0.005144834,-0.004948629,-0.0048284703,-0.0047271904
Gm28576,-0.004895806,-0.005144834,-0.004948629,-0.0048284703,-0.0047271904
Gm28575,-0.004895806,-0.005144834,-0.004948629,-0.0048284703,-0.0047271904
Gm28571,-0.004895806,-0.005144834,-0.004948629,-0.0048284703,-0.0047271904
Gm28570,-0.004895806,-0.005144834,-0.004948629,-0.0048284703,-0.0047271904
Gm29049,-0.004895806,-0.005144834,-0.004948629,-0.0048284703,-0.0047271904
Gm20825,-0.004895806,-0.005144834,-0.004948629,-0.0048284703,-0.0047271904
Gm29046,-0.004895806,-0.005144834,-0.004948629,-0.0048284703,-0.0047271904
Gm29043,-0.004895806,-0.005144834,-0.004948629,-0.0048284703,-0.0047271904
Gm29044,-0.004895806,-0.005144834,-0.004948629,-0.0048284703,-0.0047271904
Gm20824,-0.004895806,-0.005144834,-0.004948629,-0.0048284703,-0.0047271904
Gm28147,-0.004895806,-0.005144834,-0.004948629,-0.0048284703,-0.0047271904
Gm28331,-0.004895806,-0.005144834,-0.004948629,-0.0048284703,-0.0047271904
Gm20815,-0.004895806,-0.005144834,-0.004948629,-0.0048284703,-0.0047271904
Gm29364,-0.004895806,-0.005144834,-0.004948629,-0.0048284703,-0.0047271904
Gm29363,-0.004895806,-0.005144834,-0.004948629,-0.0048284703,-0.0047271904
Gm21292,-0.004895806,-0.005144834,-0.004948629,-0.0048284703,-0.0047271904
Gm21721,-0.004895806,-0.005144834,-0.004948629,-0.0048284703,-0.0047271904
Gm29329,-0.004895806,-0.005144834,-0.004948629,-0.0048284703,-0.0047271904
Gm21812,-0.004895806,-0.005144834,-0.004948629,-0.0048284703,-0.0047271904
Gm21874,-0.004895806,-0.005144834,-0.004948629,-0.0048284703,-0.0047271904
Gm20821,-0.004895806,-0.005144834,-0.004948629,-0.0048284703,-0.0047271904
Gm21310,-0.004895806,-0.005144834,-0.004948629,-0.0048284703,-0.0047271904
Gm28509,-0.004895806,-0.005144834,-0.004948629,-0.0048284703,-0.0047271904
Gm20834,-0.004895806,-0.005144834,-0.004948629,-0.0048284703,-0.0047271904
Gm28510,-0.004895806,-0.005144834,-0.004948629,-0.0048284703,-0.0047271904
Gm20737,-0.004895806,-0.005144834,-0.004948629,-0.0048284703,-0.0047271904
Gm21775,-0.004895806,-0.005144834,-0.004948629,-0.0048284703,-0.0047271904
Gm21900,-0.004895806,-0.005144834,-0.004948629,-0.0048284703,-0.0047271904
Gm29527,-0.004895806,-0.005144834,-0.004948629,-0.0048284703,-0.0047271904
Gm29522,-0.004895806,-0.005144834,-0.004948629,-0.0048284703,-0.0047271904
Gm20777,-0.004895806,-0.005144834,-0.004948629,-0.0048284703,-0.0047271904
Gm28955,-0.004895806,-0.005144834,-0.004948629,-0.0048284703,-0.0047271904
Gm28954,-0.004895806,-0.005144834,-0.004948629,-0.0048284703,-0.0047271904
Gm20828,-0.004895806,-0.005144834,-0.004948629,-0.0048284703,-0.0047271904
Gm28656,-0.004895806,-0.005144834,-0.004948629,-0.0048284703,-0.0047271904
Gm29554,-0.004895806,-0.005144834,-0.004948629,-0.0048284703,-0.0047271904
Gm20812,-0.004895806,-0.005144834,-0.004948629,-0.0048284703,-0.0047271904
Gm37739,-0.004895806,-0.005144834,-0.004948629,-0.0048284703,-0.0047271904
Gm20807,-0.004895806,-0.005144834,-0.004948629,-0.0048284703,-0.0047271904
Gm38084,-0.004895806,-0.005144834,-0.004948629,-0.0048284703,-0.0047271904
Gm37231,-0.004895806,-0.005144834,-0.004948629,-0.0048284703,-0.0047271904
Gm21891,-0.004895806,-0.005144834,-0.004948629,-0.0048284703,-0.0047271904
Gm21425,-0.004895806,-0.005144834,-0.004948629,-0.0048284703,-0.0047271904
Gm37252,-0.004895806,-0.005144834,-0.004948629,-0.0048284703,-0.0047271904
Gm21828,-0.004895806,-0.005144834,-0.004948629,-0.0048284703,-0.0047271904
Gm21440,-0.004895806,-0.005144834,-0.004948629,-0.0048284703,-0.0047271904
Gm21454,-0.004895806,-0.005144834,-0.004948629,-0.0048284703,-0.0047271904
Gm37147,-0.004895806,-0.005144834,-0.004948629,-0.0048284703,-0.0047271904
Gm38159,-0.004895806,-0.005144834,-0.004948629,-0.0048284703,-0.0047271904
Gm21725,-0.004895806,-0.005144834,-0.004948629,-0.0048284703,-0.0047271904
Gm37870,-0.004895806,-0.005144834,-0.004948629,-0.0048284703,-0.0047271904
Gm37378,-0.004895806,-0.005144834,-0.004948629,-0.0048284703,-0.0047271904
Gm21866,-0.004895806,-0.005144834,-0.004948629,-0.0048284703,-0.0047271904
Gm20773,-0.004895806,-0.005144834,-0.004948629,-0.0048284703,-0.0047271904
Gm37561,-0.004895806,-0.005144834,-0.004948629,-0.0048284703,-0.0047271904
Gm37263,-0.004895806,-0.005144834,-0.004948629,-0.0048284703,-0.0047271904
Gm21767,-0.004895806,-0.005144834,-0.004948629,-0.0048284703,-0.0047271904
Gm37130,-0.004895806,-0.005144834,-0.004948629,-0.0048284703,-0.0047271904
Gm37467,-0.004895806,-0.005144834,-0.004948629,-0.0048284703,-0.0047271904
Gm38363,-0.004895806,-0.005144834,-0.004948629,-0.0048284703,-0.0047271904
Gm30174,-0.004895806,-0.005144834,-0.004948629,-0.0048284703,-0.0047271904
Gm30353,-0.004895806,-0.005144834,-0.004948629,-0.0048284703,-0.0047271904
Gm30686,-0.004895806,-0.005144834,-0.004948629,-0.0048284703,-0.0047271904
Gm30737,-0.004895806,-0.005144834,-0.004948629,-0.0048284703,-0.0047271904
Gm37654,-0.004895806,-0.005144834,-0.004948629,-0.0048284703,-0.0047271904
Gm37572,-0.004895806,-0.005144834,-0.004948629,-0.0048284703,-0.0047271904
Gm37344,-0.004895806,-0.005144834,-0.004948629,-0.0048284703,-0.0047271904
Gm37059,-0.004895806,-0.005144834,-0.004948629,-0.0048284703,-0.0047271904
Gm31942,-0.004895806,-0.005144834,-0.004948629,-0.0048284703,-0.0047271904
Gm37440,-0.004895806,-0.005144834,-0.004948629,-0.0048284703,-0.0047271904
Gm37577,-0.004895806,-0.005144834,-0.004948629,-0.0048284703,-0.0047271904
Gm20822,-0.004895806,-0.005144834,-0.004948629,-0.0048284703,-0.0047271904
Gm21809,-0.004895806,-0.005144834,-0.004948629,-0.0048284703,-0.0047271904
Gm20877,-0.004895806,-0.005144834,-0.004948629,-0.0048284703,-0.0047271904
Gm38003,-0.004895806,-0.005144834,-0.004948629,-0.0048284703,-0.0047271904
Rbm31y,-0.004895806,-0.005144834,-0.004948629,-0.0048284703,-0.0047271904
Gm37865,-0.004895806,-0.005144834,-0.004948629,-0.0048284703,-0.0047271904
Gm36941,-0.004895806,-0.005144834,-0.004948629,-0.0048284703,-0.0047271904
Gm21904,-0.004895806,-0.005144834,-0.004948629,-0.0048284703,-0.0047271904
Gm37937,-0.004895806,-0.005144834,-0.004948629,-0.0048284703,-0.0047271904
Gm20772,-0.004895806,-0.005144834,-0.004948629,-0.0048284703,-0.0047271904
Gm20831,-0.004895806,-0.005144834,-0.004948629,-0.0048284703,-0.0047271904
Gm37286,-0.004895806,-0.005144834,-0.004948629,-0.0048284703,-0.0047271904
Srsy,-0.004895806,-0.005144834,-0.004948629,-0.0048284703,-0.0047271904
Gm38028,-0.004895806,-0.005144834,-0.004948629,-0.0048284703,-0.0047271904
Gm21764,-0.004895806,-0.005144834,-0.004948629,-0.0048284703,-0.0047271904
Ssty1,-0.004895806,-0.005144834,-0.004948629,-0.0048284703,-0.0047271904
Gm38072,-0.004895806,-0.005144834,-0.004948629,-0.0048284703,-0.0047271904
Gm37473,-0.004895806,-0.005144834,-0.004948629,-0.0048284703,-0.0047271904
Gm37656,-0.004895806,-0.005144834,-0.004948629,-0.0048284703,-0.0047271904
Gm38127,-0.004895806,-0.005144834,-0.004948629,-0.0048284703,-0.0047271904
Gm38361,-0.004895806,-0.005144834,-0.004948629,-0.0048284703,-0.0047271904
Gm38209,-0.004895806,-0.005144834,-0.004948629,-0.0048284703,-0.0047271904
Gm21822,-0.004895806,-0.005144834,-0.004948629,-0.0048284703,-0.0047271904
Gm37734,-0.004895806,-0.005144834,-0.004948629,-0.0048284703,-0.0047271904
Gm38013,-0.004895806,-0.005144834,-0.004948629,-0.0048284703,-0.0047271904
Gm37948,-0.004895806,-0.005144834,-0.004948629,-0.0048284703,-0.0047271904
Gm34550,-0.004895806,-0.005144834,-0.004948629,-0.0048284703,-0.0047271904
Gm37544,-0.004895806,-0.005144834,-0.004948629,-0.0048284703,-0.0047271904
Gm34716,-0.004895806,-0.005144834,-0.004948629,-0.0048284703,-0.0047271904
Gm37635,-0.004895806,-0.005144834,-0.004948629,-0.0048284703,-0.0047271904
Gm35070,-0.004895806,-0.005144834,-0.004948629,-0.0048284703,-0.0047271904
Gm35134,-0.004895806,-0.005144834,-0.004948629,-0.0048284703,-0.0047271904
Gm37998,-0.004895806,-0.005144834,-0.004948629,-0.0048284703,-0.0047271904
Gm38168,-0.004895806,-0.005144834,-0.004948629,-0.0048284703,-0.0047271904
Gm37740,-0.004895806,-0.005144834,-0.004948629,-0.0048284703,-0.0047271904
Gm36261,-0.004895806,-0.005144834,-0.004948629,-0.0048284703,-0.0047271904
Gm37898,-0.004895806,-0.005144834,-0.004948629,-0.0048284703,-0.0047271904
Gm36467,-0.004895806,-0.005144834,-0.004948629,-0.0048284703,-0.0047271904
Gm37927,-0.004895806,-0.005144834,-0.004948629,-0.0048284703,-0.0047271904
Gm36929,-0.004895806,-0.005144834,-0.004948629,-0.0048284703,-0.0047271904
Gm38174,-0.004895806,-0.005144834,-0.004948629,-0.0048284703,-0.0047271904
Gm29866,-0.004895806,-0.005144834,-0.004948629,-0.0048284703,-0.0047271904
Gm36950,-0.004895806,-0.005144834,-0.004948629,-0.0048284703,-0.0047271904
Gm20909,-0.004895806,-0.005144834,-0.004948629,-0.0048284703,-0.0047271904
Gm20865,-0.004895806,-0.005144834,-0.004948629,-0.0048284703,-0.0047271904
Gm37462,-0.004895806,-0.005144834,-0.004948629,-0.0048284703,-0.0047271904
Gm38370,-0.004895806,-0.005144834,-0.004948629,-0.0048284703,-0.0047271904
Gm38054,-0.004895806,-0.005144834,-0.004948629,-0.0048284703,-0.0047271904
Gm37690,-0.004895806,-0.005144834,-0.004948629,-0.0048284703,-0.0047271904
Gm31571,-0.004895806,-0.005144834,-0.004948629,-0.0048284703,-0.0047271904
Gm32114,-0.004895806,-0.005144834,-0.004948629,-0.0048284703,-0.0047271904
Gm37075,-0.004895806,-0.005144834,-0.004948629,-0.0048284703,-0.0047271904
Gm38371,-0.004895806,-0.005144834,-0.004948629,-0.0048284703,-0.0047271904
Gm37657,-0.004895806,-0.005144834,-0.004948629,-0.0048284703,-0.0047271904
Gm37721,-0.004895806,-0.005144834,-0.004948629,-0.0048284703,-0.0047271904
Gm21366,-0.004895806,-0.005144834,-0.004948629,-0.0048284703,-0.0047271904
Gm33954,-0.004895806,-0.005144834,-0.004948629,-0.0048284703,-0.0047271904
Gm37538,-0.004895806,-0.005144834,-0.004948629,-0.0048284703,-0.0047271904
Gm34217,-0.004895806,-0.005144834,-0.004948629,-0.0048284703,-0.0047271904
Gm37952,-0.004895806,-0.005144834,-0.004948629,-0.0048284703,-0.0047271904
Gm37454,-0.004895806,-0.005144834,-0.004948629,-0.0048284703,-0.0047271904
Gm37840,-0.004895806,-0.005144834,-0.004948629,-0.0048284703,-0.0047271904
Gm37574,-0.004895806,-0.005144834,-0.004948629,-0.0048284703,-0.0047271904
Gm35670,-0.004895806,-0.005144834,-0.004948629,-0.0048284703,-0.0047271904
Gm37687,-0.004895806,-0.005144834,-0.004948629,-0.0048284703,-0.0047271904
Gm38296,-0.004895806,-0.005144834,-0.004948629,-0.0048284703,-0.0047271904
Gm36345,-0.004895806,-0.005144834,-0.004948629,-0.0048284703,-0.0047271904
Gm37157,-0.004895806,-0.005144834,-0.004948629,-0.0048284703,-0.0047271904
Gm20809,-0.004895806,-0.005144834,-0.004948629,-0.0048284703,-0.0047271904
Gm37434,-0.004895806,-0.005144834,-0.004948629,-0.0048284703,-0.0047271904
Gm30045,-0.004895806,-0.005144834,-0.004948629,-0.0048284703,-0.0047271904
Gm21921,-0.004895806,-0.005144834,-0.004948629,-0.0048284703,-0.0047271904
Gm37112,-0.004895806,-0.005144834,-0.004948629,-0.0048284703,-0.0047271904
Gm37071,-0.004895806,-0.005144834,-0.004948629,-0.0048284703,-0.0047271904
Gm37547,-0.004895806,-0.005144834,-0.004948629,-0.0048284703,-0.0047271904
Gm30705,-0.004895806,-0.005144834,-0.004948629,-0.0048284703,-0.0047271904
Gm21773,-0.004895806,-0.005144834,-0.004948629,-0.0048284703,-0.0047271904
Gm37451,-0.004895806,-0.005144834,-0.004948629,-0.0048284703,-0.0047271904
Gm37875,-0.004895806,-0.005144834,-0.004948629,-0.0048284703,-0.0047271904
Gm31422,-0.004895806,-0.005144834,-0.004948629,-0.0048284703,-0.0047271904
Gm37798,-0.004895806,-0.005144834,-0.004948629,-0.0048284703,-0.0047271904
Gm37346,-0.004895806,-0.005144834,-0.004948629,-0.0048284703,-0.0047271904
Gm38136,-0.004895806,-0.005144834,-0.004948629,-0.0048284703,-0.0047271904
Gm37808,-0.004895806,-0.005144834,-0.004948629,-0.0048284703,-0.0047271904
Gm32181,-0.004895806,-0.005144834,-0.004948629,-0.0048284703,-0.0047271904
Gm28853,-0.004895806,-0.005144834,-0.004948629,-0.0048284703,-0.0047271904
Gm28852,-0.004895806,-0.005144834,-0.004948629,-0.0048284703,-0.0047271904
Gm28858,-0.004895806,-0.005144834,-0.004948629,-0.0048284703,-0.0047271904
Gm20890,-0.004895806,-0.005144834,-0.004948629,-0.0048284703,-0.0047271904
Gm28245,-0.004895806,-0.005144834,-0.004948629,-0.0048284703,-0.0047271904
Gm28246,-0.004895806,-0.005144834,-0.004948629,-0.0048284703,-0.0047271904
Gm28249,-0.004895806,-0.005144834,-0.004948629,-0.0048284703,-0.0047271904
Gm28250,-0.004895806,-0.005144834,-0.004948629,-0.0048284703,-0.0047271904
Gm28244,-0.004895806,-0.005144834,-0.004948629,-0.0048284703,-0.0047271904
Gm29021,-0.004895806,-0.005144834,-0.004948629,-0.0048284703,-0.0047271904
Gm28880,-0.004895806,-0.005144834,-0.004948629,-0.0048284703,-0.0047271904
Gm21488,-0.004895806,-0.005144834,-0.004948629,-0.0048284703,-0.0047271904
Gm28454,-0.004895806,-0.005144834,-0.004948629,-0.0048284703,-0.0047271904
Gm28878,-0.004895806,-0.005144834,-0.004948629,-0.0048284703,-0.0047271904
Gm29399,-0.004895806,-0.005144834,-0.004948629,-0.0048284703,-0.0047271904
Gm28799,-0.004895806,-0.005144834,-0.004948629,-0.0048284703,-0.0047271904
Gm28798,-0.004895806,-0.005144834,-0.004948629,-0.0048284703,-0.0047271904
Gm20894,-0.004895806,-0.005144834,-0.004948629,-0.0048284703,-0.0047271904
Gm28938,-0.004895806,-0.005144834,-0.004948629,-0.0048284703,-0.0047271904
Gm29122,-0.004895806,-0.005144834,-0.004948629,-0.0048284703,-0.0047271904
Gm28985,-0.004895806,-0.005144834,-0.004948629,-0.0048284703,-0.0047271904
Gm28725,-0.004895806,-0.005144834,-0.004948629,-0.0048284703,-0.0047271904
Gm28984,-0.004895806,-0.005144834,-0.004948629,-0.0048284703,-0.0047271904
Gm28987,-0.004895806,-0.005144834,-0.004948629,-0.0048284703,-0.0047271904
Gm28986,-0.004895806,-0.005144834,-0.004948629,-0.0048284703,-0.0047271904
Gm28129,-0.004895806,-0.005144834,-0.004948629,-0.0048284703,-0.0047271904
Gm28127,-0.004895806,-0.005144834,-0.004948629,-0.0048284703,-0.0047271904
Gm28128,-0.004895806,-0.005144834,-0.004948629,-0.0048284703,-0.0047271904
Gm28132,-0.004895806,-0.005144834,-0.004948629,-0.0048284703,-0.0047271904
Gm28130,-0.004895806,-0.005144834,-0.004948629,-0.0048284703,-0.0047271904
Gm28131,-0.004895806,-0.005144834,-0.004948629,-0.0048284703,-0.0047271904
Gm21679,-0.004895806,-0.005144834,-0.004948629,-0.0048284703,-0.0047271904
Gm29316,-0.004895806,-0.005144834,-0.004948629,-0.0048284703,-0.0047271904
Gm29315,-0.004895806,-0.005144834,-0.004948629,-0.0048284703,-0.0047271904
Gm28216,-0.004895806,-0.005144834,-0.004948629,-0.0048284703,-0.0047271904
Gm28217,-0.004895806,-0.005144834,-0.004948629,-0.0048284703,-0.0047271904
Gm28092,-0.004895806,-0.005144834,-0.004948629,-0.0048284703,-0.0047271904
Gm28091,-0.004895806,-0.005144834,-0.004948629,-0.0048284703,-0.0047271904
Gm29580,-0.004895806,-0.005144834,-0.004948629,-0.0048284703,-0.0047271904
Gm28089,-0.004895806,-0.005144834,-0.004948629,-0.0048284703,-0.0047271904
Gm28088,-0.004895806,-0.005144834,-0.004948629,-0.0048284703,-0.0047271904
Gm29579,-0.004895806,-0.005144834,-0.004948629,-0.0048284703,-0.0047271904
Gm29582,-0.004895806,-0.005144834,-0.004948629,-0.0048284703,-0.0047271904
Gm21529,-0.004895806,-0.005144834,-0.004948629,-0.0048284703,-0.0047271904
Gm29581,-0.004895806,-0.005144834,-0.004948629,-0.0048284703,-0.0047271904
Gm21539,-0.004895806,-0.005144834,-0.004948629,-0.0048284703,-0.0047271904
Gm29578,-0.004895806,-0.005144834,-0.004948629,-0.0048284703,-0.0047271904
Gm21780,-0.004895806,-0.005144834,-0.004948629,-0.0048284703,-0.0047271904
Gm28486,-0.004895806,-0.005144834,-0.004948629,-0.0048284703,-0.0047271904
Gm28487,-0.004895806,-0.005144834,-0.004948629,-0.0048284703,-0.0047271904
Gm28488,-0.004895806,-0.005144834,-0.004948629,-0.0048284703,-0.0047271904
Gm28491,-0.004895806,-0.005144834,-0.004948629,-0.0048284703,-0.0047271904
Gm28490,-0.004895806,-0.005144834,-0.004948629,-0.0048284703,-0.0047271904
Gm21562,-0.004895806,-0.005144834,-0.004948629,-0.0048284703,-0.0047271904
Gm28298,-0.004895806,-0.005144834,-0.004948629,-0.0048284703,-0.0047271904
Gm21572,-0.004895806,-0.005144834,-0.004948629,-0.0048284703,-0.0047271904
Gm28297,-0.004895806,-0.005144834,-0.004948629,-0.0048284703,-0.0047271904
Gm21723,-0.004895806,-0.005144834,-0.004948629,-0.0048284703,-0.0047271904
Gm28296,-0.004895806,-0.005144834,-0.004948629,-0.0048284703,-0.0047271904
Gm21821,-0.004895806,-0.005144834,-0.004948629,-0.0048284703,-0.0047271904
Gm28295,-0.004895806,-0.005144834,-0.004948629,-0.0048284703,-0.0047271904
Gm21842,-0.004895806,-0.005144834,-0.004948629,-0.0048284703,-0.0047271904
Gm28170,-0.004895806,-0.005144834,-0.004948629,-0.0048284703,-0.0047271904
Gm28764,-0.004895806,-0.005144834,-0.004948629,-0.0048284703,-0.0047271904
Gm28762,-0.004895806,-0.005144834,-0.004948629,-0.0048284703,-0.0047271904
Gm28763,-0.004895806,-0.005144834,-0.004948629,-0.0048284703,-0.0047271904
Gm21094,-0.004895806,-0.005144834,-0.004948629,-0.0048284703,-0.0047271904
Gm21588,-0.004895806,-0.005144834,-0.004948629,-0.0048284703,-0.0047271904
Gm28761,-0.004895806,-0.005144834,-0.004948629,-0.0048284703,-0.0047271904
Gm21599,-0.004895806,-0.005144834,-0.004948629,-0.0048284703,-0.0047271904
Gm28765,-0.004895806,-0.005144834,-0.004948629,-0.0048284703,-0.0047271904
Gm21916,-0.004895806,-0.005144834,-0.004948629,-0.0048284703,-0.0047271904
Gm29191,-0.004895806,-0.005144834,-0.004948629,-0.0048284703,-0.0047271904
Gm28210,-0.004895806,-0.005144834,-0.004948629,-0.0048284703,-0.0047271904
Gm29074,-0.004895806,-0.005144834,-0.004948629,-0.0048284703,-0.0047271904
Gm28518,-0.004895806,-0.005144834,-0.004948629,-0.0048284703,-0.0047271904
Gm28519,-0.004895806,-0.005144834,-0.004948629,-0.0048284703,-0.0047271904
Gm28520,-0.004895806,-0.005144834,-0.004948629,-0.0048284703,-0.0047271904
Gm20838,-0.004895806,-0.005144834,-0.004948629,-0.0048284703,-0.0047271904
Gm21626,-0.004895806,-0.005144834,-0.004948629,-0.0048284703,-0.0047271904
Gm28521,-0.004895806,-0.005144834,-0.004948629,-0.0048284703,-0.0047271904
Gm21633,-0.004895806,-0.005144834,-0.004948629,-0.0048284703,-0.0047271904
Gm28522,-0.004895806,-0.005144834,-0.004948629,-0.0048284703,-0.0047271904
Gm28517,-0.004895806,-0.005144834,-0.004948629,-0.0048284703,-0.0047271904
Gm29532,-0.004895806,-0.005144834,-0.004948629,-0.0048284703,-0.0047271904
Gm29531,-0.004895806,-0.005144834,-0.004948629,-0.0048284703,-0.0047271904
Gm28464,-0.004895806,-0.005144834,-0.004948629,-0.0048284703,-0.0047271904
Gm29656,-0.004895806,-0.005144834,-0.004948629,-0.0048284703,-0.0047271904
Gm29655,-0.004895806,-0.005144834,-0.004948629,-0.0048284703,-0.0047271904
Gm29653,-0.004895806,-0.005144834,-0.004948629,-0.0048284703,-0.0047271904
Gm29654,-0.004895806,-0.005144834,-0.004948629,-0.0048284703,-0.0047271904
Gm29080,-0.004895806,-0.005144834,-0.004948629,-0.0048284703,-0.0047271904
Gm29081,-0.004895806,-0.005144834,-0.004948629,-0.0048284703,-0.0047271904
Gm29077,-0.004895806,-0.005144834,-0.004948629,-0.0048284703,-0.0047271904
Gm29078,-0.004895806,-0.005144834,-0.004948629,-0.0048284703,-0.0047271904
Gm29225,-0.004895806,-0.005144834,-0.004948629,-0.0048284703,-0.0047271904
Gm29226,-0.004895806,-0.005144834,-0.004948629,-0.0048284703,-0.0047271904
Gm20855,-0.004895806,-0.005144834,-0.004948629,-0.0048284703,-0.0047271904
Gm29386,-0.004895806,-0.005144834,-0.004948629,-0.0048284703,-0.0047271904
Gm29384,-0.004895806,-0.005144834,-0.004948629,-0.0048284703,-0.0047271904
Gm28260,-0.004895806,-0.005144834,-0.004948629,-0.0048284703,-0.0047271904
Gm28264,-0.004895806,-0.005144834,-0.004948629,-0.0048284703,-0.0047271904
Gm28463,-0.004895806,-0.005144834,-0.004948629,-0.0048284703,-0.0047271904
Gm28585,-0.004895806,-0.005144834,-0.004948629,-0.0048284703,-0.0047271904
Gm20896,-0.004895806,-0.005144834,-0.004948629,-0.0048284703,-0.0047271904
Gm28470,-0.004895806,-0.005144834,-0.004948629,-0.0048284703,-0.0047271904
Gm28469,-0.004895806,-0.005144834,-0.004948629,-0.0048284703,-0.0047271904
Gm28332,-0.004895806,-0.005144834,-0.004948629,-0.0048284703,-0.0047271904
Gm28333,-0.004895806,-0.005144834,-0.004948629,-0.0048284703,-0.0047271904
Gm28336,-0.004895806,-0.005144834,-0.004948629,-0.0048284703,-0.0047271904
Gm28338,-0.004895806,-0.005144834,-0.004948629,-0.0048284703,-0.0047271904
Gm28811,-0.004895806,-0.005144834,-0.004948629,-0.0048284703,-0.0047271904
Gm28810,-0.004895806,-0.005144834,-0.004948629,-0.0048284703,-0.0047271904
Gm20835,-0.004895806,-0.005144834,-0.004948629,-0.0048284703,-0.0047271904
Gm29027,-0.004895806,-0.005144834,-0.004948629,-0.0048284703,-0.0047271904
Gm29028,-0.004895806,-0.005144834,-0.004948629,-0.0048284703,-0.0047271904
Gm29023,-0.004895806,-0.005144834,-0.004948629,-0.0048284703,-0.0047271904
Gm29025,-0.004895806,-0.005144834,-0.004948629,-0.0048284703,-0.0047271904
Gm28212,-0.004895806,-0.005144834,-0.004948629,-0.0048284703,-0.0047271904
Gm20905,-0.004895806,-0.005144834,-0.004948629,-0.0048284703,-0.0047271904
Gm28820,-0.004895806,-0.005144834,-0.004948629,-0.0048284703,-0.0047271904
Gm29671,-0.004895806,-0.005144834,-0.004948629,-0.0048284703,-0.0047271904
Gm20738,-0.004895806,-0.005144834,-0.004948629,-0.0048284703,-0.0047271904
Gm28545,-0.004895806,-0.005144834,-0.004948629,-0.0048284703,-0.0047271904
Gm28547,-0.004895806,-0.005144834,-0.004948629,-0.0048284703,-0.0047271904
Gm28771,-0.004895806,-0.005144834,-0.004948629,-0.0048284703,-0.0047271904
Gm28772,-0.004895806,-0.005144834,-0.004948629,-0.0048284703,-0.0047271904
Gm20897,-0.004895806,-0.005144834,-0.004948629,-0.0048284703,-0.0047271904
Gm28774,-0.004895806,-0.005144834,-0.004948629,-0.0048284703,-0.0047271904
Gm21732,-0.004895806,-0.005144834,-0.004948629,-0.0048284703,-0.0047271904
Gm28775,-0.004895806,-0.005144834,-0.004948629,-0.0048284703,-0.0047271904
Gm28176,-0.004895806,-0.005144834,-0.004948629,-0.0048284703,-0.0047271904
Gm28786,-0.004895806,-0.005144834,-0.004948629,-0.0048284703,-0.0047271904
Gm29360,-0.004895806,-0.005144834,-0.004948629,-0.0048284703,-0.0047271904
Gm29497,-0.004895806,-0.005144834,-0.004948629,-0.0048284703,-0.0047271904
Gm29498,-0.004895806,-0.005144834,-0.004948629,-0.0048284703,-0.0047271904
Gm36782,-0.004895806,-0.005144834,-0.004948629,-0.0048284703,-0.0047271904
Gm29839,-0.004895806,-0.005144834,-0.004948629,-0.0048284703,-0.0047271904
Gm28595,-0.004895806,-0.005144834,-0.004948629,-0.0048284703,-0.0047271904
Gm21865,-0.004895806,-0.005144834,-0.004948629,-0.0048284703,-0.0047271904
Gm29433,-0.004895806,-0.005144834,-0.004948629,-0.0048284703,-0.0047271904
Gm29215,-0.004895806,-0.005144834,-0.004948629,-0.0048284703,-0.0047271904
Gm21882,-0.004895806,-0.005144834,-0.004948629,-0.0048284703,-0.0047271904
Gm21801,-0.004895806,-0.005144834,-0.004948629,-0.0048284703,-0.0047271904
Gm28850,-0.004895806,-0.005144834,-0.004948629,-0.0048284703,-0.0047271904
Gm21914,-0.004895806,-0.005144834,-0.004948629,-0.0048284703,-0.0047271904
Gm28617,-0.004895806,-0.005144834,-0.004948629,-0.0048284703,-0.0047271904
Gm28619,-0.004895806,-0.005144834,-0.004948629,-0.0048284703,-0.0047271904
Gm21852,-0.004895806,-0.005144834,-0.004948629,-0.0048284703,-0.0047271904
Gm28993,-0.004895806,-0.005144834,-0.004948629,-0.0048284703,-0.0047271904
Gm28994,-0.004895806,-0.005144834,-0.004948629,-0.0048284703,-0.0047271904
Gm21797,-0.004895806,-0.005144834,-0.004948629,-0.0048284703,-0.0047271904
Gm20795,-0.004895806,-0.005144834,-0.004948629,-0.0048284703,-0.0047271904
Gm28427,-0.004895806,-0.005144834,-0.004948629,-0.0048284703,-0.0047271904
Gm21800,-0.004895806,-0.005144834,-0.004948629,-0.0048284703,-0.0047271904
Gm28426,-0.004895806,-0.005144834,-0.004948629,-0.0048284703,-0.0047271904
Gm28425,-0.004895806,-0.005144834,-0.004948629,-0.0048284703,-0.0047271904
Gm28834,-0.004895806,-0.005144834,-0.004948629,-0.0048284703,-0.0047271904
Gm29537,-0.004895806,-0.005144834,-0.004948629,-0.0048284703,-0.0047271904
Gm29274,-0.004895806,-0.005144834,-0.004948629,-0.0048284703,-0.0047271904
Gm29275,-0.004895806,-0.005144834,-0.004948629,-0.0048284703,-0.0047271904
Gm29276,-0.004895806,-0.005144834,-0.004948629,-0.0048284703,-0.0047271904
Gm29645,-0.004895806,-0.005144834,-0.004948629,-0.0048284703,-0.0047271904
Gm28312,-0.004895806,-0.005144834,-0.004948629,-0.0048284703,-0.0047271904
Gm29042,-0.004895806,-0.005144834,-0.004948629,-0.0048284703,-0.0047271904
Gm28311,-0.004895806,-0.005144834,-0.004948629,-0.0048284703,-0.0047271904
Gm28310,-0.004895806,-0.005144834,-0.004948629,-0.0048284703,-0.0047271904
Gm28568,-0.004895806,-0.005144834,-0.004948629,-0.0048284703,-0.0047271904
Gm29286,-0.004895806,-0.005144834,-0.004948629,-0.0048284703,-0.0047271904
Gm29285,-0.004895806,-0.005144834,-0.004948629,-0.0048284703,-0.0047271904
Gm28280,-0.004895806,-0.005144834,-0.004948629,-0.0048284703,-0.0047271904
Gm28278,-0.004895806,-0.005144834,-0.004948629,-0.0048284703,-0.0047271904
Gm28279,-0.004895806,-0.005144834,-0.004948629,-0.0048284703,-0.0047271904
Gm21739,-0.004895806,-0.005144834,-0.004948629,-0.0048284703,-0.0047271904
Gm28886,-0.004895806,-0.005144834,-0.004948629,-0.0048284703,-0.0047271904
Gm29426,-0.004895806,-0.005144834,-0.004948629,-0.0048284703,-0.0047271904
Gm28887,-0.004895806,-0.005144834,-0.004948629,-0.0048284703,-0.0047271904
Gm29444,-0.004895806,-0.005144834,-0.004948629,-0.0048284703,-0.0047271904
Gm21783,-0.004895806,-0.005144834,-0.004948629,-0.0048284703,-0.0047271904
Gm29445,-0.004895806,-0.005144834,-0.004948629,-0.0048284703,-0.0047271904
Gm28457,-0.004895806,-0.005144834,-0.004948629,-0.0048284703,-0.0047271904
Gm28458,-0.004895806,-0.005144834,-0.004948629,-0.0048284703,-0.0047271904
Gm28461,-0.004895806,-0.005144834,-0.004948629,-0.0048284703,-0.0047271904
Gm28460,-0.004895806,-0.005144834,-0.004948629,-0.0048284703,-0.0047271904
Gm28851,-0.004895806,-0.005144834,-0.004948629,-0.0048284703,-0.0047271904
Gm28456,-0.004895806,-0.005144834,-0.004948629,-0.0048284703,-0.0047271904
Gm29648,-0.004895806,-0.005144834,-0.004948629,-0.0048284703,-0.0047271904
Gm29646,-0.004895806,-0.005144834,-0.004948629,-0.0048284703,-0.0047271904
Gm28549,-0.004895806,-0.005144834,-0.004948629,-0.0048284703,-0.0047271904
Gm29210,-0.004895806,-0.005144834,-0.004948629,-0.0048284703,-0.0047271904
Gm29213,-0.004895806,-0.005144834,-0.004948629,-0.0048284703,-0.0047271904
Gm28550,-0.004895806,-0.005144834,-0.004948629,-0.0048284703,-0.0047271904
Gm28604,-0.004895806,-0.005144834,-0.004948629,-0.0048284703,-0.0047271904
Gm28565,-0.004895806,-0.005144834,-0.004948629,-0.0048284703,-0.0047271904
Gm28566,-0.004895806,-0.005144834,-0.004948629,-0.0048284703,-0.0047271904
Gm28697,-0.004895806,-0.005144834,-0.004948629,-0.0048284703,-0.0047271904
Gm28554,-0.004895806,-0.005144834,-0.004948629,-0.0048284703,-0.0047271904
Gm21256,-0.004895806,-0.005144834,-0.004948629,-0.0048284703,-0.0047271904
Gm29056,-0.004895806,-0.005144834,-0.004948629,-0.0048284703,-0.0047271904
Gm29098,-0.004895806,-0.005144834,-0.004948629,-0.0048284703,-0.0047271904
Gm21170,-0.004895806,-0.005144834,-0.004948629,-0.0048284703,-0.0047271904
Gm29373,-0.004895806,-0.005144834,-0.004948629,-0.0048284703,-0.0047271904
Gm29370,-0.004895806,-0.005144834,-0.004948629,-0.0048284703,-0.0047271904
Gm29166,-0.004895806,-0.005144834,-0.004948629,-0.0048284703,-0.0047271904
Gm28194,-0.004895806,-0.005144834,-0.004948629,-0.0048284703,-0.0047271904
Gm20792,-0.004895806,-0.005144834,-0.004948629,-0.0048284703,-0.0047271904
Gm28754,-0.004895806,-0.005144834,-0.004948629,-0.0048284703,-0.0047271904
Gm28753,-0.004895806,-0.005144834,-0.004948629,-0.0048284703,-0.0047271904
Gm29070,-0.004895806,-0.005144834,-0.004948629,-0.0048284703,-0.0047271904
Gm28553,-0.004895806,-0.005144834,-0.004948629,-0.0048284703,-0.0047271904
Gm28726,-0.004895806,-0.005144834,-0.004948629,-0.0048284703,-0.0047271904
Gm29270,-0.004895806,-0.005144834,-0.004948629,-0.0048284703,-0.0047271904
Gm29271,-0.004895806,-0.005144834,-0.004948629,-0.0048284703,-0.0047271904
Gm21209,-0.004895806,-0.005144834,-0.004948629,-0.0048284703,-0.0047271904
Gm28681,-0.004895806,-0.005144834,-0.004948629,-0.0048284703,-0.0047271904
Gm28684,-0.004895806,-0.005144834,-0.004948629,-0.0048284703,-0.0047271904
Gm28679,-0.004895806,-0.005144834,-0.004948629,-0.0048284703,-0.0047271904
Gm28870,-0.004895806,-0.005144834,-0.004948629,-0.0048284703,-0.0047271904
Gm29511,-0.004895806,-0.005144834,-0.004948629,-0.0048284703,-0.0047271904
Gm29117,-0.004895806,-0.005144834,-0.004948629,-0.0048284703,-0.0047271904
Gm20883,-0.004895806,-0.005144834,-0.004948629,-0.0048284703,-0.0047271904
Gm29116,-0.004895806,-0.005144834,-0.004948629,-0.0048284703,-0.0047271904
Gm29321,-0.004895806,-0.005144834,-0.004948629,-0.0048284703,-0.0047271904
Gm21117,-0.004895806,-0.005144834,-0.004948629,-0.0048284703,-0.0047271904
Gm28317,-0.004895806,-0.005144834,-0.004948629,-0.0048284703,-0.0047271904
Gm28318,-0.004895806,-0.005144834,-0.004948629,-0.0048284703,-0.0047271904
Gm28313,-0.004895806,-0.005144834,-0.004948629,-0.0048284703,-0.0047271904
Gm28315,-0.004895806,-0.005144834,-0.004948629,-0.0048284703,-0.0047271904
Gm28316,-0.004895806,-0.005144834,-0.004948629,-0.0048284703,-0.0047271904
Gm28944,-0.004895806,-0.005144834,-0.004948629,-0.0048284703,-0.0047271904
Gm28945,-0.004895806,-0.005144834,-0.004948629,-0.0048284703,-0.0047271904
Gm28947,-0.004895806,-0.005144834,-0.004948629,-0.0048284703,-0.0047271904
Gm20920,-0.004895806,-0.005144834,-0.004948629,-0.0048284703,-0.0047271904
Gm28948,-0.004895806,-0.005144834,-0.004948629,-0.0048284703,-0.0047271904
Gm28950,-0.004895806,-0.005144834,-0.004948629,-0.0048284703,-0.0047271904
Gm29063,-0.004895806,-0.005144834,-0.004948629,-0.0048284703,-0.0047271904
Gm28197,-0.004895806,-0.005144834,-0.004948629,-0.0048284703,-0.0047271904
Gm28735,-0.004895806,-0.005144834,-0.004948629,-0.0048284703,-0.0047271904
Gm21258,-0.004895806,-0.005144834,-0.004948629,-0.0048284703,-0.0047271904
Gm28732,-0.004895806,-0.005144834,-0.004948629,-0.0048284703,-0.0047271904
Gm28733,-0.004895806,-0.005144834,-0.004948629,-0.0048284703,-0.0047271904
Gm28233,-0.004895806,-0.005144834,-0.004948629,-0.0048284703,-0.0047271904
Gm28235,-0.004895806,-0.005144834,-0.004948629,-0.0048284703,-0.0047271904
Gm28236,-0.004895806,-0.005144834,-0.004948629,-0.0048284703,-0.0047271904
Gm20747,-0.004895806,-0.005144834,-0.004948629,-0.0048284703,-0.0047271904
Gm29250,-0.004895806,-0.005144834,-0.004948629,-0.0048284703,-0.0047271904
Gm29252,-0.004895806,-0.005144834,-0.004948629,-0.0048284703,-0.0047271904
Gm29248,-0.004895806,-0.005144834,-0.004948629,-0.0048284703,-0.0047271904
Gm28908,-0.004895806,-0.005144834,-0.004948629,-0.0048284703,-0.0047271904
Gm20929,-0.004895806,-0.005144834,-0.004948629,-0.0048284703,-0.0047271904
Gm28276,-0.004895806,-0.005144834,-0.004948629,-0.0048284703,-0.0047271904
Gm28274,-0.004895806,-0.005144834,-0.004948629,-0.0048284703,-0.0047271904
Gm28291,-0.004895806,-0.005144834,-0.004948629,-0.0048284703,-0.0047271904
Gm28293,-0.004895806,-0.005144834,-0.004948629,-0.0048284703,-0.0047271904
Gm29305,-0.004895806,-0.005144834,-0.004948629,-0.0048284703,-0.0047271904
Gm29303,-0.004895806,-0.005144834,-0.004948629,-0.0048284703,-0.0047271904
Gm29557,-0.004895806,-0.005144834,-0.004948629,-0.0048284703,-0.0047271904
Gm29301,-0.004895806,-0.005144834,-0.004948629,-0.0048284703,-0.0047271904
Gm20931,-0.004895806,-0.005144834,-0.004948629,-0.0048284703,-0.0047271904
Gm29555,-0.004895806,-0.005144834,-0.004948629,-0.0048284703,-0.0047271904
Gm28355,-0.004895806,-0.005144834,-0.004948629,-0.0048284703,-0.0047271904
Gm28352,-0.004895806,-0.005144834,-0.004948629,-0.0048284703,-0.0047271904
Gm21858,-0.004895806,-0.005144834,-0.004948629,-0.0048284703,-0.0047271904
Gm28201,-0.004895806,-0.005144834,-0.004948629,-0.0048284703,-0.0047271904
Gm28202,-0.004895806,-0.005144834,-0.004948629,-0.0048284703,-0.0047271904
Gm28206,-0.004895806,-0.005144834,-0.004948629,-0.0048284703,-0.0047271904
Gm28207,-0.004895806,-0.005144834,-0.004948629,-0.0048284703,-0.0047271904
Gm28208,-0.004895806,-0.005144834,-0.004948629,-0.0048284703,-0.0047271904
Gm29222,-0.004895806,-0.005144834,-0.004948629,-0.0048284703,-0.0047271904
Gm29221,-0.004895806,-0.005144834,-0.004948629,-0.0048284703,-0.0047271904
Gm29220,-0.004895806,-0.005144834,-0.004948629,-0.0048284703,-0.0047271904
Gm29405,-0.004895806,-0.005144834,-0.004948629,-0.0048284703,-0.0047271904
Gm29406,-0.004895806,-0.005144834,-0.004948629,-0.0048284703,-0.0047271904
Gm29404,-0.004895806,-0.005144834,-0.004948629,-0.0048284703,-0.0047271904
Gm28964,-0.004895806,-0.005144834,-0.004948629,-0.0048284703,-0.0047271904
Sly,-0.004895806,-0.005144834,-0.004948629,-0.0048284703,-0.0047271904
Gm28709,-0.004895806,-0.005144834,-0.004948629,-0.0048284703,-0.0047271904
Gm28965,-0.004895806,-0.005144834,-0.004948629,-0.0048284703,-0.0047271904
Gm21943,-0.004895806,-0.005144834,-0.004948629,-0.0048284703,-0.0047271904
Gm28532,-0.004895806,-0.005144834,-0.004948629,-0.0048284703,-0.0047271904
Gm28966,-0.004895806,-0.005144834,-0.004948629,-0.0048284703,-0.0047271904
Gm28961,-0.004895806,-0.005144834,-0.004948629,-0.0048284703,-0.0047271904
Gm28962,-0.004895806,-0.005144834,-0.004948629,-0.0048284703,-0.0047271904
Gm28963,-0.004895806,-0.005144834,-0.004948629,-0.0048284703,-0.0047271904
Gm29466,-0.004895806,-0.005144834,-0.004948629,-0.0048284703,-0.0047271904
Gm29467,-0.004895806,-0.005144834,-0.004948629,-0.0048284703,-0.0047271904
Gm20963,-0.004895806,-0.005144834,-0.004948629,-0.0048284703,-0.0047271904
Gm28326,-0.004895806,-0.005144834,-0.004948629,-0.0048284703,-0.0047271904
Gm28325,-0.004895806,-0.005144834,-0.004948629,-0.0048284703,-0.0047271904
Gm28284,-0.004895806,-0.005144834,-0.004948629,-0.0048284703,-0.0047271904
Gm29368,-0.004895806,-0.005144834,-0.004948629,-0.0048284703,-0.0047271904
Gm21861,-0.004895806,-0.005144834,-0.004948629,-0.0048284703,-0.0047271904
Gm21413,-0.004895806,-0.005144834,-0.004948629,-0.0048284703,-0.0047271904
Gm28073,-0.004895806,-0.005144834,-0.004948629,-0.0048284703,-0.0047271904
Gm21419,-0.004895806,-0.005144834,-0.004948629,-0.0048284703,-0.0047271904
Gm28074,-0.004895806,-0.005144834,-0.004948629,-0.0048284703,-0.0047271904
Gm21428,-0.004895806,-0.005144834,-0.004948629,-0.0048284703,-0.0047271904
Gm29672,-0.004895806,-0.005144834,-0.004948629,-0.0048284703,-0.0047271904
Gm29131,-0.004895806,-0.005144834,-0.004948629,-0.0048284703,-0.0047271904
Gm29130,-0.004895806,-0.005144834,-0.004948629,-0.0048284703,-0.0047271904
Gm20978,-0.004895806,-0.005144834,-0.004948629,-0.0048284703,-0.0047271904
Gm29132,-0.004895806,-0.005144834,-0.004948629,-0.0048284703,-0.0047271904
Gm21450,-0.004895806,-0.005144834,-0.004948629,-0.0048284703,-0.0047271904
Gm28889,-0.004895806,-0.005144834,-0.004948629,-0.0048284703,-0.0047271904
Gm28890,-0.004895806,-0.005144834,-0.004948629,-0.0048284703,-0.0047271904
Gm28891,-0.004895806,-0.005144834,-0.004948629,-0.0048284703,-0.0047271904
Gm28691,-0.004895806,-0.005144834,-0.004948629,-0.0048284703,-0.0047271904
Gm28692,-0.004895806,-0.005144834,-0.004948629,-0.0048284703,-0.0047271904
Gm28690,-0.004895806,-0.005144834,-0.004948629,-0.0048284703,-0.0047271904
Gm28689,-0.004895806,-0.005144834,-0.004948629,-0.0048284703,-0.0047271904
Gm28687,-0.004895806,-0.005144834,-0.004948629,-0.0048284703,-0.0047271904
Gm20987,-0.004895806,-0.005144834,-0.004948629,-0.0048284703,-0.0047271904
1700040F15Rik,-0.004895806,-0.005144834,-0.004948629,-0.0048284703,-0.0047271904
Gm29207,-0.004895806,-0.005144834,-0.004948629,-0.0048284703,-0.0047271904
Gm29204,-0.004895806,-0.005144834,-0.004948629,-0.0048284703,-0.0047271904
Gm29206,-0.004895806,-0.005144834,-0.004948629,-0.0048284703,-0.0047271904
Gm29203,-0.004895806,-0.005144834,-0.004948629,-0.0048284703,-0.0047271904
Gm21497,-0.004895806,-0.005144834,-0.004948629,-0.0048284703,-0.0047271904
Gm29612,-0.004895806,-0.005144834,-0.004948629,-0.0048284703,-0.0047271904
Gm29343,-0.004895806,-0.005144834,-0.004948629,-0.0048284703,-0.0047271904
Gm29342,-0.004895806,-0.005144834,-0.004948629,-0.0048284703,-0.0047271904
Gm28600,-0.004895806,-0.005144834,-0.004948629,-0.0048284703,-0.0047271904
Gm21518,-0.004895806,-0.005144834,-0.004948629,-0.0048284703,-0.0047271904
Gm20823,-0.004895806,-0.005144834,-0.004948629,-0.0048284703,-0.0047271904
Gm29547,-0.004895806,-0.005144834,-0.004948629,-0.0048284703,-0.0047271904
Gm29209,-0.004895806,-0.005144834,-0.004948629,-0.0048284703,-0.0047271904
Gm29549,-0.004895806,-0.005144834,-0.004948629,-0.0048284703,-0.0047271904
Gm29421,-0.004895806,-0.005144834,-0.004948629,-0.0048284703,-0.0047271904
Gm21627,-0.004895806,-0.005144834,-0.004948629,-0.0048284703,-0.0047271904
Gm29060,-0.004895806,-0.005144834,-0.004948629,-0.0048284703,-0.0047271904
Gm29061,-0.004895806,-0.005144834,-0.004948629,-0.0048284703,-0.0047271904
Gm29625,-0.004895806,-0.005144834,-0.004948629,-0.0048284703,-0.0047271904
Gm29628,-0.004895806,-0.005144834,-0.004948629,-0.0048284703,-0.0047271904
Gm29622,-0.004895806,-0.005144834,-0.004948629,-0.0048284703,-0.0047271904
Gm29265,-0.004895806,-0.005144834,-0.004948629,-0.0048284703,-0.0047271904
Gm20908,-0.004895806,-0.005144834,-0.004948629,-0.0048284703,-0.0047271904
Gm28252,-0.004895806,-0.005144834,-0.004948629,-0.0048284703,-0.0047271904
Gm28254,-0.004895806,-0.005144834,-0.004948629,-0.0048284703,-0.0047271904
Gm20924,-0.004895806,-0.005144834,-0.004948629,-0.0048284703,-0.0047271904
Gm29457,-0.004895806,-0.005144834,-0.004948629,-0.0048284703,-0.0047271904
Gm20736,-0.004895806,-0.005144834,-0.004948629,-0.0048284703,-0.0047271904
Gm28561,-0.004895806,-0.005144834,-0.004948629,-0.0048284703,-0.0047271904
Gm29584,-0.004895806,-0.005144834,-0.004948629,-0.0048284703,-0.0047271904
Gm28134,-0.004895806,-0.005144834,-0.004948629,-0.0048284703,-0.0047271904
Gm28135,-0.004895806,-0.005144834,-0.004948629,-0.0048284703,-0.0047271904
Gm28133,-0.004895806,-0.005144834,-0.004948629,-0.0048284703,-0.0047271904
Gm28137,-0.004895806,-0.005144834,-0.004948629,-0.0048284703,-0.0047271904
Gm28138,-0.004895806,-0.005144834,-0.004948629,-0.0048284703,-0.0047271904
Gm29379,-0.004895806,-0.005144834,-0.004948629,-0.0048284703,-0.0047271904
Gm29380,-0.004895806,-0.005144834,-0.004948629,-0.0048284703,-0.0047271904
Gm29381,-0.004895806,-0.005144834,-0.004948629,-0.0048284703,-0.0047271904
Gm20852,-0.004895806,-0.005144834,-0.004948629,-0.0048284703,-0.0047271904
Gm29003,-0.004895806,-0.005144834,-0.004948629,-0.0048284703,-0.0047271904
Ssty2,-0.004895806,-0.005144834,-0.004948629,-0.0048284703,-0.0047271904
Gm28612,-0.004895806,-0.005144834,-0.004948629,-0.0048284703,-0.0047271904
Gm28613,-0.004895806,-0.005144834,-0.004948629,-0.0048284703,-0.0047271904
Gm29219,-0.004895806,-0.005144834,-0.004948629,-0.0048284703,-0.0047271904
Gm29632,-0.004895806,-0.005144834,-0.004948629,-0.0048284703,-0.0047271904
Gm29082,-0.004895806,-0.005144834,-0.004948629,-0.0048284703,-0.0047271904
Gm29217,-0.004895806,-0.005144834,-0.004948629,-0.0048284703,-0.0047271904
Gm29636,-0.004895806,-0.005144834,-0.004948629,-0.0048284703,-0.0047271904
Gm29662,-0.004895806,-0.005144834,-0.004948629,-0.0048284703,-0.0047271904
Gm29660,-0.004895806,-0.005144834,-0.004948629,-0.0048284703,-0.0047271904
Gm20937,-0.004895806,-0.005144834,-0.004948629,-0.0048284703,-0.0047271904
Gm29450,-0.004895806,-0.005144834,-0.004948629,-0.0048284703,-0.0047271904
Gm29449,-0.004895806,-0.005144834,-0.004948629,-0.0048284703,-0.0047271904
Gm20816,-0.004895806,-0.005144834,-0.004948629,-0.0048284703,-0.0047271904
Gm29446,-0.004895806,-0.005144834,-0.004948629,-0.0048284703,-0.0047271904
Gm20817,-0.004895806,-0.005144834,-0.004948629,-0.0048284703,-0.0047271904
Gm28633,-0.004895806,-0.005144834,-0.004948629,-0.0048284703,-0.0047271904
Gm28462,-0.004895806,-0.005144834,-0.004948629,-0.0048284703,-0.0047271904
Gm29409,-0.004895806,-0.005144834,-0.004948629,-0.0048284703,-0.0047271904
Gm28632,-0.004895806,-0.005144834,-0.004948629,-0.0048284703,-0.0047271904
Gm33815,-0.004895806,-0.005144834,-0.004948629,-0.0048284703,-0.0047271904
Gm28824,-0.004895806,-0.005144834,-0.004948629,-0.0048284703,-0.0047271904
Gm28081,-0.004895806,-0.005144834,-0.004948629,-0.0048284703,-0.0047271904
Gm28079,-0.004895806,-0.005144834,-0.004948629,-0.0048284703,-0.0047271904
Gm28082,-0.004895806,-0.005144834,-0.004948629,-0.0048284703,-0.0047271904
Gm29644,-0.004895806,-0.005144834,-0.004948629,-0.0048284703,-0.0047271904
Gm21118,-0.004895806,-0.005144834,-0.004948629,-0.0048284703,-0.0047271904
Gm29423,-0.004895806,-0.005144834,-0.004948629,-0.0048284703,-0.0047271904
Gm29425,-0.004895806,-0.005144834,-0.004948629,-0.0048284703,-0.0047271904
Gm20888,-0.004895806,-0.005144834,-0.004948629,-0.0048284703,-0.0047271904
Gm28238,-0.004895806,-0.005144834,-0.004948629,-0.0048284703,-0.0047271904
Gm28431,-0.004895806,-0.005144834,-0.004948629,-0.0048284703,-0.0047271904
Gm28432,-0.004895806,-0.005144834,-0.004948629,-0.0048284703,-0.0047271904
Gm28842,-0.004895806,-0.005144834,-0.004948629,-0.0048284703,-0.0047271904
Gm28839,-0.004895806,-0.005144834,-0.004948629,-0.0048284703,-0.0047271904
Gm28668,-0.004895806,-0.005144834,-0.004948629,-0.0048284703,-0.0047271904
Gm20869,-0.004895806,-0.005144834,-0.004948629,-0.0048284703,-0.0047271904
Gm28482,-0.004895806,-0.005144834,-0.004948629,-0.0048284703,-0.0047271904
Gm28485,-0.004895806,-0.005144834,-0.004948629,-0.0048284703,-0.0047271904
Gm20870,-0.004895806,-0.005144834,-0.004948629,-0.0048284703,-0.0047271904
Gm20843,-0.004895806,-0.005144834,-0.004948629,-0.0048284703,-0.0047271904
Gm29182,-0.004895806,-0.005144834,-0.004948629,-0.0048284703,-0.0047271904
Gm29255,-0.004895806,-0.005144834,-0.004948629,-0.0048284703,-0.0047271904
Gm20903,-0.004895806,-0.005144834,-0.004948629,-0.0048284703,-0.0047271904
Gm28259,-0.004895806,-0.005144834,-0.004948629,-0.0048284703,-0.0047271904
Gm29616,-0.004895806,-0.005144834,-0.004948629,-0.0048284703,-0.0047271904
Gm29108,-0.004895806,-0.005144834,-0.004948629,-0.0048284703,-0.0047271904
Gm29110,-0.004895806,-0.005144834,-0.004948629,-0.0048284703,-0.0047271904
Gm21913,-0.004895806,-0.005144834,-0.004948629,-0.0048284703,-0.0047271904
Gm28174,-0.004895806,-0.005144834,-0.004948629,-0.0048284703,-0.0047271904
Gm29416,-0.004895806,-0.005144834,-0.004948629,-0.0048284703,-0.0047271904
Gm28789,-0.004895806,-0.005144834,-0.004948629,-0.0048284703,-0.0047271904
Gm20814,-0.004895806,-0.005144834,-0.004948629,-0.0048284703,-0.0047271904
Gm29278,-0.004895806,-0.005144834,-0.004948629,-0.0048284703,-0.0047271904
Gm28606,-0.004895806,-0.005144834,-0.004948629,-0.0048284703,-0.0047271904
Gm20850,-0.004895806,-0.005144834,-0.004948629,-0.0048284703,-0.0047271904
Gm21776,-0.004895806,-0.005144834,-0.004948629,-0.0048284703,-0.0047271904
Gm21173,-0.004895806,-0.005144834,-0.004948629,-0.0048284703,-0.0047271904
Gm29313,-0.004895806,-0.005144834,-0.004948629,-0.0048284703,-0.0047271904
Gm29311,-0.004895806,-0.005144834,-0.004948629,-0.0048284703,-0.0047271904
Gm29309,-0.004895806,-0.005144834,-0.004948629,-0.0048284703,-0.0047271904
Gm28702,-0.004895806,-0.005144834,-0.004948629,-0.0048284703,-0.0047271904
Gm28701,-0.004895806,-0.005144834,-0.004948629,-0.0048284703,-0.0047271904
Gm28704,-0.004895806,-0.005144834,-0.004948629,-0.0048284703,-0.0047271904
Gm28540,-0.004895806,-0.005144834,-0.004948629,-0.0048284703,-0.0047271904
Gm21650,-0.004895806,-0.005144834,-0.004948629,-0.0048284703,-0.0047271904
Gm28541,-0.004895806,-0.005144834,-0.004948629,-0.0048284703,-0.0047271904
Gm28538,-0.004895806,-0.005144834,-0.004948629,-0.0048284703,-0.0047271904
Gm29569,-0.004895806,-0.005144834,-0.004948629,-0.0048284703,-0.0047271904
Gm20867,-0.004895806,-0.005144834,-0.004948629,-0.0048284703,-0.0047271904
Gm29568,-0.004895806,-0.005144834,-0.004948629,-0.0048284703,-0.0047271904
Gm29566,-0.004895806,-0.005144834,-0.004948629,-0.0048284703,-0.0047271904
Gm29565,-0.004895806,-0.005144834,-0.004948629,-0.0048284703,-0.0047271904
Gm29564,-0.004895806,-0.005144834,-0.004948629,-0.0048284703,-0.0047271904
Gm29146,-0.004895806,-0.005144834,-0.004948629,-0.0048284703,-0.0047271904
Gm28664,-0.004895806,-0.005144834,-0.004948629,-0.0048284703,-0.0047271904
Gm28663,-0.004895806,-0.005144834,-0.004948629,-0.0048284703,-0.0047271904
Gm28817,-0.004895806,-0.005144834,-0.004948629,-0.0048284703,-0.0047271904
Gm28816,-0.004895806,-0.005144834,-0.004948629,-0.0048284703,-0.0047271904
Gm20806,-0.004895806,-0.005144834,-0.004948629,-0.0048284703,-0.0047271904
Gm28813,-0.004895806,-0.005144834,-0.004948629,-0.0048284703,-0.0047271904
Gm20917,-0.004895806,-0.005144834,-0.004948629,-0.0048284703,-0.0047271904
Gm28421,-0.004895806,-0.005144834,-0.004948629,-0.0048284703,-0.0047271904
Gm28422,-0.004895806,-0.005144834,-0.004948629,-0.0048284703,-0.0047271904
Gm20916,-0.004895806,-0.005144834,-0.004948629,-0.0048284703,-0.0047271904
Gm29606,-0.004895806,-0.005144834,-0.004948629,-0.0048284703,-0.0047271904
Gm29190,-0.004895806,-0.005144834,-0.004948629,-0.0048284703,-0.0047271904
Gm21760,-0.004895806,-0.005144834,-0.004948629,-0.0048284703,-0.0047271904
Gm28157,-0.004895806,-0.005144834,-0.004948629,-0.0048284703,-0.0047271904
Gm28696,-0.004895806,-0.005144834,-0.004948629,-0.0048284703,-0.0047271904
Gm28898,-0.004895806,-0.005144834,-0.004948629,-0.0048284703,-0.0047271904
Gm28897,-0.004895806,-0.005144834,-0.004948629,-0.0048284703,-0.0047271904
Gm29324,-0.004895806,-0.005144834,-0.004948629,-0.0048284703,-0.0047271904
Gm20911,-0.004895806,-0.005144834,-0.004948629,-0.0048284703,-0.0047271904
Gm28741,-0.004895806,-0.005144834,-0.004948629,-0.0048284703,-0.0047271904
Gm28743,-0.004895806,-0.005144834,-0.004948629,-0.0048284703,-0.0047271904
Gm28124,-0.004895806,-0.005144834,-0.004948629,-0.0048284703,-0.0047271904
Gm28126,-0.004895806,-0.005144834,-0.004948629,-0.0048284703,-0.0047271904
Gm21317,-0.004895806,-0.005144834,-0.004948629,-0.0048284703,-0.0047271904
Gm29472,-0.004895806,-0.005144834,-0.004948629,-0.0048284703,-0.0047271904
Gm29473,-0.004895806,-0.005144834,-0.004948629,-0.0048284703,-0.0047271904
Gm28226,-0.004895806,-0.005144834,-0.004948629,-0.0048284703,-0.0047271904
Gm28225,-0.004895806,-0.005144834,-0.004948629,-0.0048284703,-0.0047271904
Gm28827,-0.004895806,-0.005144834,-0.004948629,-0.0048284703,-0.0047271904
Gm28832,-0.004895806,-0.005144834,-0.004948629,-0.0048284703,-0.0047271904
Gm28472,-0.004895806,-0.005144834,-0.004948629,-0.0048284703,-0.0047271904
Gm21095,-0.004895806,-0.005144834,-0.004948629,-0.0048284703,-0.0047271904
Gm28475,-0.004895806,-0.005144834,-0.004948629,-0.0048284703,-0.0047271904
Gm21394,-0.004895806,-0.005144834,-0.004948629,-0.0048284703,-0.0047271904
Gm29338,-0.004895806,-0.005144834,-0.004948629,-0.0048284703,-0.0047271904
Gm21409,-0.004895806,-0.005144834,-0.004948629,-0.0048284703,-0.0047271904
Gm28758,-0.004895806,-0.005144834,-0.004948629,-0.0048284703,-0.0047271904
Gm29071,-0.004895806,-0.005144834,-0.004948629,-0.0048284703,-0.0047271904
Gm28348,-0.004895806,-0.005144834,-0.004948629,-0.0048284703,-0.0047271904
Gm28972,-0.004895806,-0.005144834,-0.004948629,-0.0048284703,-0.0047271904
Gm28970,-0.004895806,-0.005144834,-0.004948629,-0.0048284703,-0.0047271904
Gm28971,-0.004895806,-0.005144834,-0.004948629,-0.0048284703,-0.0047271904
Gm20854,-0.004895806,-0.005144834,-0.004948629,-0.0048284703,-0.0047271904
Gm28346,-0.004895806,-0.005144834,-0.004948629,-0.0048284703,-0.0047271904
Gm28345,-0.004895806,-0.005144834,-0.004948629,-0.0048284703,-0.0047271904
Gm29090,-0.004895806,-0.005144834,-0.004948629,-0.0048284703,-0.0047271904
Gm28152,-0.004895806,-0.005144834,-0.004948629,-0.0048284703,-0.0047271904
Gm28823,-0.004895806,-0.005144834,-0.004948629,-0.0048284703,-0.0047271904
Gm28220,-0.004895806,-0.005144834,-0.004948629,-0.0048284703,-0.0047271904
Gm20820,-0.004895806,-0.005144834,-0.004948629,-0.0048284703,-0.0047271904
Gm28218,-0.004895806,-0.005144834,-0.004948629,-0.0048284703,-0.0047271904
Gm29302,-0.004895806,-0.005144834,-0.004948629,-0.0048284703,-0.0047271904
Gm28440,-0.004895806,-0.005144834,-0.004948629,-0.0048284703,-0.0047271904
Gm29091,-0.004895806,-0.005144834,-0.004948629,-0.0048284703,-0.0047271904
Gm29297,-0.004895806,-0.005144834,-0.004948629,-0.0048284703,-0.0047271904
Gm28365,-0.004895806,-0.005144834,-0.004948629,-0.0048284703,-0.0047271904
Gm21477,-0.004895806,-0.005144834,-0.004948629,-0.0048284703,-0.0047271904
Gm28367,-0.004895806,-0.005144834,-0.004948629,-0.0048284703,-0.0047271904
Gm20906,-0.004895806,-0.005144834,-0.004948629,-0.0048284703,-0.0047271904
Gm28109,-0.004895806,-0.005144834,-0.004948629,-0.0048284703,-0.0047271904
Gm28108,-0.004895806,-0.005144834,-0.004948629,-0.0048284703,-0.0047271904
Gm28104,-0.004895806,-0.005144834,-0.004948629,-0.0048284703,-0.0047271904
Gm28103,-0.004895806,-0.005144834,-0.004948629,-0.0048284703,-0.0047271904
Gm28102,-0.004895806,-0.005144834,-0.004948629,-0.0048284703,-0.0047271904
Gm28718,-0.004895806,-0.005144834,-0.004948629,-0.0048284703,-0.0047271904
Gm29162,-0.004895806,-0.005144834,-0.004948629,-0.0048284703,-0.0047271904
Gm28866,-0.004895806,-0.005144834,-0.004948629,-0.0048284703,-0.0047271904
Gm28405,-0.004895806,-0.005144834,-0.004948629,-0.0048284703,-0.0047271904
Gm28406,-0.004895806,-0.005144834,-0.004948629,-0.0048284703,-0.0047271904
Gm29436,-0.004895806,-0.005144834,-0.004948629,-0.0048284703,-0.0047271904
Gm28977,-0.004895806,-0.005144834,-0.004948629,-0.0048284703,-0.0047271904
Gm28407,-0.004895806,-0.005144834,-0.004948629,-0.0048284703,-0.0047271904
Gm29392,-0.004895806,-0.005144834,-0.004948629,-0.0048284703,-0.0047271904
Gm29393,-0.004895806,-0.005144834,-0.004948629,-0.0048284703,-0.0047271904
Gm21294,-0.004895806,-0.005144834,-0.004948629,-0.0048284703,-0.0047271904
Gm28672,-0.004895806,-0.005144834,-0.004948629,-0.0048284703,-0.0047271904
Gm28670,-0.004895806,-0.005144834,-0.004948629,-0.0048284703,-0.0047271904
Gm28673,-0.004895806,-0.005144834,-0.004948629,-0.0048284703,-0.0047271904
Gm28674,-0.004895806,-0.005144834,-0.004948629,-0.0048284703,-0.0047271904
Gm21996,-0.004895806,-0.005144834,-0.004948629,-0.0048284703,-0.0047271904
Gm28930,-0.004895806,-0.005144834,-0.004948629,-0.0048284703,-0.0047271904
Gm29504,-0.004895806,-0.005144834,-0.004948629,-0.0048284703,-0.0047271904
Gm20837,-0.004895806,-0.005144834,-0.004948629,-0.0048284703,-0.0047271904
Gm28300,-0.004895806,-0.005144834,-0.004948629,-0.0048284703,-0.0047271904
Gm28301,-0.004895806,-0.005144834,-0.004948629,-0.0048284703,-0.0047271904
Gm21860,-0.004895806,-0.005144834,-0.004948629,-0.0048284703,-0.0047271904
Gm21748,-0.004895806,-0.005144834,-0.004948629,-0.0048284703,-0.0047271904
Vmn1r238,-0.004895806,-0.005144834,-0.004948629,-0.0048284703,-0.0047271904
G430049J08Rik,-0.004895806,-0.005144834,-0.004948629,-0.0048284703,-0.0047271904
Gm26865,-0.004895806,-0.005144834,-0.004948629,-0.0048284703,-0.0047271904
Gm10556,-0.004895806,-0.005144834,-0.004948629,-0.0048284703,-0.0047271904
Gm17036,-0.004895806,-0.005144834,-0.004948629,-0.0048284703,-0.0047271904
4921524L21Rik,-0.004895806,-0.005144834,-0.004948629,-0.0048284703,-0.0047271904
Armc4,0.02331634,0.025798332,0.021610057,-0.0048284703,-0.0047271904
Gjd4,-0.004895806,-0.005144834,-0.004948629,-0.0048284703,-0.0047271904
Cetn1,-0.004895806,-0.005144834,-0.004948629,-0.0048284703,-0.0047271904
Gata6,0.03484312,0.022948692,0.03241001,0.025896069,0.02859689
Lama3,0.038945418,0.02205449,0.028769074,0.02610561,0.027984751
Gm29200,-0.004895806,-0.005144834,-0.004948629,-0.0048284703,-0.0047271904
Hrh4,-0.004895806,-0.005144834,-0.004948629,-0.0048284703,-0.0047271904
Psma8,-0.004895806,-0.005144834,-0.004948629,-0.0048284703,-0.0047271904
Gm15485,-0.004895806,-0.005144834,-0.004948629,-0.0048284703,-0.0047271904
Gm15328,-0.004895806,-0.005144834,-0.004948629,-0.0048284703,-0.0047271904
1700001G01Rik,-0.004895806,-0.005144834,-0.004948629,-0.0048284703,-0.0047271904
Dsc1,-0.004895806,-0.005144834,-0.004948629,-0.0048284703,-0.0047271904
Dsg1c,-0.004895806,-0.005144834,-0.004948629,-0.0048284703,-0.0047271904
Dsg1b,-0.004895806,-0.005144834,-0.004948629,-0.0048284703,-0.0047271904
Dsg4,-0.004895806,-0.005144834,-0.004948629,-0.0048284703,-0.0047271904
Gm16090,-0.004895806,-0.005144834,-0.004948629,-0.0048284703,-0.0047271904
Mep1b,-0.004895806,-0.005144834,-0.004948629,-0.0048284703,-0.0047271904
Klhl14,-0.004895806,-0.005144834,-0.004948629,-0.0048284703,-0.0047271904
4930426D05Rik,-0.004895806,-0.005144834,-0.004948629,-0.0048284703,-0.0047271904
Ccdc178,-0.004895806,-0.005144834,-0.004948629,-0.0048284703,-0.0047271904
Nol4,-0.004895806,-0.005144834,-0.004948629,-0.0048284703,-0.0047271904
Rit2,-0.004895806,-0.005144834,-0.004948629,-0.0048284703,-0.0047271904
Gm26658,-0.004895806,-0.005144834,-0.004948629,-0.0048284703,-0.0047271904
Gm6665,-0.004895806,-0.005144834,-0.004948629,-0.0048284703,-0.0047271904
Lims2,0.03080252,0.019753417,0.025068156,0.021692734,-0.0047271904
Gm16344,-0.004895806,-0.005144834,-0.004948629,-0.0048284703,-0.0047271904
2310026I22Rik,-0.004895806,-0.005144834,-0.004948629,-0.0048284703,-0.0047271904
Nrep,0.037781373,0.029413054,0.036831643,0.02242604,0.023738427
Wnt8a,-0.004895806,-0.005144834,-0.004948629,-0.0048284703,-0.0047271904
Nme5,0.025791833,0.041440196,0.02404707,0.029204432,0.030369403
Psd2,-0.004895806,-0.005144834,-0.004948629,-0.0048284703,-0.0047271904
Cd14,0.02601292,0.024910409,0.032446325,0.04163252,0.041223485
Pcdha1,-0.004895806,-0.005144834,-0.004948629,-0.0048284703,-0.0047271904
Gm37751,-0.004895806,-0.005144834,-0.004948629,-0.0048284703,-0.0047271904
Pcdha2,-0.004895806,-0.005144834,-0.004948629,-0.0048284703,-0.0047271904
Pcdha3,-0.004895806,-0.005144834,-0.004948629,-0.0048284703,-0.0047271904
Pcdha4,-0.004895806,-0.005144834,-0.004948629,-0.0048284703,-0.0047271904
Gm38225,-0.004895806,-0.005144834,-0.004948629,-0.0048284703,-0.0047271904
Gm42416,-0.004895806,-0.005144834,-0.004948629,-0.0048284703,-0.0047271904
Pcdha5,-0.004895806,-0.005144834,-0.004948629,-0.0048284703,-0.0047271904
Gm37753,-0.004895806,-0.005144834,-0.004948629,-0.0048284703,-0.0047271904
Pcdha6,-0.004895806,-0.005144834,-0.004948629,-0.0048284703,-0.0047271904
Gm37013,-0.004895806,-0.005144834,-0.004948629,-0.0048284703,-0.0047271904
Pcdha7,-0.004895806,-0.005144834,-0.004948629,-0.0048284703,-0.0047271904
Gm37388,-0.004895806,-0.005144834,-0.004948629,-0.0048284703,-0.0047271904
Pcdha8,-0.004895806,-0.005144834,-0.004948629,-0.0048284703,-0.0047271904
Pcdha9,-0.004895806,-0.005144834,-0.004948629,-0.0048284703,-0.0047271904
Pcdha11,-0.004895806,-0.005144834,-0.004948629,-0.0048284703,-0.0047271904
Gm10545,-0.004895806,-0.005144834,-0.004948629,-0.0048284703,-0.0047271904
Pcdhac1,-0.004895806,-0.005144834,-0.004948629,-0.0048284703,-0.0047271904
Pcdhb2,-0.004895806,-0.005144834,-0.004948629,-0.0048284703,-0.0047271904
Pcdhb3,-0.004895806,-0.005144834,-0.004948629,-0.0048284703,-0.0047271904
Pcdhb4,-0.004895806,-0.005144834,-0.004948629,-0.0048284703,-0.0047271904
Pcdhb6,-0.004895806,-0.005144834,-0.004948629,-0.0048284703,-0.0047271904
Pcdhb8,-0.004895806,-0.005144834,-0.004948629,-0.0048284703,-0.0047271904
Pcdhb10,-0.004895806,-0.005144834,-0.004948629,-0.0048284703,-0.0047271904
Pcdhb11,-0.004895806,-0.005144834,-0.004948629,-0.0048284703,-0.0047271904
Gm37446,-0.004895806,-0.005144834,-0.004948629,-0.0048284703,-0.0047271904
Pcdhb13,-0.004895806,-0.005144834,-0.004948629,-0.0048284703,-0.0047271904
Pcdhb18,-0.004895806,-0.005144834,-0.004948629,-0.0048284703,-0.0047271904
4930517L18Rik,-0.004895806,-0.005144834,-0.004948629,-0.0048284703,-0.0047271904
Slc25a2,-0.004895806,-0.005144834,-0.004948629,-0.0048284703,-0.0047271904
Gm37118,-0.004895806,-0.005144834,-0.004948629,-0.0048284703,-0.0047271904
Ndfip1,0.03877249,0.030905008,0.03639238,0.034787808,0.03511578
Gm15336,-0.004895806,-0.005144834,-0.004948629,-0.0048284703,-0.0047271904
Kctd16,-0.004895806,-0.005144834,-0.004948629,-0.0048284703,-0.0047271904
Grxcr2,-0.004895806,-0.005144834,-0.004948629,-0.0048284703,-0.0047271904
Plac8l1,-0.004895806,-0.005144834,-0.004948629,-0.0048284703,-0.0047271904
Pou4f3,-0.004895806,-0.005144834,-0.004948629,-0.0048284703,-0.0047271904
Gpr151,-0.004895806,-0.005144834,-0.004948629,-0.0048284703,-0.0047271904
4933407I08Rik,-0.004895806,-0.005144834,-0.004948629,-0.0048284703,-0.0047271904
Scgb3a2,0.032486293,0.0409328,0.03259247,0.06811038,0.06536052
Spink5,0.024943741,0.020255718,0.03673277,0.030665824,0.025589122
Spink14,-0.004895806,-0.005144834,-0.004948629,-0.0048284703,-0.0047271904
Spink6,-0.004895806,-0.005144834,-0.004948629,-0.0048284703,-0.0047271904
Spink12,-0.004895806,-0.005144834,-0.004948629,-0.0048284703,-0.0047271904
Gm10267,-0.004895806,-0.005144834,-0.004948629,-0.0048284703,-0.0047271904
Spinkl,-0.004895806,-0.005144834,-0.004948629,-0.0048284703,-0.0047271904
Spink11,-0.004895806,-0.005144834,-0.004948629,-0.0048284703,-0.0047271904
Gm10542,-0.004895806,-0.005144834,-0.004948629,-0.0048284703,-0.0047271904
Npy6r,-0.004895806,-0.005144834,-0.004948629,-0.0048284703,-0.0047271904
Myot,-0.004895806,-0.005144834,-0.004948629,-0.0048284703,-0.0047271904
Gm43425,-0.004895806,-0.005144834,-0.004948629,-0.0048284703,-0.0047271904
A330093E20Rik,-0.004895806,-0.005144834,-0.004948629,-0.0048284703,-0.0047271904
Ticam2,-0.004895806,-0.005144834,-0.004948629,-0.0048284703,-0.0047271904
Arl14epl,-0.004895806,-0.005144834,-0.004948629,-0.0048284703,-0.0047271904
1700044K03Rik,-0.004895806,-0.005144834,-0.004948629,-0.0048284703,-0.0047271904
1700065O20Rik,-0.004895806,-0.005144834,-0.004948629,-0.0048284703,-0.0047271904
Fam170a,-0.004895806,-0.005144834,-0.004948629,-0.0048284703,-0.0047271904
Ftmt,-0.004895806,-0.005144834,-0.004948629,-0.0048284703,-0.0047271904
Zfp474,-0.004895806,0.025457403,0.020642586,-0.0048284703,0.022929236
Gykl1,-0.004895806,-0.005144834,-0.004948629,-0.0048284703,-0.0047271904
Ppic,0.044526167,0.029936621,0.03983467,0.036255058,0.03939424
Gm15345,-0.004895806,-0.005144834,-0.004948629,-0.0048284703,-0.0047271904
Myoz3,-0.004895806,-0.005144834,-0.004948629,-0.0048284703,-0.0047271904
Rps14,0.04691381,0.047518313,0.048112378,0.054829746,0.06309688
Cd74,0.05001413,0.052108623,0.064392075,0.035108056,0.035462104
Slc6a7,-0.004895806,-0.005144834,-0.004948629,-0.0048284703,-0.0047271904
Cdx1,-0.004895806,-0.005144834,-0.004948629,-0.0048284703,-0.0047271904
Arhgef37,-0.004895806,-0.005144834,-0.004948629,-0.0048284703,-0.0047271904
Htr4,-0.004895806,-0.005144834,-0.004948629,-0.0048284703,-0.0047271904
Spink7,-0.004895806,-0.005144834,-0.004948629,-0.0048284703,-0.0047271904
Spink13,-0.004895806,-0.005144834,-0.004948629,-0.0048284703,-0.0047271904
Gm17732,-0.004895806,-0.005144834,-0.004948629,-0.0048284703,-0.0047271904
Gm26972,-0.004895806,-0.005144834,-0.004948629,-0.0048284703,-0.0047271904
St8sia3os,-0.004895806,-0.005144834,-0.004948629,-0.0048284703,-0.0047271904
Rax,-0.004895806,-0.005144834,-0.004948629,-0.0048284703,-0.0047271904
Raxos1,-0.004895806,-0.005144834,-0.004948629,-0.0048284703,-0.0047271904
Cplx4,-0.004895806,-0.005144834,-0.004948629,-0.0048284703,-0.0047271904
Mc4r,-0.004895806,-0.005144834,-0.004948629,-0.0048284703,-0.0047271904
Mc2r,-0.004895806,-0.005144834,-0.004948629,-0.0048284703,-0.0047271904
4930546C10Rik,-0.004895806,-0.005144834,-0.004948629,-0.0048284703,-0.0047271904
Rab27b,0.028020991,0.02042555,0.035110433,0.033573646,0.034694303
Dynap,-0.004895806,-0.005144834,-0.004948629,-0.0048284703,-0.0047271904
Dcc,-0.004895806,-0.005144834,-0.004948629,-0.0048284703,-0.0047271904
Mro,-0.004895806,-0.005144834,-0.004948629,-0.0048284703,-0.0047271904
D730045A05Rik,-0.004895806,-0.005144834,-0.004948629,-0.0048284703,-0.0047271904
Gm9925,-0.004895806,-0.005144834,-0.004948629,-0.0048284703,-0.0047271904
Cfap53,0.022772951,0.03304869,0.021790441,0.023937441,0.02454543
1700120E14Rik,-0.004895806,-0.005144834,-0.004948629,-0.0048284703,-0.0047271904
Rpl17,0.036092035,0.027606333,0.038638208,0.028883414,0.032860678
1700034B16Rik,-0.004895806,-0.005144834,-0.004948629,-0.0048284703,-0.0047271904
Skor2,-0.004895806,-0.005144834,-0.004948629,-0.0048284703,-0.0047271904
Gm7276,-0.004895806,-0.005144834,-0.004948629,-0.0048284703,-0.0047271904
St8sia5,-0.004895806,-0.005144834,-0.004948629,-0.0048284703,-0.0047271904
Loxhd1,-0.004895806,-0.005144834,-0.004948629,-0.0048284703,-0.0047271904
Siglec15,-0.004895806,-0.005144834,-0.004948629,-0.0048284703,-0.0047271904
Gm21886,-0.004895806,-0.005144834,-0.004948629,-0.0048284703,-0.0047271904
Gm26676,-0.004895806,-0.005144834,-0.004948629,-0.0048284703,-0.0047271904
4930594M17Rik,-0.004895806,-0.005144834,-0.004948629,-0.0048284703,-0.0047271904
Galr1,-0.004895806,-0.005144834,-0.004948629,-0.0048284703,-0.0047271904
2210420H20Rik,-0.004895806,-0.005144834,-0.004948629,-0.0048284703,-0.0047271904
1700095A13Rik,-0.004895806,-0.005144834,-0.004948629,-0.0048284703,-0.0047271904
Fam69c,-0.004895806,-0.005144834,-0.004948629,-0.0048284703,-0.0047271904
Cyb5a,0.037571073,0.045191444,0.038468197,0.05106698,0.047936004
Cbln2,-0.004895806,-0.005144834,-0.004948629,-0.0048284703,-0.0047271904
Gm5096,-0.004895806,-0.005144834,-0.004948629,-0.0048284703,-0.0047271904
Dok6,-0.004895806,-0.005144834,-0.004948629,-0.0048284703,-0.0047271904
1700030N03Rik,-0.004895806,-0.005144834,-0.004948629,-0.0048284703,-0.0047271904
Aldh3b1,0.029073112,0.043287195,0.026523331,0.035000503,0.02952724
Tbx10,-0.004895806,-0.005144834,-0.004948629,-0.0048284703,-0.0047271904
Gm16312,-0.004895806,-0.005144834,-0.004948629,-0.0048284703,-0.0047271904
Cabp2,-0.004895806,-0.005144834,-0.004948629,-0.0048284703,-0.0047271904
Gpr152,-0.004895806,-0.005144834,-0.004948629,-0.0048284703,-0.0047271904
Npas4,-0.004895806,-0.005144834,-0.004948629,-0.0048284703,-0.0047271904
Catsper1,-0.004895806,-0.005144834,-0.004948629,-0.0048284703,-0.0047271904
1700020D05Rik,-0.004895806,-0.005144834,-0.004948629,-0.0048284703,-0.0047271904
Fau,0.055968612,0.044485956,0.056078885,0.026710112,0.028371844
Gm28374,-0.004895806,-0.005144834,-0.004948629,-0.0048284703,-0.0047271904
Gm14964,0.02109195,0.024129337,-0.004948629,0.02242604,0.022302747
Gm14967,-0.004895806,-0.005144834,-0.004948629,-0.0048284703,-0.0047271904
Gm14968,-0.004895806,-0.005144834,-0.004948629,-0.0048284703,-0.0047271904
Plcb3,0.028610231,0.034698516,0.028341329,0.03011229,0.03076675
Gm17227,-0.004895806,-0.005144834,-0.004948629,-0.0048284703,-0.0047271904
Slc22a26,-0.004895806,-0.005144834,-0.004948629,-0.0048284703,-0.0047271904
Slc22a27,-0.004895806,-0.005144834,-0.004948629,-0.0048284703,-0.0047271904
Slc22a28,-0.004895806,-0.005144834,-0.004948629,-0.0048284703,-0.0047271904
Eef1g,0.033461392,0.029382778,0.036013644,0.04034507,0.046232462
Scgb1a1,0.04854867,0.06450167,0.048380535,0.07821505,0.05195906
Scgb2a2,-0.004895806,-0.005144834,-0.004948629,-0.0048284703,-0.0047271904
Fth1,0.05384418,0.07251583,0.05465367,0.061453152,0.061336454
Fads3,0.03505808,0.023162225,0.03034261,0.032166068,0.031968698
Gm26859,-0.004895806,-0.005144834,-0.004948629,-0.0048284703,-0.0047271904
Lrrc10b,0.023587886,0.026834926,0.020642586,0.02242604,0.02174337
Ppp1r32,-0.004895806,0.024723774,0.020642586,-0.0048284703,0.024798432
Pga5,-0.004895806,-0.005144834,-0.004948629,-0.0048284703,-0.0047271904
Cd6,-0.004895806,-0.005144834,-0.004948629,-0.0048284703,-0.0047271904
Zp1,-0.004895806,-0.005144834,-0.004948629,-0.0048284703,-0.0047271904
Ptgdr2,-0.004895806,-0.005144834,-0.004948629,-0.0048284703,-0.0047271904
Ms4a10,-0.004895806,-0.005144834,-0.004948629,-0.0048284703,-0.0047271904
Ms4a15,-0.004895806,-0.005144834,-0.004948629,-0.0048284703,-0.0047271904
Ms4a18,-0.004895806,-0.005144834,-0.004948629,-0.0048284703,-0.0047271904
Gm28347,-0.004895806,-0.005144834,-0.004948629,-0.0048284703,-0.0047271904
1700017D01Rik,-0.004895806,-0.005144834,-0.004948629,-0.0048284703,-0.0047271904
1700025F22Rik,-0.004895806,-0.005144834,-0.004948629,-0.0048284703,-0.0047271904
Ms4a13,-0.004895806,-0.005144834,-0.004948629,-0.0048284703,-0.0047271904
4930526L06Rik,-0.004895806,-0.005144834,-0.004948629,-0.0048284703,-0.0047271904
Ms4a12,-0.004895806,-0.005144834,-0.004948629,-0.0048284703,-0.0047271904
Ms4a1,-0.004895806,-0.005144834,-0.004948629,-0.0048284703,-0.0047271904
Ms4a5,-0.004895806,-0.005144834,-0.004948629,-0.0048284703,-0.0047271904
Gm28935,-0.004895806,-0.005144834,-0.004948629,-0.0048284703,-0.0047271904
Ms4a4a,-0.004895806,-0.005144834,-0.004948629,-0.0048284703,-0.0047271904
Ms4a4b,-0.004895806,-0.005144834,-0.004948629,-0.0048284703,-0.0047271904
Gm37387,-0.004895806,-0.005144834,-0.004948629,-0.0048284703,-0.0047271904
Gm8369,-0.004895806,-0.005144834,-0.004948629,-0.0048284703,-0.0047271904
Gm19261,-0.004895806,-0.005144834,-0.004948629,-0.0048284703,-0.0047271904
Ms4a2,-0.004895806,-0.005144834,-0.004948629,-0.0048284703,-0.0047271904
Ms4a3,-0.004895806,-0.005144834,-0.004948629,-0.0048284703,-0.0047271904
Oosp2,-0.004895806,-0.005144834,-0.004948629,-0.0048284703,-0.0047271904
Oosp3,-0.004895806,-0.005144834,-0.004948629,-0.0048284703,-0.0047271904
Olfr1417,-0.004895806,-0.005144834,-0.004948629,-0.0048284703,-0.0047271904
Olfr1418,-0.004895806,-0.005144834,-0.004948629,-0.0048284703,-0.0047271904
Olfr1419,-0.004895806,-0.005144834,-0.004948629,-0.0048284703,-0.0047271904
Olfr1420,-0.004895806,-0.005144834,-0.004948629,-0.0048284703,-0.0047271904
Olfr1423,-0.004895806,-0.005144834,-0.004948629,-0.0048284703,-0.0047271904
Olfr1424,-0.004895806,-0.005144834,-0.004948629,-0.0048284703,-0.0047271904
Olfr1425,-0.004895806,-0.005144834,-0.004948629,-0.0048284703,-0.0047271904
Olfr1426,-0.004895806,-0.005144834,-0.004948629,-0.0048284703,-0.0047271904
Olfr1427,-0.004895806,-0.005144834,-0.004948629,-0.0048284703,-0.0047271904
Olfr1428,-0.004895806,-0.005144834,-0.004948629,-0.0048284703,-0.0047271904
Olfr76,-0.004895806,-0.005144834,-0.004948629,-0.0048284703,-0.0047271904
Olfr1431,-0.004895806,-0.005144834,-0.004948629,-0.0048284703,-0.0047271904
Olfr262,-0.004895806,-0.005144834,-0.004948629,-0.0048284703,-0.0047271904
Olfr235,-0.004895806,-0.005144834,-0.004948629,-0.0048284703,-0.0047271904
Olfr1434,-0.004895806,-0.005144834,-0.004948629,-0.0048284703,-0.0047271904
Olfr1436,-0.004895806,-0.005144834,-0.004948629,-0.0048284703,-0.0047271904
Olfr1437,-0.004895806,-0.005144834,-0.004948629,-0.0048284703,-0.0047271904
Olfr1440,-0.004895806,-0.005144834,-0.004948629,-0.0048284703,-0.0047271904
Olfr1441,-0.004895806,-0.005144834,-0.004948629,-0.0048284703,-0.0047271904
Pfpl,-0.004895806,-0.005144834,-0.004948629,-0.0048284703,-0.0047271904
Olfr1442,-0.004895806,-0.005144834,-0.004948629,-0.0048284703,-0.0047271904
Olfr1443,-0.004895806,-0.005144834,-0.004948629,-0.0048284703,-0.0047271904
Keg1,-0.004895806,-0.005144834,-0.004948629,-0.0048284703,-0.0047271904
Gm15962,-0.004895806,-0.005144834,-0.004948629,-0.0048284703,-0.0047271904
Olfr1444,-0.004895806,-0.005144834,-0.004948629,-0.0048284703,-0.0047271904
Olfr1445,-0.004895806,-0.005144834,-0.004948629,-0.0048284703,-0.0047271904
Olfr1446,-0.004895806,-0.005144834,-0.004948629,-0.0048284703,-0.0047271904
Olfr1447,-0.004895806,-0.005144834,-0.004948629,-0.0048284703,-0.0047271904
Olfr1448,-0.004895806,-0.005144834,-0.004948629,-0.0048284703,-0.0047271904
Olfr1449,-0.004895806,-0.005144834,-0.004948629,-0.0048284703,-0.0047271904
Olfr1450,-0.004895806,-0.005144834,-0.004948629,-0.0048284703,-0.0047271904
Olfr1451,-0.004895806,-0.005144834,-0.004948629,-0.0048284703,-0.0047271904
Olfr1453,-0.004895806,-0.005144834,-0.004948629,-0.0048284703,-0.0047271904
Olfr1454,-0.004895806,-0.005144834,-0.004948629,-0.0048284703,-0.0047271904
Olfr1457,-0.004895806,-0.005144834,-0.004948629,-0.0048284703,-0.0047271904
Olfr1458,-0.004895806,-0.005144834,-0.004948629,-0.0048284703,-0.0047271904
Olfr1459,-0.004895806,-0.005144834,-0.004948629,-0.0048284703,-0.0047271904
Olfr1461,-0.004895806,-0.005144834,-0.004948629,-0.0048284703,-0.0047271904
Olfr1462,-0.004895806,-0.005144834,-0.004948629,-0.0048284703,-0.0047271904
Olfr1463,-0.004895806,-0.005144834,-0.004948629,-0.0048284703,-0.0047271904
Olfr1465,-0.004895806,-0.005144834,-0.004948629,-0.0048284703,-0.0047271904
Olfr1466,-0.004895806,-0.005144834,-0.004948629,-0.0048284703,-0.0047271904
Olfr1467,-0.004895806,-0.005144834,-0.004948629,-0.0048284703,-0.0047271904
Olfr1469,-0.004895806,-0.005144834,-0.004948629,-0.0048284703,-0.0047271904
Olfr1471,-0.004895806,-0.005144834,-0.004948629,-0.0048284703,-0.0047271904
Olfr1472,-0.004895806,-0.005144834,-0.004948629,-0.0048284703,-0.0047271904
Olfr1474,-0.004895806,-0.005144834,-0.004948629,-0.0048284703,-0.0047271904
Olfr1475,-0.004895806,-0.005144834,-0.004948629,-0.0048284703,-0.0047271904
Olfr1477,-0.004895806,-0.005144834,-0.004948629,-0.0048284703,-0.0047271904
Olfr1480,-0.004895806,-0.005144834,-0.004948629,-0.0048284703,-0.0047271904
Olfr1484,-0.004895806,-0.005144834,-0.004948629,-0.0048284703,-0.0047271904
Olfr1487,-0.004895806,-0.005144834,-0.004948629,-0.0048284703,-0.0047271904
Olfr1489,-0.004895806,-0.005144834,-0.004948629,-0.0048284703,-0.0047271904
Olfr1490,-0.004895806,-0.005144834,-0.004948629,-0.0048284703,-0.0047271904
Olfr1491,-0.004895806,-0.005144834,-0.004948629,-0.0048284703,-0.0047271904
Olfr1494,-0.004895806,-0.005144834,-0.004948629,-0.0048284703,-0.0047271904
Olfr1495,-0.004895806,-0.005144834,-0.004948629,-0.0048284703,-0.0047271904
Olfr1496,-0.004895806,-0.005144834,-0.004948629,-0.0048284703,-0.0047271904
Olfr1497,-0.004895806,-0.005144834,-0.004948629,-0.0048284703,-0.0047271904
Olfr1499,-0.004895806,-0.005144834,-0.004948629,-0.0048284703,-0.0047271904
Olfr1500,-0.004895806,-0.005144834,-0.004948629,-0.0048284703,-0.0047271904
Olfr1501,-0.004895806,-0.005144834,-0.004948629,-0.0048284703,-0.0047271904
Olfr1502,-0.004895806,-0.005144834,-0.004948629,-0.0048284703,-0.0047271904
Olfr1504,-0.004895806,-0.005144834,-0.004948629,-0.0048284703,-0.0047271904
Olfr1505,-0.004895806,-0.005144834,-0.004948629,-0.0048284703,-0.0047271904
Foxb2,-0.004895806,-0.005144834,-0.004948629,-0.0048284703,-0.0047271904
Anxa1,0.042802252,0.05189985,0.032964204,0.05904434,0.053129215
Aldh1a1,0.025828503,0.050206386,0.025922831,0.051599104,0.041155703
Gm3443,-0.004895806,-0.005144834,-0.004948629,-0.0048284703,-0.0047271904
Gm27151,-0.004895806,-0.005144834,-0.004948629,-0.0048284703,-0.0047271904
1700028P14Rik,0.025428947,0.02741699,-0.004948629,0.02242604,0.022302747
Fam189a2,0.033774827,0.022156557,0.028187122,0.02503294,0.023738427
1700021P04Rik,-0.004895806,-0.005144834,-0.004948629,-0.0048284703,-0.0047271904
Foxd4,-0.004895806,-0.005144834,-0.004948629,-0.0048284703,-0.0047271904
Gm815,-0.004895806,-0.005144834,-0.004948629,-0.0048284703,-0.0047271904
Kcnv2,-0.004895806,-0.005144834,-0.004948629,-0.0048284703,-0.0047271904
Gm28228,-0.004895806,-0.005144834,-0.004948629,-0.0048284703,-0.0047271904
D930032P07Rik,-0.004895806,-0.005144834,-0.004948629,-0.0048284703,-0.0047271904
Pdcd1lg2,-0.004895806,-0.005144834,-0.004948629,-0.0048284703,-0.0047271904
Il33,0.026224123,0.019938223,0.037031632,0.023281192,-0.0047271904
Trpd52l3,-0.004895806,-0.005144834,-0.004948629,-0.0048284703,-0.0047271904
Mbl2,-0.004895806,-0.005144834,-0.004948629,-0.0048284703,-0.0047271904
Dkk1,-0.004895806,-0.005144834,-0.004948629,-0.0048284703,-0.0047271904
A1cf,-0.004895806,-0.005144834,-0.004948629,-0.0048284703,-0.0047271904
Rpl9-ps6,0.048017412,0.040311303,0.049379822,0.023749411,0.025101569
Gm7237,-0.004895806,-0.005144834,-0.004948629,-0.0048284703,-0.0047271904
Lipo4,-0.004895806,-0.005144834,-0.004948629,-0.0048284703,-0.0047271904
Lipo2,-0.004895806,-0.005144834,-0.004948629,-0.0048284703,-0.0047271904
Gm5519,-0.004895806,-0.005144834,-0.004948629,-0.0048284703,-0.0047271904
Lipk,-0.004895806,-0.005144834,-0.004948629,-0.0048284703,-0.0047271904
Lipn,-0.004895806,-0.005144834,-0.004948629,-0.0048284703,-0.0047271904
Acta2,0.036909945,0.025675852,0.033422973,0.022992378,0.022189768
Gm5248,-0.004895806,-0.005144834,-0.004948629,-0.0048284703,-0.0047271904
A830019P07Rik,-0.004895806,-0.005144834,-0.004948629,-0.0048284703,-0.0047271904
Htr7,-0.004895806,-0.005144834,-0.004948629,-0.0048284703,-0.0047271904
A330032B11Rik,-0.004895806,-0.005144834,-0.004948629,-0.0048284703,-0.0047271904
Cyp26c1,-0.004895806,-0.005144834,-0.004948629,-0.0048284703,-0.0047271904
I830134H01Rik,-0.004895806,-0.005144834,-0.004948629,-0.0048284703,-0.0047271904
Ffar4,0.02288899,0.023530409,0.02275708,0.039779503,0.035772234
Pde6c,-0.004895806,-0.005144834,-0.004948629,-0.0048284703,-0.0047271904
Gm42723,-0.004895806,-0.005144834,-0.004948629,-0.0048284703,-0.0047271904
Gm28991,-0.004895806,-0.005144834,-0.004948629,-0.0048284703,-0.0047271904
Cyp2c55,-0.004895806,-0.005144834,-0.004948629,-0.0048284703,-0.0047271904
Cyp2c66,-0.004895806,-0.005144834,-0.004948629,-0.0048284703,-0.0047271904
Cyp2c29,-0.004895806,-0.005144834,-0.004948629,-0.0048284703,-0.0047271904
Cyp2c38,-0.004895806,-0.005144834,-0.004948629,-0.0048284703,-0.0047271904
Cyp2c39,-0.004895806,-0.005144834,-0.004948629,-0.0048284703,-0.0047271904
Cyp2c67,-0.004895806,-0.005144834,-0.004948629,-0.0048284703,-0.0047271904
Cyp2c68,-0.004895806,-0.005144834,-0.004948629,-0.0048284703,-0.0047271904
Cyp2c69,-0.004895806,-0.005144834,-0.004948629,-0.0048284703,-0.0047271904
Cyp2c37,-0.004895806,-0.005144834,-0.004948629,-0.0048284703,-0.0047271904
Cyp2c54,-0.004895806,-0.005144834,-0.004948629,-0.0048284703,-0.0047271904
Cyp2c50,-0.004895806,-0.005144834,-0.004948629,-0.0048284703,-0.0047271904
Cyp2c70,-0.004895806,-0.005144834,-0.004948629,-0.0048284703,-0.0047271904
Entpd1,0.02670504,0.020161895,0.03177078,-0.0048284703,-0.0047271904
Dntt,-0.004895806,-0.005144834,-0.004948629,-0.0048284703,-0.0047271904
Opalin,-0.004895806,-0.005144834,-0.004948629,-0.0048284703,-0.0047271904
Tll2,-0.004895806,-0.005144834,-0.004948629,-0.0048284703,-0.0047271904
Slit1,-0.004895806,-0.005144834,-0.004948629,-0.0048284703,-0.0047271904
Pgam1,0.03234174,0.02849963,0.031073716,0.0220564,0.022929236
Avpi1,0.030257951,0.034698516,0.034936666,0.041995574,0.04396142
Golga7b,-0.004895806,-0.005144834,-0.004948629,-0.0048284703,-0.0047271904
Gm16541,-0.004895806,-0.005144834,-0.004948629,-0.0048284703,-0.0047271904
Hpse2,-0.004895806,-0.005144834,-0.004948629,-0.0048284703,-0.0047271904
Cnnm1,-0.004895806,-0.005144834,-0.004948629,-0.0048284703,-0.0047271904
Nkx2-3,-0.004895806,-0.005144834,-0.004948629,-0.0048284703,-0.0047271904
Abcc2,-0.004895806,-0.005144834,-0.004948629,-0.0048284703,-0.0047271904
Pkd2l1,-0.004895806,-0.005144834,-0.004948629,-0.0048284703,-0.0047271904
Scd2,0.038545523,0.023639983,0.03881054,0.03453669,0.032266267
Scd1,0.02866741,0.021731066,0.04710509,0.02610561,0.023639698
Wnt8b,-0.004895806,-0.005144834,-0.004948629,-0.0048284703,-0.0047271904
Gm20538,-0.004895806,-0.005144834,-0.004948629,-0.0048284703,-0.0047271904
Gm26644,-0.004895806,-0.005144834,-0.004948629,-0.0048284703,-0.0047271904
Pax2,-0.004895806,-0.005144834,-0.004948629,-0.0048284703,-0.0047271904
Gm20395,-0.004895806,-0.005144834,-0.004948629,-0.0048284703,-0.0047271904
1700039E22Rik,-0.004895806,-0.005144834,-0.004948629,-0.0048284703,-0.0047271904
Tlx1,-0.004895806,-0.005144834,-0.004948629,-0.0048284703,-0.0047271904
Tlx1os,-0.004895806,-0.005144834,-0.004948629,-0.0048284703,-0.0047271904
Lbx1,-0.004895806,-0.005144834,-0.004948629,-0.0048284703,-0.0047271904
Gm29595,-0.004895806,-0.005144834,-0.004948629,-0.0048284703,-0.0047271904
Gm29593,-0.004895806,-0.005144834,-0.004948629,-0.0048284703,-0.0047271904
Gm29594,-0.004895806,-0.005144834,-0.004948629,-0.0048284703,-0.0047271904
Gm28578,-0.004895806,-0.005144834,-0.004948629,-0.0048284703,-0.0047271904
Elovl3,-0.004895806,-0.005144834,-0.004948629,-0.0048284703,-0.0047271904
Pitx3,-0.004895806,-0.005144834,-0.004948629,-0.0048284703,-0.0047271904
Gm26792,-0.004895806,-0.005144834,-0.004948629,-0.0048284703,-0.0047271904
Usmg5,0.037995122,0.03667428,0.036154427,0.03144031,0.031009868
Calhm1,-0.004895806,-0.005144834,-0.004948629,-0.0048284703,-0.0047271904
Calhm3,-0.004895806,-0.005144834,-0.004948629,-0.0048284703,-0.0047271904
Gm16068,-0.004895806,-0.005144834,-0.004948629,-0.0048284703,-0.0047271904
Cfap43,0.029579217,0.033242267,0.024351351,0.027899865,0.028232632
Gsto1,0.03044806,0.049541462,0.026753642,0.06583103,0.066290274
Gm26629,-0.004895806,-0.005144834,-0.004948629,-0.0048284703,-0.0047271904
Ins1,-0.004895806,-0.005144834,-0.004948629,-0.0048284703,-0.0047271904
Nrap,-0.004895806,-0.005144834,-0.004948629,-0.0048284703,-0.0047271904
Gm17197,-0.004895806,-0.005144834,-0.004948629,-0.0048284703,-0.0047271904
Gm26874,-0.004895806,-0.005144834,-0.004948629,-0.0048284703,-0.0047271904
Ccdc172,-0.004895806,-0.005144834,-0.004948629,-0.0048284703,-0.0047271904
1810007D17Rik,-0.004895806,-0.005144834,-0.004948629,-0.0048284703,-0.0047271904
Pnlip,-0.004895806,-0.005144834,-0.004948629,-0.0048284703,-0.0047271904
1700019N19Rik,-0.004895806,-0.005144834,-0.004948629,-0.0048284703,-0.0047271904
Eno4,0.021406421,0.026782952,-0.004948629,0.021295324,0.02454543
Vax1,-0.004895806,-0.005144834,-0.004948629,-0.0048284703,-0.0047271904
Kcnk18,-0.004895806,-0.005144834,-0.004948629,-0.0048284703,-0.0047271904
Gm29261,-0.004895806,-0.005144834,-0.004948629,-0.0048284703,-0.0047271904
Emx2os,-0.004895806,-0.005144834,-0.004948629,-0.0048284703,-0.0047271904
Emx2,-0.004895806,-0.005144834,-0.004948629,-0.0048284703,-0.0047271904
2700089I24Rik,-0.004895806,-0.005144834,-0.004948629,-0.0048284703,-0.0047271904
Gm17203,-0.004895806,-0.005144834,-0.004948629,-0.0048284703,-0.0047271904
E330013P04Rik,-0.004895806,-0.005144834,-0.004948629,-0.0048284703,-0.0047271904
Gm28351,-0.004895806,-0.005144834,-0.004948629,-0.0048284703,-0.0047271904
Prlhr,-0.004895806,-0.005144834,-0.004948629,-0.0048284703,-0.0047271904
Gm6020,-0.004895806,-0.005144834,-0.004948629,-0.0048284703,-0.0047271904
Gm21060,-0.004895806,-0.005144834,-0.004948629,-0.0048284703,-0.0047271904
mt-Nd1,0.048413236,0.04907133,0.048939265,0.041142106,0.045921832
mt-Nd2,0.043545596,0.04778316,0.047851115,0.03779327,0.04082231
mt-Co1,0.061754797,0.062789924,0.06530806,0.033808522,0.03669818
mt-Co2,0.056589976,0.054242805,0.058170434,0.02242604,-0.0047271904
mt-Atp8,0.05965595,0.05347344,0.058575276,-0.0048284703,-0.0047271904
mt-Atp6,0.04202904,0.043113913,0.046867922,-0.0048284703,0.023249283
mt-Co3,0.055388305,0.05397884,0.057414874,-0.0048284703,-0.0047271904
mt-Nd3,0.032162964,0.025578447,0.0352422,-0.0048284703,-0.0047271904
mt-Nd4l,0.05761441,0.056020636,0.05900078,-0.0048284703,-0.0047271904
mt-Nd4,0.039239,0.051695716,0.044943813,0.045705553,0.05142323
mt-Nd5,0.039120745,0.042943306,0.043310046,0.035216432,0.03753754
mt-Cytb,0.060132075,0.059681512,0.059449345,0.043572083,0.04831222
AC123873.3,-0.004895806,-0.005144834,-0.004948629,-0.0048284703,-0.0047271904
AC123873.1,-0.004895806,-0.005144834,-0.004948629,-0.0048284703,-0.0047271904
AC123873.2,-0.004895806,-0.005144834,-0.004948629,-0.0048284703,-0.0047271904
AC126035.1,-0.004895806,-0.005144834,-0.004948629,-0.0048284703,-0.0047271904
Gm16367,-0.004895806,-0.005144834,-0.004948629,-0.0048284703,-0.0047271904
AC163611.1,-0.004895806,-0.005144834,-0.004948629,-0.0048284703,-0.0047271904
AC163611.2,-0.004895806,-0.005144834,-0.004948629,-0.0048284703,-0.0047271904
AC140365.1,-0.004895806,-0.005144834,-0.004948629,-0.0048284703,-0.0047271904
AC124606.2,-0.004895806,-0.005144834,-0.004948629,-0.0048284703,-0.0047271904
AC124606.1,-0.004895806,-0.005144834,-0.004948629,-0.0048284703,-0.0047271904
AC133095.2,-0.004895806,-0.005144834,-0.004948629,-0.0048284703,-0.0047271904
AC133095.1,-0.004895806,-0.005144834,-0.004948629,-0.0048284703,-0.0047271904
CAAA01165726.1,-0.004895806,-0.005144834,-0.004948629,-0.0048284703,-0.0047271904
AC133103.4,-0.004895806,-0.005144834,-0.004948629,-0.0048284703,-0.0047271904
AC133103.6,-0.004895806,-0.005144834,-0.004948629,-0.0048284703,-0.0047271904
AC133103.7,-0.004895806,-0.005144834,-0.004948629,-0.0048284703,-0.0047271904
AC133103.5,-0.004895806,-0.005144834,-0.004948629,-0.0048284703,-0.0047271904
AC133103.3,-0.004895806,-0.005144834,-0.004948629,-0.0048284703,-0.0047271904
AC087559.3,-0.004895806,-0.005144834,-0.004948629,-0.0048284703,-0.0047271904
AC087559.2,-0.004895806,-0.005144834,-0.004948629,-0.0048284703,-0.0047271904
Ccl21c,-0.004895806,-0.005144834,-0.004948629,-0.0048284703,-0.0047271904
CR974586.3,-0.004895806,-0.005144834,-0.004948629,-0.0048284703,-0.0047271904
CR974586.4,-0.004895806,-0.005144834,-0.004948629,-0.0048284703,-0.0047271904
CR974586.6,-0.004895806,-0.005144834,-0.004948629,-0.0048284703,-0.0047271904
CR974586.2,-0.004895806,-0.005144834,-0.004948629,-0.0048284703,-0.0047271904
CR974586.1,-0.004895806,-0.005144834,-0.004948629,-0.0048284703,-0.0047271904
AC132444.1,-0.004895806,-0.005144834,-0.004948629,-0.0048284703,-0.0047271904
AC132444.3,-0.004895806,-0.005144834,-0.004948629,-0.0048284703,-0.0047271904
AC132444.5,-0.004895806,-0.005144834,-0.004948629,-0.0048284703,-0.0047271904
AC132444.4,-0.004895806,-0.005144834,-0.004948629,-0.0048284703,-0.0047271904
AC132444.2,-0.004895806,-0.005144834,-0.004948629,-0.0048284703,-0.0047271904
AC132444.6,-0.004895806,-0.005144834,-0.004948629,-0.0048284703,-0.0047271904
AC165294.1,-0.004895806,-0.005144834,-0.004948629,-0.0048284703,-0.0047271904
AC165294.2,-0.004895806,-0.005144834,-0.004948629,-0.0048284703,-0.0047271904
AC165294.3,-0.004895806,-0.005144834,-0.004948629,-0.0048284703,-0.0047271904
AC164084.2,-0.004895806,-0.005144834,-0.004948629,-0.0048284703,-0.0047271904
AC164084.3,-0.004895806,-0.005144834,-0.004948629,-0.0048284703,-0.0047271904
AC164084.1,-0.004895806,-0.005144834,-0.004948629,-0.0048284703,-0.0047271904
AC140325.2,-0.004895806,-0.005144834,-0.004948629,-0.0048284703,-0.0047271904
AC140325.1,-0.004895806,-0.005144834,-0.004948629,-0.0048284703,-0.0047271904
AC140325.3,-0.004895806,-0.005144834,-0.004948629,-0.0048284703,-0.0047271904
AC140325.4,-0.004895806,-0.005144834,-0.004948629,-0.0048284703,-0.0047271904
Gm10931,-0.004895806,-0.005144834,-0.004948629,-0.0048284703,-0.0047271904
CT868723.1,-0.004895806,-0.005144834,-0.004948629,-0.0048284703,-0.0047271904
AC125178.1,-0.004895806,-0.005144834,-0.004948629,-0.0048284703,-0.0047271904
AC125178.3,-0.004895806,-0.005144834,-0.004948629,-0.0048284703,-0.0047271904
AC125178.2,-0.004895806,-0.005144834,-0.004948629,-0.0048284703,-0.0047271904
Vmn1r186,-0.004895806,-0.005144834,-0.004948629,-0.0048284703,-0.0047271904
AC102264.1,-0.004895806,-0.005144834,-0.004948629,-0.0048284703,-0.0047271904
AC125149.3,-0.004895806,-0.005144834,-0.004948629,-0.0048284703,-0.0047271904
AC125149.5,-0.004895806,-0.005144834,-0.004948629,-0.0048284703,-0.0047271904
AC125149.1,-0.004895806,-0.005144834,-0.004948629,-0.0048284703,-0.0047271904
AC125149.2,-0.004895806,-0.005144834,-0.004948629,-0.0048284703,-0.0047271904
AC234645.1,-0.004895806,-0.005144834,-0.004948629,-0.0048284703,-0.0047271904
Vmn2r122,-0.004895806,-0.005144834,-0.004948629,-0.0048284703,-0.0047271904
